[2026-02-09 04:34:43] local.ERROR: SQLSTATE[HY000] [1049] Unknown database 'laravel-skill-test' (Connection: mysql, SQL: delete from `cache`) {"exception":"[object] (Illuminate\\Database\\QueryException(code: 1049): SQLSTATE[HY000] [1049] Unknown database 'laravel-skill-test' (Connection: mysql, SQL: delete from `cache`) at C:\\laragon\\www\\laravel-skill-test\\vendor\\laravel\\framework\\src\\Illuminate\\Database\\Connection.php:822)
[stacktrace]
#0 C:\\laragon\\www\\laravel-skill-test\\vendor\\laravel\\framework\\src\\Illuminate\\Database\\Connection.php(776): Illuminate\\Database\\Connection->runQueryCallback('delete from `ca...', Array, Object(Closure))
#1 C:\\laragon\\www\\laravel-skill-test\\vendor\\laravel\\framework\\src\\Illuminate\\Database\\Connection.php(581): Illuminate\\Database\\Connection->run('delete from `ca...', Array, Object(Closure))
#2 C:\\laragon\\www\\laravel-skill-test\\vendor\\laravel\\framework\\src\\Illuminate\\Database\\Connection.php(545): Illuminate\\Database\\Connection->affectingStatement('delete from `ca...', Array)
#3 C:\\laragon\\www\\laravel-skill-test\\vendor\\laravel\\framework\\src\\Illuminate\\Database\\Query\\Builder.php(4043): Illuminate\\Database\\Connection->delete('delete from `ca...', Array)
#4 C:\\laragon\\www\\laravel-skill-test\\vendor\\laravel\\framework\\src\\Illuminate\\Cache\\DatabaseStore.php(421): Illuminate\\Database\\Query\\Builder->delete()
#5 C:\\laragon\\www\\laravel-skill-test\\vendor\\laravel\\framework\\src\\Illuminate\\Cache\\Repository.php(806): Illuminate\\Cache\\DatabaseStore->flush()
#6 C:\\laragon\\www\\laravel-skill-test\\vendor\\laravel\\framework\\src\\Illuminate\\Cache\\Console\\ClearCommand.php(68): Illuminate\\Cache\\Repository->__call('flush', Array)
#7 C:\\laragon\\www\\laravel-skill-test\\vendor\\laravel\\framework\\src\\Illuminate\\Container\\BoundMethod.php(36): Illuminate\\Cache\\Console\\ClearCommand->handle()
#8 C:\\laragon\\www\\laravel-skill-test\\vendor\\laravel\\framework\\src\\Illuminate\\Container\\Util.php(43): Illuminate\\Container\\BoundMethod::{closure:Illuminate\\Container\\BoundMethod::call():35}()
#9 C:\\laragon\\www\\laravel-skill-test\\vendor\\laravel\\framework\\src\\Illuminate\\Container\\BoundMethod.php(96): Illuminate\\Container\\Util::unwrapIfClosure(Object(Closure))
#10 C:\\laragon\\www\\laravel-skill-test\\vendor\\laravel\\framework\\src\\Illuminate\\Container\\BoundMethod.php(35): Illuminate\\Container\\BoundMethod::callBoundMethod(Object(Illuminate\\Foundation\\Application), Array, Object(Closure))
#11 C:\\laragon\\www\\laravel-skill-test\\vendor\\laravel\\framework\\src\\Illuminate\\Container\\Container.php(754): Illuminate\\Container\\BoundMethod::call(Object(Illuminate\\Foundation\\Application), Array, Array, NULL)
#12 C:\\laragon\\www\\laravel-skill-test\\vendor\\laravel\\framework\\src\\Illuminate\\Console\\Command.php(211): Illuminate\\Container\\Container->call(Array)
#13 C:\\laragon\\www\\laravel-skill-test\\vendor\\symfony\\console\\Command\\Command.php(279): Illuminate\\Console\\Command->execute(Object(Symfony\\Component\\Console\\Input\\ArrayInput), Object(Illuminate\\Console\\OutputStyle))
#14 C:\\laragon\\www\\laravel-skill-test\\vendor\\laravel\\framework\\src\\Illuminate\\Console\\Command.php(180): Symfony\\Component\\Console\\Command\\Command->run(Object(Symfony\\Component\\Console\\Input\\ArrayInput), Object(Illuminate\\Console\\OutputStyle))
#15 C:\\laragon\\www\\laravel-skill-test\\vendor\\laravel\\framework\\src\\Illuminate\\Console\\Concerns\\CallsCommands.php(68): Illuminate\\Console\\Command->run(Object(Symfony\\Component\\Console\\Input\\ArrayInput), Object(Symfony\\Component\\Console\\Output\\NullOutput))
#16 C:\\laragon\\www\\laravel-skill-test\\vendor\\laravel\\framework\\src\\Illuminate\\Console\\Concerns\\CallsCommands.php(41): Illuminate\\Console\\Command->runCommand('cache:clear', Array, Object(Symfony\\Component\\Console\\Output\\NullOutput))
#17 C:\\laragon\\www\\laravel-skill-test\\vendor\\laravel\\framework\\src\\Illuminate\\Console\\Concerns\\CallsCommands.php(53): Illuminate\\Console\\Command->callSilent('cache:clear', Array)
#18 C:\\laragon\\www\\laravel-skill-test\\vendor\\laravel\\framework\\src\\Illuminate\\Foundation\\Console\\OptimizeClearCommand.php(48): Illuminate\\Console\\Command->callSilently('cache:clear')
#19 C:\\laragon\\www\\laravel-skill-test\\vendor\\laravel\\framework\\src\\Illuminate\\Console\\View\\Components\\Task.php(41): Illuminate\\Foundation\\Console\\OptimizeClearCommand->{closure:Illuminate\\Foundation\\Console\\OptimizeClearCommand::handle():48}()
#20 C:\\laragon\\www\\laravel-skill-test\\vendor\\laravel\\framework\\src\\Illuminate\\Console\\View\\Components\\Factory.php(59): Illuminate\\Console\\View\\Components\\Task->render('cache', Object(Closure))
#21 C:\\laragon\\www\\laravel-skill-test\\vendor\\laravel\\framework\\src\\Illuminate\\Foundation\\Console\\OptimizeClearCommand.php(48): Illuminate\\Console\\View\\Components\\Factory->__call('task', Array)
#22 C:\\laragon\\www\\laravel-skill-test\\vendor\\laravel\\framework\\src\\Illuminate\\Container\\BoundMethod.php(36): Illuminate\\Foundation\\Console\\OptimizeClearCommand->handle()
#23 C:\\laragon\\www\\laravel-skill-test\\vendor\\laravel\\framework\\src\\Illuminate\\Container\\Util.php(43): Illuminate\\Container\\BoundMethod::{closure:Illuminate\\Container\\BoundMethod::call():35}()
#24 C:\\laragon\\www\\laravel-skill-test\\vendor\\laravel\\framework\\src\\Illuminate\\Container\\BoundMethod.php(96): Illuminate\\Container\\Util::unwrapIfClosure(Object(Closure))
#25 C:\\laragon\\www\\laravel-skill-test\\vendor\\laravel\\framework\\src\\Illuminate\\Container\\BoundMethod.php(35): Illuminate\\Container\\BoundMethod::callBoundMethod(Object(Illuminate\\Foundation\\Application), Array, Object(Closure))
#26 C:\\laragon\\www\\laravel-skill-test\\vendor\\laravel\\framework\\src\\Illuminate\\Container\\Container.php(754): Illuminate\\Container\\BoundMethod::call(Object(Illuminate\\Foundation\\Application), Array, Array, NULL)
#27 C:\\laragon\\www\\laravel-skill-test\\vendor\\laravel\\framework\\src\\Illuminate\\Console\\Command.php(211): Illuminate\\Container\\Container->call(Array)
#28 C:\\laragon\\www\\laravel-skill-test\\vendor\\symfony\\console\\Command\\Command.php(279): Illuminate\\Console\\Command->execute(Object(Symfony\\Component\\Console\\Input\\ArgvInput), Object(Illuminate\\Console\\OutputStyle))
#29 C:\\laragon\\www\\laravel-skill-test\\vendor\\laravel\\framework\\src\\Illuminate\\Console\\Command.php(180): Symfony\\Component\\Console\\Command\\Command->run(Object(Symfony\\Component\\Console\\Input\\ArgvInput), Object(Illuminate\\Console\\OutputStyle))
#30 C:\\laragon\\www\\laravel-skill-test\\vendor\\symfony\\console\\Application.php(1094): Illuminate\\Console\\Command->run(Object(Symfony\\Component\\Console\\Input\\ArgvInput), Object(Symfony\\Component\\Console\\Output\\ConsoleOutput))
#31 C:\\laragon\\www\\laravel-skill-test\\vendor\\symfony\\console\\Application.php(342): Symfony\\Component\\Console\\Application->doRunCommand(Object(Illuminate\\Foundation\\Console\\OptimizeClearCommand), Object(Symfony\\Component\\Console\\Input\\ArgvInput), Object(Symfony\\Component\\Console\\Output\\ConsoleOutput))
#32 C:\\laragon\\www\\laravel-skill-test\\vendor\\symfony\\console\\Application.php(193): Symfony\\Component\\Console\\Application->doRun(Object(Symfony\\Component\\Console\\Input\\ArgvInput), Object(Symfony\\Component\\Console\\Output\\ConsoleOutput))
#33 C:\\laragon\\www\\laravel-skill-test\\vendor\\laravel\\framework\\src\\Illuminate\\Foundation\\Console\\Kernel.php(197): Symfony\\Component\\Console\\Application->run(Object(Symfony\\Component\\Console\\Input\\ArgvInput), Object(Symfony\\Component\\Console\\Output\\ConsoleOutput))
#34 C:\\laragon\\www\\laravel-skill-test\\vendor\\laravel\\framework\\src\\Illuminate\\Foundation\\Application.php(1234): Illuminate\\Foundation\\Console\\Kernel->handle(Object(Symfony\\Component\\Console\\Input\\ArgvInput), Object(Symfony\\Component\\Console\\Output\\ConsoleOutput))
#35 C:\\laragon\\www\\laravel-skill-test\\artisan(16): Illuminate\\Foundation\\Application->handleCommand(Object(Symfony\\Component\\Console\\Input\\ArgvInput))
#36 {main}

[previous exception] [object] (PDOException(code: 1049): SQLSTATE[HY000] [1049] Unknown database 'laravel-skill-test' at C:\\laragon\\www\\laravel-skill-test\\vendor\\laravel\\framework\\src\\Illuminate\\Database\\Connectors\\Connector.php:67)
[stacktrace]
#0 C:\\laragon\\www\\laravel-skill-test\\vendor\\laravel\\framework\\src\\Illuminate\\Database\\Connectors\\Connector.php(67): PDO::connect('mysql:host=127....', 'root', Object(SensitiveParameterValue), Array)
#1 C:\\laragon\\www\\laravel-skill-test\\vendor\\laravel\\framework\\src\\Illuminate\\Database\\Connectors\\Connector.php(44): Illuminate\\Database\\Connectors\\Connector->createPdoConnection('mysql:host=127....', 'root', Object(SensitiveParameterValue), Array)
#2 C:\\laragon\\www\\laravel-skill-test\\vendor\\laravel\\framework\\src\\Illuminate\\Database\\Connectors\\MySqlConnector.php(24): Illuminate\\Database\\Connectors\\Connector->createConnection('mysql:host=127....', Array, Array)
#3 C:\\laragon\\www\\laravel-skill-test\\vendor\\laravel\\framework\\src\\Illuminate\\Database\\Connectors\\ConnectionFactory.php(184): Illuminate\\Database\\Connectors\\MySqlConnector->connect(Array)
#4 [internal function]: Illuminate\\Database\\Connectors\\ConnectionFactory->{closure:Illuminate\\Database\\Connectors\\ConnectionFactory::createPdoResolverWithHosts():179}()
#5 C:\\laragon\\www\\laravel-skill-test\\vendor\\laravel\\framework\\src\\Illuminate\\Database\\Connection.php(1228): call_user_func(Object(Closure))
#6 C:\\laragon\\www\\laravel-skill-test\\vendor\\laravel\\framework\\src\\Illuminate\\Database\\Connection.php(589): Illuminate\\Database\\Connection->getPdo()
#7 C:\\laragon\\www\\laravel-skill-test\\vendor\\laravel\\framework\\src\\Illuminate\\Database\\Connection.php(809): Illuminate\\Database\\Connection->{closure:Illuminate\\Database\\Connection::affectingStatement():581}('delete from `ca...', Array)
#8 C:\\laragon\\www\\laravel-skill-test\\vendor\\laravel\\framework\\src\\Illuminate\\Database\\Connection.php(776): Illuminate\\Database\\Connection->runQueryCallback('delete from `ca...', Array, Object(Closure))
#9 C:\\laragon\\www\\laravel-skill-test\\vendor\\laravel\\framework\\src\\Illuminate\\Database\\Connection.php(581): Illuminate\\Database\\Connection->run('delete from `ca...', Array, Object(Closure))
#10 C:\\laragon\\www\\laravel-skill-test\\vendor\\laravel\\framework\\src\\Illuminate\\Database\\Connection.php(545): Illuminate\\Database\\Connection->affectingStatement('delete from `ca...', Array)
#11 C:\\laragon\\www\\laravel-skill-test\\vendor\\laravel\\framework\\src\\Illuminate\\Database\\Query\\Builder.php(4043): Illuminate\\Database\\Connection->delete('delete from `ca...', Array)
#12 C:\\laragon\\www\\laravel-skill-test\\vendor\\laravel\\framework\\src\\Illuminate\\Cache\\DatabaseStore.php(421): Illuminate\\Database\\Query\\Builder->delete()
#13 C:\\laragon\\www\\laravel-skill-test\\vendor\\laravel\\framework\\src\\Illuminate\\Cache\\Repository.php(806): Illuminate\\Cache\\DatabaseStore->flush()
#14 C:\\laragon\\www\\laravel-skill-test\\vendor\\laravel\\framework\\src\\Illuminate\\Cache\\Console\\ClearCommand.php(68): Illuminate\\Cache\\Repository->__call('flush', Array)
#15 C:\\laragon\\www\\laravel-skill-test\\vendor\\laravel\\framework\\src\\Illuminate\\Container\\BoundMethod.php(36): Illuminate\\Cache\\Console\\ClearCommand->handle()
#16 C:\\laragon\\www\\laravel-skill-test\\vendor\\laravel\\framework\\src\\Illuminate\\Container\\Util.php(43): Illuminate\\Container\\BoundMethod::{closure:Illuminate\\Container\\BoundMethod::call():35}()
#17 C:\\laragon\\www\\laravel-skill-test\\vendor\\laravel\\framework\\src\\Illuminate\\Container\\BoundMethod.php(96): Illuminate\\Container\\Util::unwrapIfClosure(Object(Closure))
#18 C:\\laragon\\www\\laravel-skill-test\\vendor\\laravel\\framework\\src\\Illuminate\\Container\\BoundMethod.php(35): Illuminate\\Container\\BoundMethod::callBoundMethod(Object(Illuminate\\Foundation\\Application), Array, Object(Closure))
#19 C:\\laragon\\www\\laravel-skill-test\\vendor\\laravel\\framework\\src\\Illuminate\\Container\\Container.php(754): Illuminate\\Container\\BoundMethod::call(Object(Illuminate\\Foundation\\Application), Array, Array, NULL)
#20 C:\\laragon\\www\\laravel-skill-test\\vendor\\laravel\\framework\\src\\Illuminate\\Console\\Command.php(211): Illuminate\\Container\\Container->call(Array)
#21 C:\\laragon\\www\\laravel-skill-test\\vendor\\symfony\\console\\Command\\Command.php(279): Illuminate\\Console\\Command->execute(Object(Symfony\\Component\\Console\\Input\\ArrayInput), Object(Illuminate\\Console\\OutputStyle))
#22 C:\\laragon\\www\\laravel-skill-test\\vendor\\laravel\\framework\\src\\Illuminate\\Console\\Command.php(180): Symfony\\Component\\Console\\Command\\Command->run(Object(Symfony\\Component\\Console\\Input\\ArrayInput), Object(Illuminate\\Console\\OutputStyle))
#23 C:\\laragon\\www\\laravel-skill-test\\vendor\\laravel\\framework\\src\\Illuminate\\Console\\Concerns\\CallsCommands.php(68): Illuminate\\Console\\Command->run(Object(Symfony\\Component\\Console\\Input\\ArrayInput), Object(Symfony\\Component\\Console\\Output\\NullOutput))
#24 C:\\laragon\\www\\laravel-skill-test\\vendor\\laravel\\framework\\src\\Illuminate\\Console\\Concerns\\CallsCommands.php(41): Illuminate\\Console\\Command->runCommand('cache:clear', Array, Object(Symfony\\Component\\Console\\Output\\NullOutput))
#25 C:\\laragon\\www\\laravel-skill-test\\vendor\\laravel\\framework\\src\\Illuminate\\Console\\Concerns\\CallsCommands.php(53): Illuminate\\Console\\Command->callSilent('cache:clear', Array)
#26 C:\\laragon\\www\\laravel-skill-test\\vendor\\laravel\\framework\\src\\Illuminate\\Foundation\\Console\\OptimizeClearCommand.php(48): Illuminate\\Console\\Command->callSilently('cache:clear')
#27 C:\\laragon\\www\\laravel-skill-test\\vendor\\laravel\\framework\\src\\Illuminate\\Console\\View\\Components\\Task.php(41): Illuminate\\Foundation\\Console\\OptimizeClearCommand->{closure:Illuminate\\Foundation\\Console\\OptimizeClearCommand::handle():48}()
#28 C:\\laragon\\www\\laravel-skill-test\\vendor\\laravel\\framework\\src\\Illuminate\\Console\\View\\Components\\Factory.php(59): Illuminate\\Console\\View\\Components\\Task->render('cache', Object(Closure))
#29 C:\\laragon\\www\\laravel-skill-test\\vendor\\laravel\\framework\\src\\Illuminate\\Foundation\\Console\\OptimizeClearCommand.php(48): Illuminate\\Console\\View\\Components\\Factory->__call('task', Array)
#30 C:\\laragon\\www\\laravel-skill-test\\vendor\\laravel\\framework\\src\\Illuminate\\Container\\BoundMethod.php(36): Illuminate\\Foundation\\Console\\OptimizeClearCommand->handle()
#31 C:\\laragon\\www\\laravel-skill-test\\vendor\\laravel\\framework\\src\\Illuminate\\Container\\Util.php(43): Illuminate\\Container\\BoundMethod::{closure:Illuminate\\Container\\BoundMethod::call():35}()
#32 C:\\laragon\\www\\laravel-skill-test\\vendor\\laravel\\framework\\src\\Illuminate\\Container\\BoundMethod.php(96): Illuminate\\Container\\Util::unwrapIfClosure(Object(Closure))
#33 C:\\laragon\\www\\laravel-skill-test\\vendor\\laravel\\framework\\src\\Illuminate\\Container\\BoundMethod.php(35): Illuminate\\Container\\BoundMethod::callBoundMethod(Object(Illuminate\\Foundation\\Application), Array, Object(Closure))
#34 C:\\laragon\\www\\laravel-skill-test\\vendor\\laravel\\framework\\src\\Illuminate\\Container\\Container.php(754): Illuminate\\Container\\BoundMethod::call(Object(Illuminate\\Foundation\\Application), Array, Array, NULL)
#35 C:\\laragon\\www\\laravel-skill-test\\vendor\\laravel\\framework\\src\\Illuminate\\Console\\Command.php(211): Illuminate\\Container\\Container->call(Array)
#36 C:\\laragon\\www\\laravel-skill-test\\vendor\\symfony\\console\\Command\\Command.php(279): Illuminate\\Console\\Command->execute(Object(Symfony\\Component\\Console\\Input\\ArgvInput), Object(Illuminate\\Console\\OutputStyle))
#37 C:\\laragon\\www\\laravel-skill-test\\vendor\\laravel\\framework\\src\\Illuminate\\Console\\Command.php(180): Symfony\\Component\\Console\\Command\\Command->run(Object(Symfony\\Component\\Console\\Input\\ArgvInput), Object(Illuminate\\Console\\OutputStyle))
#38 C:\\laragon\\www\\laravel-skill-test\\vendor\\symfony\\console\\Application.php(1094): Illuminate\\Console\\Command->run(Object(Symfony\\Component\\Console\\Input\\ArgvInput), Object(Symfony\\Component\\Console\\Output\\ConsoleOutput))
#39 C:\\laragon\\www\\laravel-skill-test\\vendor\\symfony\\console\\Application.php(342): Symfony\\Component\\Console\\Application->doRunCommand(Object(Illuminate\\Foundation\\Console\\OptimizeClearCommand), Object(Symfony\\Component\\Console\\Input\\ArgvInput), Object(Symfony\\Component\\Console\\Output\\ConsoleOutput))
#40 C:\\laragon\\www\\laravel-skill-test\\vendor\\symfony\\console\\Application.php(193): Symfony\\Component\\Console\\Application->doRun(Object(Symfony\\Component\\Console\\Input\\ArgvInput), Object(Symfony\\Component\\Console\\Output\\ConsoleOutput))
#41 C:\\laragon\\www\\laravel-skill-test\\vendor\\laravel\\framework\\src\\Illuminate\\Foundation\\Console\\Kernel.php(197): Symfony\\Component\\Console\\Application->run(Object(Symfony\\Component\\Console\\Input\\ArgvInput), Object(Symfony\\Component\\Console\\Output\\ConsoleOutput))
#42 C:\\laragon\\www\\laravel-skill-test\\vendor\\laravel\\framework\\src\\Illuminate\\Foundation\\Application.php(1234): Illuminate\\Foundation\\Console\\Kernel->handle(Object(Symfony\\Component\\Console\\Input\\ArgvInput), Object(Symfony\\Component\\Console\\Output\\ConsoleOutput))
#43 C:\\laragon\\www\\laravel-skill-test\\artisan(16): Illuminate\\Foundation\\Application->handleCommand(Object(Symfony\\Component\\Console\\Input\\ArgvInput))
#44 {main}
"} 
[2026-02-09 04:48:27] local.ERROR: SQLSTATE[42S02]: Base table or view not found: 1146 Table 'laravel-skill-test.cache' doesn't exist (Connection: mysql, SQL: delete from `cache`) {"exception":"[object] (Illuminate\\Database\\QueryException(code: 42S02): SQLSTATE[42S02]: Base table or view not found: 1146 Table 'laravel-skill-test.cache' doesn't exist (Connection: mysql, SQL: delete from `cache`) at C:\\laragon\\www\\laravel-skill-test\\vendor\\laravel\\framework\\src\\Illuminate\\Database\\Connection.php:822)
[stacktrace]
#0 C:\\laragon\\www\\laravel-skill-test\\vendor\\laravel\\framework\\src\\Illuminate\\Database\\Connection.php(776): Illuminate\\Database\\Connection->runQueryCallback('delete from `ca...', Array, Object(Closure))
#1 C:\\laragon\\www\\laravel-skill-test\\vendor\\laravel\\framework\\src\\Illuminate\\Database\\Connection.php(581): Illuminate\\Database\\Connection->run('delete from `ca...', Array, Object(Closure))
#2 C:\\laragon\\www\\laravel-skill-test\\vendor\\laravel\\framework\\src\\Illuminate\\Database\\Connection.php(545): Illuminate\\Database\\Connection->affectingStatement('delete from `ca...', Array)
#3 C:\\laragon\\www\\laravel-skill-test\\vendor\\laravel\\framework\\src\\Illuminate\\Database\\Query\\Builder.php(4043): Illuminate\\Database\\Connection->delete('delete from `ca...', Array)
#4 C:\\laragon\\www\\laravel-skill-test\\vendor\\laravel\\framework\\src\\Illuminate\\Cache\\DatabaseStore.php(421): Illuminate\\Database\\Query\\Builder->delete()
#5 C:\\laragon\\www\\laravel-skill-test\\vendor\\laravel\\framework\\src\\Illuminate\\Cache\\Repository.php(806): Illuminate\\Cache\\DatabaseStore->flush()
#6 C:\\laragon\\www\\laravel-skill-test\\vendor\\laravel\\framework\\src\\Illuminate\\Cache\\Console\\ClearCommand.php(68): Illuminate\\Cache\\Repository->__call('flush', Array)
#7 C:\\laragon\\www\\laravel-skill-test\\vendor\\laravel\\framework\\src\\Illuminate\\Container\\BoundMethod.php(36): Illuminate\\Cache\\Console\\ClearCommand->handle()
#8 C:\\laragon\\www\\laravel-skill-test\\vendor\\laravel\\framework\\src\\Illuminate\\Container\\Util.php(43): Illuminate\\Container\\BoundMethod::{closure:Illuminate\\Container\\BoundMethod::call():35}()
#9 C:\\laragon\\www\\laravel-skill-test\\vendor\\laravel\\framework\\src\\Illuminate\\Container\\BoundMethod.php(96): Illuminate\\Container\\Util::unwrapIfClosure(Object(Closure))
#10 C:\\laragon\\www\\laravel-skill-test\\vendor\\laravel\\framework\\src\\Illuminate\\Container\\BoundMethod.php(35): Illuminate\\Container\\BoundMethod::callBoundMethod(Object(Illuminate\\Foundation\\Application), Array, Object(Closure))
#11 C:\\laragon\\www\\laravel-skill-test\\vendor\\laravel\\framework\\src\\Illuminate\\Container\\Container.php(754): Illuminate\\Container\\BoundMethod::call(Object(Illuminate\\Foundation\\Application), Array, Array, NULL)
#12 C:\\laragon\\www\\laravel-skill-test\\vendor\\laravel\\framework\\src\\Illuminate\\Console\\Command.php(211): Illuminate\\Container\\Container->call(Array)
#13 C:\\laragon\\www\\laravel-skill-test\\vendor\\symfony\\console\\Command\\Command.php(279): Illuminate\\Console\\Command->execute(Object(Symfony\\Component\\Console\\Input\\ArrayInput), Object(Illuminate\\Console\\OutputStyle))
#14 C:\\laragon\\www\\laravel-skill-test\\vendor\\laravel\\framework\\src\\Illuminate\\Console\\Command.php(180): Symfony\\Component\\Console\\Command\\Command->run(Object(Symfony\\Component\\Console\\Input\\ArrayInput), Object(Illuminate\\Console\\OutputStyle))
#15 C:\\laragon\\www\\laravel-skill-test\\vendor\\laravel\\framework\\src\\Illuminate\\Console\\Concerns\\CallsCommands.php(68): Illuminate\\Console\\Command->run(Object(Symfony\\Component\\Console\\Input\\ArrayInput), Object(Symfony\\Component\\Console\\Output\\NullOutput))
#16 C:\\laragon\\www\\laravel-skill-test\\vendor\\laravel\\framework\\src\\Illuminate\\Console\\Concerns\\CallsCommands.php(41): Illuminate\\Console\\Command->runCommand('cache:clear', Array, Object(Symfony\\Component\\Console\\Output\\NullOutput))
#17 C:\\laragon\\www\\laravel-skill-test\\vendor\\laravel\\framework\\src\\Illuminate\\Console\\Concerns\\CallsCommands.php(53): Illuminate\\Console\\Command->callSilent('cache:clear', Array)
#18 C:\\laragon\\www\\laravel-skill-test\\vendor\\laravel\\framework\\src\\Illuminate\\Foundation\\Console\\OptimizeClearCommand.php(48): Illuminate\\Console\\Command->callSilently('cache:clear')
#19 C:\\laragon\\www\\laravel-skill-test\\vendor\\laravel\\framework\\src\\Illuminate\\Console\\View\\Components\\Task.php(41): Illuminate\\Foundation\\Console\\OptimizeClearCommand->{closure:Illuminate\\Foundation\\Console\\OptimizeClearCommand::handle():48}()
#20 C:\\laragon\\www\\laravel-skill-test\\vendor\\laravel\\framework\\src\\Illuminate\\Console\\View\\Components\\Factory.php(59): Illuminate\\Console\\View\\Components\\Task->render('cache', Object(Closure))
#21 C:\\laragon\\www\\laravel-skill-test\\vendor\\laravel\\framework\\src\\Illuminate\\Foundation\\Console\\OptimizeClearCommand.php(48): Illuminate\\Console\\View\\Components\\Factory->__call('task', Array)
#22 C:\\laragon\\www\\laravel-skill-test\\vendor\\laravel\\framework\\src\\Illuminate\\Container\\BoundMethod.php(36): Illuminate\\Foundation\\Console\\OptimizeClearCommand->handle()
#23 C:\\laragon\\www\\laravel-skill-test\\vendor\\laravel\\framework\\src\\Illuminate\\Container\\Util.php(43): Illuminate\\Container\\BoundMethod::{closure:Illuminate\\Container\\BoundMethod::call():35}()
#24 C:\\laragon\\www\\laravel-skill-test\\vendor\\laravel\\framework\\src\\Illuminate\\Container\\BoundMethod.php(96): Illuminate\\Container\\Util::unwrapIfClosure(Object(Closure))
#25 C:\\laragon\\www\\laravel-skill-test\\vendor\\laravel\\framework\\src\\Illuminate\\Container\\BoundMethod.php(35): Illuminate\\Container\\BoundMethod::callBoundMethod(Object(Illuminate\\Foundation\\Application), Array, Object(Closure))
#26 C:\\laragon\\www\\laravel-skill-test\\vendor\\laravel\\framework\\src\\Illuminate\\Container\\Container.php(754): Illuminate\\Container\\BoundMethod::call(Object(Illuminate\\Foundation\\Application), Array, Array, NULL)
#27 C:\\laragon\\www\\laravel-skill-test\\vendor\\laravel\\framework\\src\\Illuminate\\Console\\Command.php(211): Illuminate\\Container\\Container->call(Array)
#28 C:\\laragon\\www\\laravel-skill-test\\vendor\\symfony\\console\\Command\\Command.php(279): Illuminate\\Console\\Command->execute(Object(Symfony\\Component\\Console\\Input\\ArgvInput), Object(Illuminate\\Console\\OutputStyle))
#29 C:\\laragon\\www\\laravel-skill-test\\vendor\\laravel\\framework\\src\\Illuminate\\Console\\Command.php(180): Symfony\\Component\\Console\\Command\\Command->run(Object(Symfony\\Component\\Console\\Input\\ArgvInput), Object(Illuminate\\Console\\OutputStyle))
#30 C:\\laragon\\www\\laravel-skill-test\\vendor\\symfony\\console\\Application.php(1094): Illuminate\\Console\\Command->run(Object(Symfony\\Component\\Console\\Input\\ArgvInput), Object(Symfony\\Component\\Console\\Output\\ConsoleOutput))
#31 C:\\laragon\\www\\laravel-skill-test\\vendor\\symfony\\console\\Application.php(342): Symfony\\Component\\Console\\Application->doRunCommand(Object(Illuminate\\Foundation\\Console\\OptimizeClearCommand), Object(Symfony\\Component\\Console\\Input\\ArgvInput), Object(Symfony\\Component\\Console\\Output\\ConsoleOutput))
#32 C:\\laragon\\www\\laravel-skill-test\\vendor\\symfony\\console\\Application.php(193): Symfony\\Component\\Console\\Application->doRun(Object(Symfony\\Component\\Console\\Input\\ArgvInput), Object(Symfony\\Component\\Console\\Output\\ConsoleOutput))
#33 C:\\laragon\\www\\laravel-skill-test\\vendor\\laravel\\framework\\src\\Illuminate\\Foundation\\Console\\Kernel.php(197): Symfony\\Component\\Console\\Application->run(Object(Symfony\\Component\\Console\\Input\\ArgvInput), Object(Symfony\\Component\\Console\\Output\\ConsoleOutput))
#34 C:\\laragon\\www\\laravel-skill-test\\vendor\\laravel\\framework\\src\\Illuminate\\Foundation\\Application.php(1234): Illuminate\\Foundation\\Console\\Kernel->handle(Object(Symfony\\Component\\Console\\Input\\ArgvInput), Object(Symfony\\Component\\Console\\Output\\ConsoleOutput))
#35 C:\\laragon\\www\\laravel-skill-test\\artisan(16): Illuminate\\Foundation\\Application->handleCommand(Object(Symfony\\Component\\Console\\Input\\ArgvInput))
#36 {main}

[previous exception] [object] (PDOException(code: 42S02): SQLSTATE[42S02]: Base table or view not found: 1146 Table 'laravel-skill-test.cache' doesn't exist at C:\\laragon\\www\\laravel-skill-test\\vendor\\laravel\\framework\\src\\Illuminate\\Database\\Connection.php:589)
[stacktrace]
#0 C:\\laragon\\www\\laravel-skill-test\\vendor\\laravel\\framework\\src\\Illuminate\\Database\\Connection.php(589): PDO->prepare('delete from `ca...')
#1 C:\\laragon\\www\\laravel-skill-test\\vendor\\laravel\\framework\\src\\Illuminate\\Database\\Connection.php(809): Illuminate\\Database\\Connection->{closure:Illuminate\\Database\\Connection::affectingStatement():581}('delete from `ca...', Array)
#2 C:\\laragon\\www\\laravel-skill-test\\vendor\\laravel\\framework\\src\\Illuminate\\Database\\Connection.php(776): Illuminate\\Database\\Connection->runQueryCallback('delete from `ca...', Array, Object(Closure))
#3 C:\\laragon\\www\\laravel-skill-test\\vendor\\laravel\\framework\\src\\Illuminate\\Database\\Connection.php(581): Illuminate\\Database\\Connection->run('delete from `ca...', Array, Object(Closure))
#4 C:\\laragon\\www\\laravel-skill-test\\vendor\\laravel\\framework\\src\\Illuminate\\Database\\Connection.php(545): Illuminate\\Database\\Connection->affectingStatement('delete from `ca...', Array)
#5 C:\\laragon\\www\\laravel-skill-test\\vendor\\laravel\\framework\\src\\Illuminate\\Database\\Query\\Builder.php(4043): Illuminate\\Database\\Connection->delete('delete from `ca...', Array)
#6 C:\\laragon\\www\\laravel-skill-test\\vendor\\laravel\\framework\\src\\Illuminate\\Cache\\DatabaseStore.php(421): Illuminate\\Database\\Query\\Builder->delete()
#7 C:\\laragon\\www\\laravel-skill-test\\vendor\\laravel\\framework\\src\\Illuminate\\Cache\\Repository.php(806): Illuminate\\Cache\\DatabaseStore->flush()
#8 C:\\laragon\\www\\laravel-skill-test\\vendor\\laravel\\framework\\src\\Illuminate\\Cache\\Console\\ClearCommand.php(68): Illuminate\\Cache\\Repository->__call('flush', Array)
#9 C:\\laragon\\www\\laravel-skill-test\\vendor\\laravel\\framework\\src\\Illuminate\\Container\\BoundMethod.php(36): Illuminate\\Cache\\Console\\ClearCommand->handle()
#10 C:\\laragon\\www\\laravel-skill-test\\vendor\\laravel\\framework\\src\\Illuminate\\Container\\Util.php(43): Illuminate\\Container\\BoundMethod::{closure:Illuminate\\Container\\BoundMethod::call():35}()
#11 C:\\laragon\\www\\laravel-skill-test\\vendor\\laravel\\framework\\src\\Illuminate\\Container\\BoundMethod.php(96): Illuminate\\Container\\Util::unwrapIfClosure(Object(Closure))
#12 C:\\laragon\\www\\laravel-skill-test\\vendor\\laravel\\framework\\src\\Illuminate\\Container\\BoundMethod.php(35): Illuminate\\Container\\BoundMethod::callBoundMethod(Object(Illuminate\\Foundation\\Application), Array, Object(Closure))
#13 C:\\laragon\\www\\laravel-skill-test\\vendor\\laravel\\framework\\src\\Illuminate\\Container\\Container.php(754): Illuminate\\Container\\BoundMethod::call(Object(Illuminate\\Foundation\\Application), Array, Array, NULL)
#14 C:\\laragon\\www\\laravel-skill-test\\vendor\\laravel\\framework\\src\\Illuminate\\Console\\Command.php(211): Illuminate\\Container\\Container->call(Array)
#15 C:\\laragon\\www\\laravel-skill-test\\vendor\\symfony\\console\\Command\\Command.php(279): Illuminate\\Console\\Command->execute(Object(Symfony\\Component\\Console\\Input\\ArrayInput), Object(Illuminate\\Console\\OutputStyle))
#16 C:\\laragon\\www\\laravel-skill-test\\vendor\\laravel\\framework\\src\\Illuminate\\Console\\Command.php(180): Symfony\\Component\\Console\\Command\\Command->run(Object(Symfony\\Component\\Console\\Input\\ArrayInput), Object(Illuminate\\Console\\OutputStyle))
#17 C:\\laragon\\www\\laravel-skill-test\\vendor\\laravel\\framework\\src\\Illuminate\\Console\\Concerns\\CallsCommands.php(68): Illuminate\\Console\\Command->run(Object(Symfony\\Component\\Console\\Input\\ArrayInput), Object(Symfony\\Component\\Console\\Output\\NullOutput))
#18 C:\\laragon\\www\\laravel-skill-test\\vendor\\laravel\\framework\\src\\Illuminate\\Console\\Concerns\\CallsCommands.php(41): Illuminate\\Console\\Command->runCommand('cache:clear', Array, Object(Symfony\\Component\\Console\\Output\\NullOutput))
#19 C:\\laragon\\www\\laravel-skill-test\\vendor\\laravel\\framework\\src\\Illuminate\\Console\\Concerns\\CallsCommands.php(53): Illuminate\\Console\\Command->callSilent('cache:clear', Array)
#20 C:\\laragon\\www\\laravel-skill-test\\vendor\\laravel\\framework\\src\\Illuminate\\Foundation\\Console\\OptimizeClearCommand.php(48): Illuminate\\Console\\Command->callSilently('cache:clear')
#21 C:\\laragon\\www\\laravel-skill-test\\vendor\\laravel\\framework\\src\\Illuminate\\Console\\View\\Components\\Task.php(41): Illuminate\\Foundation\\Console\\OptimizeClearCommand->{closure:Illuminate\\Foundation\\Console\\OptimizeClearCommand::handle():48}()
#22 C:\\laragon\\www\\laravel-skill-test\\vendor\\laravel\\framework\\src\\Illuminate\\Console\\View\\Components\\Factory.php(59): Illuminate\\Console\\View\\Components\\Task->render('cache', Object(Closure))
#23 C:\\laragon\\www\\laravel-skill-test\\vendor\\laravel\\framework\\src\\Illuminate\\Foundation\\Console\\OptimizeClearCommand.php(48): Illuminate\\Console\\View\\Components\\Factory->__call('task', Array)
#24 C:\\laragon\\www\\laravel-skill-test\\vendor\\laravel\\framework\\src\\Illuminate\\Container\\BoundMethod.php(36): Illuminate\\Foundation\\Console\\OptimizeClearCommand->handle()
#25 C:\\laragon\\www\\laravel-skill-test\\vendor\\laravel\\framework\\src\\Illuminate\\Container\\Util.php(43): Illuminate\\Container\\BoundMethod::{closure:Illuminate\\Container\\BoundMethod::call():35}()
#26 C:\\laragon\\www\\laravel-skill-test\\vendor\\laravel\\framework\\src\\Illuminate\\Container\\BoundMethod.php(96): Illuminate\\Container\\Util::unwrapIfClosure(Object(Closure))
#27 C:\\laragon\\www\\laravel-skill-test\\vendor\\laravel\\framework\\src\\Illuminate\\Container\\BoundMethod.php(35): Illuminate\\Container\\BoundMethod::callBoundMethod(Object(Illuminate\\Foundation\\Application), Array, Object(Closure))
#28 C:\\laragon\\www\\laravel-skill-test\\vendor\\laravel\\framework\\src\\Illuminate\\Container\\Container.php(754): Illuminate\\Container\\BoundMethod::call(Object(Illuminate\\Foundation\\Application), Array, Array, NULL)
#29 C:\\laragon\\www\\laravel-skill-test\\vendor\\laravel\\framework\\src\\Illuminate\\Console\\Command.php(211): Illuminate\\Container\\Container->call(Array)
#30 C:\\laragon\\www\\laravel-skill-test\\vendor\\symfony\\console\\Command\\Command.php(279): Illuminate\\Console\\Command->execute(Object(Symfony\\Component\\Console\\Input\\ArgvInput), Object(Illuminate\\Console\\OutputStyle))
#31 C:\\laragon\\www\\laravel-skill-test\\vendor\\laravel\\framework\\src\\Illuminate\\Console\\Command.php(180): Symfony\\Component\\Console\\Command\\Command->run(Object(Symfony\\Component\\Console\\Input\\ArgvInput), Object(Illuminate\\Console\\OutputStyle))
#32 C:\\laragon\\www\\laravel-skill-test\\vendor\\symfony\\console\\Application.php(1094): Illuminate\\Console\\Command->run(Object(Symfony\\Component\\Console\\Input\\ArgvInput), Object(Symfony\\Component\\Console\\Output\\ConsoleOutput))
#33 C:\\laragon\\www\\laravel-skill-test\\vendor\\symfony\\console\\Application.php(342): Symfony\\Component\\Console\\Application->doRunCommand(Object(Illuminate\\Foundation\\Console\\OptimizeClearCommand), Object(Symfony\\Component\\Console\\Input\\ArgvInput), Object(Symfony\\Component\\Console\\Output\\ConsoleOutput))
#34 C:\\laragon\\www\\laravel-skill-test\\vendor\\symfony\\console\\Application.php(193): Symfony\\Component\\Console\\Application->doRun(Object(Symfony\\Component\\Console\\Input\\ArgvInput), Object(Symfony\\Component\\Console\\Output\\ConsoleOutput))
#35 C:\\laragon\\www\\laravel-skill-test\\vendor\\laravel\\framework\\src\\Illuminate\\Foundation\\Console\\Kernel.php(197): Symfony\\Component\\Console\\Application->run(Object(Symfony\\Component\\Console\\Input\\ArgvInput), Object(Symfony\\Component\\Console\\Output\\ConsoleOutput))
#36 C:\\laragon\\www\\laravel-skill-test\\vendor\\laravel\\framework\\src\\Illuminate\\Foundation\\Application.php(1234): Illuminate\\Foundation\\Console\\Kernel->handle(Object(Symfony\\Component\\Console\\Input\\ArgvInput), Object(Symfony\\Component\\Console\\Output\\ConsoleOutput))
#37 C:\\laragon\\www\\laravel-skill-test\\artisan(16): Illuminate\\Foundation\\Application->handleCommand(Object(Symfony\\Component\\Console\\Input\\ArgvInput))
#38 {main}
"} 
[2026-02-09 04:49:11] local.ERROR: SQLSTATE[42S02]: Base table or view not found: 1146 Table 'laravel.cache' doesn't exist (Connection: mysql, SQL: delete from `cache`) {"exception":"[object] (Illuminate\\Database\\QueryException(code: 42S02): SQLSTATE[42S02]: Base table or view not found: 1146 Table 'laravel.cache' doesn't exist (Connection: mysql, SQL: delete from `cache`) at C:\\laragon\\www\\laravel-skill-test\\vendor\\laravel\\framework\\src\\Illuminate\\Database\\Connection.php:822)
[stacktrace]
#0 C:\\laragon\\www\\laravel-skill-test\\vendor\\laravel\\framework\\src\\Illuminate\\Database\\Connection.php(776): Illuminate\\Database\\Connection->runQueryCallback('delete from `ca...', Array, Object(Closure))
#1 C:\\laragon\\www\\laravel-skill-test\\vendor\\laravel\\framework\\src\\Illuminate\\Database\\Connection.php(581): Illuminate\\Database\\Connection->run('delete from `ca...', Array, Object(Closure))
#2 C:\\laragon\\www\\laravel-skill-test\\vendor\\laravel\\framework\\src\\Illuminate\\Database\\Connection.php(545): Illuminate\\Database\\Connection->affectingStatement('delete from `ca...', Array)
#3 C:\\laragon\\www\\laravel-skill-test\\vendor\\laravel\\framework\\src\\Illuminate\\Database\\Query\\Builder.php(4043): Illuminate\\Database\\Connection->delete('delete from `ca...', Array)
#4 C:\\laragon\\www\\laravel-skill-test\\vendor\\laravel\\framework\\src\\Illuminate\\Cache\\DatabaseStore.php(421): Illuminate\\Database\\Query\\Builder->delete()
#5 C:\\laragon\\www\\laravel-skill-test\\vendor\\laravel\\framework\\src\\Illuminate\\Cache\\Repository.php(806): Illuminate\\Cache\\DatabaseStore->flush()
#6 C:\\laragon\\www\\laravel-skill-test\\vendor\\laravel\\framework\\src\\Illuminate\\Cache\\Console\\ClearCommand.php(68): Illuminate\\Cache\\Repository->__call('flush', Array)
#7 C:\\laragon\\www\\laravel-skill-test\\vendor\\laravel\\framework\\src\\Illuminate\\Container\\BoundMethod.php(36): Illuminate\\Cache\\Console\\ClearCommand->handle()
#8 C:\\laragon\\www\\laravel-skill-test\\vendor\\laravel\\framework\\src\\Illuminate\\Container\\Util.php(43): Illuminate\\Container\\BoundMethod::{closure:Illuminate\\Container\\BoundMethod::call():35}()
#9 C:\\laragon\\www\\laravel-skill-test\\vendor\\laravel\\framework\\src\\Illuminate\\Container\\BoundMethod.php(96): Illuminate\\Container\\Util::unwrapIfClosure(Object(Closure))
#10 C:\\laragon\\www\\laravel-skill-test\\vendor\\laravel\\framework\\src\\Illuminate\\Container\\BoundMethod.php(35): Illuminate\\Container\\BoundMethod::callBoundMethod(Object(Illuminate\\Foundation\\Application), Array, Object(Closure))
#11 C:\\laragon\\www\\laravel-skill-test\\vendor\\laravel\\framework\\src\\Illuminate\\Container\\Container.php(754): Illuminate\\Container\\BoundMethod::call(Object(Illuminate\\Foundation\\Application), Array, Array, NULL)
#12 C:\\laragon\\www\\laravel-skill-test\\vendor\\laravel\\framework\\src\\Illuminate\\Console\\Command.php(211): Illuminate\\Container\\Container->call(Array)
#13 C:\\laragon\\www\\laravel-skill-test\\vendor\\symfony\\console\\Command\\Command.php(279): Illuminate\\Console\\Command->execute(Object(Symfony\\Component\\Console\\Input\\ArrayInput), Object(Illuminate\\Console\\OutputStyle))
#14 C:\\laragon\\www\\laravel-skill-test\\vendor\\laravel\\framework\\src\\Illuminate\\Console\\Command.php(180): Symfony\\Component\\Console\\Command\\Command->run(Object(Symfony\\Component\\Console\\Input\\ArrayInput), Object(Illuminate\\Console\\OutputStyle))
#15 C:\\laragon\\www\\laravel-skill-test\\vendor\\laravel\\framework\\src\\Illuminate\\Console\\Concerns\\CallsCommands.php(68): Illuminate\\Console\\Command->run(Object(Symfony\\Component\\Console\\Input\\ArrayInput), Object(Symfony\\Component\\Console\\Output\\NullOutput))
#16 C:\\laragon\\www\\laravel-skill-test\\vendor\\laravel\\framework\\src\\Illuminate\\Console\\Concerns\\CallsCommands.php(41): Illuminate\\Console\\Command->runCommand('cache:clear', Array, Object(Symfony\\Component\\Console\\Output\\NullOutput))
#17 C:\\laragon\\www\\laravel-skill-test\\vendor\\laravel\\framework\\src\\Illuminate\\Console\\Concerns\\CallsCommands.php(53): Illuminate\\Console\\Command->callSilent('cache:clear', Array)
#18 C:\\laragon\\www\\laravel-skill-test\\vendor\\laravel\\framework\\src\\Illuminate\\Foundation\\Console\\OptimizeClearCommand.php(48): Illuminate\\Console\\Command->callSilently('cache:clear')
#19 C:\\laragon\\www\\laravel-skill-test\\vendor\\laravel\\framework\\src\\Illuminate\\Console\\View\\Components\\Task.php(41): Illuminate\\Foundation\\Console\\OptimizeClearCommand->{closure:Illuminate\\Foundation\\Console\\OptimizeClearCommand::handle():48}()
#20 C:\\laragon\\www\\laravel-skill-test\\vendor\\laravel\\framework\\src\\Illuminate\\Console\\View\\Components\\Factory.php(59): Illuminate\\Console\\View\\Components\\Task->render('cache', Object(Closure))
#21 C:\\laragon\\www\\laravel-skill-test\\vendor\\laravel\\framework\\src\\Illuminate\\Foundation\\Console\\OptimizeClearCommand.php(48): Illuminate\\Console\\View\\Components\\Factory->__call('task', Array)
#22 C:\\laragon\\www\\laravel-skill-test\\vendor\\laravel\\framework\\src\\Illuminate\\Container\\BoundMethod.php(36): Illuminate\\Foundation\\Console\\OptimizeClearCommand->handle()
#23 C:\\laragon\\www\\laravel-skill-test\\vendor\\laravel\\framework\\src\\Illuminate\\Container\\Util.php(43): Illuminate\\Container\\BoundMethod::{closure:Illuminate\\Container\\BoundMethod::call():35}()
#24 C:\\laragon\\www\\laravel-skill-test\\vendor\\laravel\\framework\\src\\Illuminate\\Container\\BoundMethod.php(96): Illuminate\\Container\\Util::unwrapIfClosure(Object(Closure))
#25 C:\\laragon\\www\\laravel-skill-test\\vendor\\laravel\\framework\\src\\Illuminate\\Container\\BoundMethod.php(35): Illuminate\\Container\\BoundMethod::callBoundMethod(Object(Illuminate\\Foundation\\Application), Array, Object(Closure))
#26 C:\\laragon\\www\\laravel-skill-test\\vendor\\laravel\\framework\\src\\Illuminate\\Container\\Container.php(754): Illuminate\\Container\\BoundMethod::call(Object(Illuminate\\Foundation\\Application), Array, Array, NULL)
#27 C:\\laragon\\www\\laravel-skill-test\\vendor\\laravel\\framework\\src\\Illuminate\\Console\\Command.php(211): Illuminate\\Container\\Container->call(Array)
#28 C:\\laragon\\www\\laravel-skill-test\\vendor\\symfony\\console\\Command\\Command.php(279): Illuminate\\Console\\Command->execute(Object(Symfony\\Component\\Console\\Input\\ArgvInput), Object(Illuminate\\Console\\OutputStyle))
#29 C:\\laragon\\www\\laravel-skill-test\\vendor\\laravel\\framework\\src\\Illuminate\\Console\\Command.php(180): Symfony\\Component\\Console\\Command\\Command->run(Object(Symfony\\Component\\Console\\Input\\ArgvInput), Object(Illuminate\\Console\\OutputStyle))
#30 C:\\laragon\\www\\laravel-skill-test\\vendor\\symfony\\console\\Application.php(1094): Illuminate\\Console\\Command->run(Object(Symfony\\Component\\Console\\Input\\ArgvInput), Object(Symfony\\Component\\Console\\Output\\ConsoleOutput))
#31 C:\\laragon\\www\\laravel-skill-test\\vendor\\symfony\\console\\Application.php(342): Symfony\\Component\\Console\\Application->doRunCommand(Object(Illuminate\\Foundation\\Console\\OptimizeClearCommand), Object(Symfony\\Component\\Console\\Input\\ArgvInput), Object(Symfony\\Component\\Console\\Output\\ConsoleOutput))
#32 C:\\laragon\\www\\laravel-skill-test\\vendor\\symfony\\console\\Application.php(193): Symfony\\Component\\Console\\Application->doRun(Object(Symfony\\Component\\Console\\Input\\ArgvInput), Object(Symfony\\Component\\Console\\Output\\ConsoleOutput))
#33 C:\\laragon\\www\\laravel-skill-test\\vendor\\laravel\\framework\\src\\Illuminate\\Foundation\\Console\\Kernel.php(197): Symfony\\Component\\Console\\Application->run(Object(Symfony\\Component\\Console\\Input\\ArgvInput), Object(Symfony\\Component\\Console\\Output\\ConsoleOutput))
#34 C:\\laragon\\www\\laravel-skill-test\\vendor\\laravel\\framework\\src\\Illuminate\\Foundation\\Application.php(1234): Illuminate\\Foundation\\Console\\Kernel->handle(Object(Symfony\\Component\\Console\\Input\\ArgvInput), Object(Symfony\\Component\\Console\\Output\\ConsoleOutput))
#35 C:\\laragon\\www\\laravel-skill-test\\artisan(16): Illuminate\\Foundation\\Application->handleCommand(Object(Symfony\\Component\\Console\\Input\\ArgvInput))
#36 {main}

[previous exception] [object] (PDOException(code: 42S02): SQLSTATE[42S02]: Base table or view not found: 1146 Table 'laravel.cache' doesn't exist at C:\\laragon\\www\\laravel-skill-test\\vendor\\laravel\\framework\\src\\Illuminate\\Database\\Connection.php:589)
[stacktrace]
#0 C:\\laragon\\www\\laravel-skill-test\\vendor\\laravel\\framework\\src\\Illuminate\\Database\\Connection.php(589): PDO->prepare('delete from `ca...')
#1 C:\\laragon\\www\\laravel-skill-test\\vendor\\laravel\\framework\\src\\Illuminate\\Database\\Connection.php(809): Illuminate\\Database\\Connection->{closure:Illuminate\\Database\\Connection::affectingStatement():581}('delete from `ca...', Array)
#2 C:\\laragon\\www\\laravel-skill-test\\vendor\\laravel\\framework\\src\\Illuminate\\Database\\Connection.php(776): Illuminate\\Database\\Connection->runQueryCallback('delete from `ca...', Array, Object(Closure))
#3 C:\\laragon\\www\\laravel-skill-test\\vendor\\laravel\\framework\\src\\Illuminate\\Database\\Connection.php(581): Illuminate\\Database\\Connection->run('delete from `ca...', Array, Object(Closure))
#4 C:\\laragon\\www\\laravel-skill-test\\vendor\\laravel\\framework\\src\\Illuminate\\Database\\Connection.php(545): Illuminate\\Database\\Connection->affectingStatement('delete from `ca...', Array)
#5 C:\\laragon\\www\\laravel-skill-test\\vendor\\laravel\\framework\\src\\Illuminate\\Database\\Query\\Builder.php(4043): Illuminate\\Database\\Connection->delete('delete from `ca...', Array)
#6 C:\\laragon\\www\\laravel-skill-test\\vendor\\laravel\\framework\\src\\Illuminate\\Cache\\DatabaseStore.php(421): Illuminate\\Database\\Query\\Builder->delete()
#7 C:\\laragon\\www\\laravel-skill-test\\vendor\\laravel\\framework\\src\\Illuminate\\Cache\\Repository.php(806): Illuminate\\Cache\\DatabaseStore->flush()
#8 C:\\laragon\\www\\laravel-skill-test\\vendor\\laravel\\framework\\src\\Illuminate\\Cache\\Console\\ClearCommand.php(68): Illuminate\\Cache\\Repository->__call('flush', Array)
#9 C:\\laragon\\www\\laravel-skill-test\\vendor\\laravel\\framework\\src\\Illuminate\\Container\\BoundMethod.php(36): Illuminate\\Cache\\Console\\ClearCommand->handle()
#10 C:\\laragon\\www\\laravel-skill-test\\vendor\\laravel\\framework\\src\\Illuminate\\Container\\Util.php(43): Illuminate\\Container\\BoundMethod::{closure:Illuminate\\Container\\BoundMethod::call():35}()
#11 C:\\laragon\\www\\laravel-skill-test\\vendor\\laravel\\framework\\src\\Illuminate\\Container\\BoundMethod.php(96): Illuminate\\Container\\Util::unwrapIfClosure(Object(Closure))
#12 C:\\laragon\\www\\laravel-skill-test\\vendor\\laravel\\framework\\src\\Illuminate\\Container\\BoundMethod.php(35): Illuminate\\Container\\BoundMethod::callBoundMethod(Object(Illuminate\\Foundation\\Application), Array, Object(Closure))
#13 C:\\laragon\\www\\laravel-skill-test\\vendor\\laravel\\framework\\src\\Illuminate\\Container\\Container.php(754): Illuminate\\Container\\BoundMethod::call(Object(Illuminate\\Foundation\\Application), Array, Array, NULL)
#14 C:\\laragon\\www\\laravel-skill-test\\vendor\\laravel\\framework\\src\\Illuminate\\Console\\Command.php(211): Illuminate\\Container\\Container->call(Array)
#15 C:\\laragon\\www\\laravel-skill-test\\vendor\\symfony\\console\\Command\\Command.php(279): Illuminate\\Console\\Command->execute(Object(Symfony\\Component\\Console\\Input\\ArrayInput), Object(Illuminate\\Console\\OutputStyle))
#16 C:\\laragon\\www\\laravel-skill-test\\vendor\\laravel\\framework\\src\\Illuminate\\Console\\Command.php(180): Symfony\\Component\\Console\\Command\\Command->run(Object(Symfony\\Component\\Console\\Input\\ArrayInput), Object(Illuminate\\Console\\OutputStyle))
#17 C:\\laragon\\www\\laravel-skill-test\\vendor\\laravel\\framework\\src\\Illuminate\\Console\\Concerns\\CallsCommands.php(68): Illuminate\\Console\\Command->run(Object(Symfony\\Component\\Console\\Input\\ArrayInput), Object(Symfony\\Component\\Console\\Output\\NullOutput))
#18 C:\\laragon\\www\\laravel-skill-test\\vendor\\laravel\\framework\\src\\Illuminate\\Console\\Concerns\\CallsCommands.php(41): Illuminate\\Console\\Command->runCommand('cache:clear', Array, Object(Symfony\\Component\\Console\\Output\\NullOutput))
#19 C:\\laragon\\www\\laravel-skill-test\\vendor\\laravel\\framework\\src\\Illuminate\\Console\\Concerns\\CallsCommands.php(53): Illuminate\\Console\\Command->callSilent('cache:clear', Array)
#20 C:\\laragon\\www\\laravel-skill-test\\vendor\\laravel\\framework\\src\\Illuminate\\Foundation\\Console\\OptimizeClearCommand.php(48): Illuminate\\Console\\Command->callSilently('cache:clear')
#21 C:\\laragon\\www\\laravel-skill-test\\vendor\\laravel\\framework\\src\\Illuminate\\Console\\View\\Components\\Task.php(41): Illuminate\\Foundation\\Console\\OptimizeClearCommand->{closure:Illuminate\\Foundation\\Console\\OptimizeClearCommand::handle():48}()
#22 C:\\laragon\\www\\laravel-skill-test\\vendor\\laravel\\framework\\src\\Illuminate\\Console\\View\\Components\\Factory.php(59): Illuminate\\Console\\View\\Components\\Task->render('cache', Object(Closure))
#23 C:\\laragon\\www\\laravel-skill-test\\vendor\\laravel\\framework\\src\\Illuminate\\Foundation\\Console\\OptimizeClearCommand.php(48): Illuminate\\Console\\View\\Components\\Factory->__call('task', Array)
#24 C:\\laragon\\www\\laravel-skill-test\\vendor\\laravel\\framework\\src\\Illuminate\\Container\\BoundMethod.php(36): Illuminate\\Foundation\\Console\\OptimizeClearCommand->handle()
#25 C:\\laragon\\www\\laravel-skill-test\\vendor\\laravel\\framework\\src\\Illuminate\\Container\\Util.php(43): Illuminate\\Container\\BoundMethod::{closure:Illuminate\\Container\\BoundMethod::call():35}()
#26 C:\\laragon\\www\\laravel-skill-test\\vendor\\laravel\\framework\\src\\Illuminate\\Container\\BoundMethod.php(96): Illuminate\\Container\\Util::unwrapIfClosure(Object(Closure))
#27 C:\\laragon\\www\\laravel-skill-test\\vendor\\laravel\\framework\\src\\Illuminate\\Container\\BoundMethod.php(35): Illuminate\\Container\\BoundMethod::callBoundMethod(Object(Illuminate\\Foundation\\Application), Array, Object(Closure))
#28 C:\\laragon\\www\\laravel-skill-test\\vendor\\laravel\\framework\\src\\Illuminate\\Container\\Container.php(754): Illuminate\\Container\\BoundMethod::call(Object(Illuminate\\Foundation\\Application), Array, Array, NULL)
#29 C:\\laragon\\www\\laravel-skill-test\\vendor\\laravel\\framework\\src\\Illuminate\\Console\\Command.php(211): Illuminate\\Container\\Container->call(Array)
#30 C:\\laragon\\www\\laravel-skill-test\\vendor\\symfony\\console\\Command\\Command.php(279): Illuminate\\Console\\Command->execute(Object(Symfony\\Component\\Console\\Input\\ArgvInput), Object(Illuminate\\Console\\OutputStyle))
#31 C:\\laragon\\www\\laravel-skill-test\\vendor\\laravel\\framework\\src\\Illuminate\\Console\\Command.php(180): Symfony\\Component\\Console\\Command\\Command->run(Object(Symfony\\Component\\Console\\Input\\ArgvInput), Object(Illuminate\\Console\\OutputStyle))
#32 C:\\laragon\\www\\laravel-skill-test\\vendor\\symfony\\console\\Application.php(1094): Illuminate\\Console\\Command->run(Object(Symfony\\Component\\Console\\Input\\ArgvInput), Object(Symfony\\Component\\Console\\Output\\ConsoleOutput))
#33 C:\\laragon\\www\\laravel-skill-test\\vendor\\symfony\\console\\Application.php(342): Symfony\\Component\\Console\\Application->doRunCommand(Object(Illuminate\\Foundation\\Console\\OptimizeClearCommand), Object(Symfony\\Component\\Console\\Input\\ArgvInput), Object(Symfony\\Component\\Console\\Output\\ConsoleOutput))
#34 C:\\laragon\\www\\laravel-skill-test\\vendor\\symfony\\console\\Application.php(193): Symfony\\Component\\Console\\Application->doRun(Object(Symfony\\Component\\Console\\Input\\ArgvInput), Object(Symfony\\Component\\Console\\Output\\ConsoleOutput))
#35 C:\\laragon\\www\\laravel-skill-test\\vendor\\laravel\\framework\\src\\Illuminate\\Foundation\\Console\\Kernel.php(197): Symfony\\Component\\Console\\Application->run(Object(Symfony\\Component\\Console\\Input\\ArgvInput), Object(Symfony\\Component\\Console\\Output\\ConsoleOutput))
#36 C:\\laragon\\www\\laravel-skill-test\\vendor\\laravel\\framework\\src\\Illuminate\\Foundation\\Application.php(1234): Illuminate\\Foundation\\Console\\Kernel->handle(Object(Symfony\\Component\\Console\\Input\\ArgvInput), Object(Symfony\\Component\\Console\\Output\\ConsoleOutput))
#37 C:\\laragon\\www\\laravel-skill-test\\artisan(16): Illuminate\\Foundation\\Application->handleCommand(Object(Symfony\\Component\\Console\\Input\\ArgvInput))
#38 {main}
"} 
[2026-02-09 05:09:36] local.ERROR: Command "sevr" is not defined. {"exception":"[object] (Symfony\\Component\\Console\\Exception\\CommandNotFoundException(code: 0): Command \"sevr\" is not defined. at C:\\laragon\\www\\laravel-skill-test\\vendor\\symfony\\console\\Application.php:726)
[stacktrace]
#0 C:\\laragon\\www\\laravel-skill-test\\vendor\\symfony\\console\\Application.php(284): Symfony\\Component\\Console\\Application->find('sevr')
#1 C:\\laragon\\www\\laravel-skill-test\\vendor\\symfony\\console\\Application.php(193): Symfony\\Component\\Console\\Application->doRun(Object(Symfony\\Component\\Console\\Input\\ArgvInput), Object(Symfony\\Component\\Console\\Output\\ConsoleOutput))
#2 C:\\laragon\\www\\laravel-skill-test\\vendor\\laravel\\framework\\src\\Illuminate\\Foundation\\Console\\Kernel.php(197): Symfony\\Component\\Console\\Application->run(Object(Symfony\\Component\\Console\\Input\\ArgvInput), Object(Symfony\\Component\\Console\\Output\\ConsoleOutput))
#3 C:\\laragon\\www\\laravel-skill-test\\vendor\\laravel\\framework\\src\\Illuminate\\Foundation\\Application.php(1234): Illuminate\\Foundation\\Console\\Kernel->handle(Object(Symfony\\Component\\Console\\Input\\ArgvInput), Object(Symfony\\Component\\Console\\Output\\ConsoleOutput))
#4 C:\\laragon\\www\\laravel-skill-test\\artisan(16): Illuminate\\Foundation\\Application->handleCommand(Object(Symfony\\Component\\Console\\Input\\ArgvInput))
#5 {main}
"} 
[2026-02-09 05:11:19] local.ERROR: Call to undefined relationship [user] on model [App\Models\Post]. {"exception":"[object] (Illuminate\\Database\\Eloquent\\RelationNotFoundException(code: 0): Call to undefined relationship [user] on model [App\\Models\\Post]. at C:\\laragon\\www\\laravel-skill-test\\vendor\\laravel\\framework\\src\\Illuminate\\Database\\Eloquent\\RelationNotFoundException.php:35)
[stacktrace]
#0 C:\\laragon\\www\\laravel-skill-test\\vendor\\laravel\\framework\\src\\Illuminate\\Database\\Eloquent\\Builder.php(939): Illuminate\\Database\\Eloquent\\RelationNotFoundException::make(Object(App\\Models\\Post), 'user')
#1 C:\\laragon\\www\\laravel-skill-test\\vendor\\laravel\\framework\\src\\Illuminate\\Database\\Eloquent\\Relations\\Relation.php(119): Illuminate\\Database\\Eloquent\\Builder->{closure:Illuminate\\Database\\Eloquent\\Builder::getRelation():935}()
#2 C:\\laragon\\www\\laravel-skill-test\\vendor\\laravel\\framework\\src\\Illuminate\\Database\\Eloquent\\Builder.php(935): Illuminate\\Database\\Eloquent\\Relations\\Relation::noConstraints(Object(Closure))
#3 C:\\laragon\\www\\laravel-skill-test\\vendor\\laravel\\framework\\src\\Illuminate\\Database\\Eloquent\\Builder.php(909): Illuminate\\Database\\Eloquent\\Builder->getRelation('user')
#4 C:\\laragon\\www\\laravel-skill-test\\vendor\\laravel\\framework\\src\\Illuminate\\Database\\Eloquent\\Builder.php(889): Illuminate\\Database\\Eloquent\\Builder->eagerLoadRelation(Array, 'user', Object(Closure))
#5 C:\\laragon\\www\\laravel-skill-test\\vendor\\laravel\\framework\\src\\Illuminate\\Database\\Eloquent\\Builder.php(855): Illuminate\\Database\\Eloquent\\Builder->eagerLoadRelations(Array)
#6 C:\\laragon\\www\\laravel-skill-test\\vendor\\laravel\\framework\\src\\Illuminate\\Database\\Eloquent\\Builder.php(1095): Illuminate\\Database\\Eloquent\\Builder->get(Array)
#7 C:\\laragon\\www\\laravel-skill-test\\app\\Http\\Controllers\\PostController.php(16): Illuminate\\Database\\Eloquent\\Builder->paginate(20)
#8 C:\\laragon\\www\\laravel-skill-test\\vendor\\laravel\\framework\\src\\Illuminate\\Routing\\ControllerDispatcher.php(46): App\\Http\\Controllers\\PostController->index()
#9 C:\\laragon\\www\\laravel-skill-test\\vendor\\laravel\\framework\\src\\Illuminate\\Routing\\Route.php(265): Illuminate\\Routing\\ControllerDispatcher->dispatch(Object(Illuminate\\Routing\\Route), Object(App\\Http\\Controllers\\PostController), 'index')
#10 C:\\laragon\\www\\laravel-skill-test\\vendor\\laravel\\framework\\src\\Illuminate\\Routing\\Route.php(211): Illuminate\\Routing\\Route->runController()
#11 C:\\laragon\\www\\laravel-skill-test\\vendor\\laravel\\framework\\src\\Illuminate\\Routing\\Router.php(808): Illuminate\\Routing\\Route->run()
#12 C:\\laragon\\www\\laravel-skill-test\\vendor\\laravel\\framework\\src\\Illuminate\\Pipeline\\Pipeline.php(169): Illuminate\\Routing\\Router->{closure:Illuminate\\Routing\\Router::runRouteWithinStack():807}(Object(Illuminate\\Http\\Request))
#13 C:\\laragon\\www\\laravel-skill-test\\vendor\\laravel\\framework\\src\\Illuminate\\Routing\\Middleware\\SubstituteBindings.php(50): Illuminate\\Pipeline\\Pipeline->{closure:Illuminate\\Pipeline\\Pipeline::prepareDestination():167}(Object(Illuminate\\Http\\Request))
#14 C:\\laragon\\www\\laravel-skill-test\\vendor\\laravel\\framework\\src\\Illuminate\\Pipeline\\Pipeline.php(208): Illuminate\\Routing\\Middleware\\SubstituteBindings->handle(Object(Illuminate\\Http\\Request), Object(Closure))
#15 C:\\laragon\\www\\laravel-skill-test\\vendor\\laravel\\framework\\src\\Illuminate\\Pipeline\\Pipeline.php(126): Illuminate\\Pipeline\\Pipeline->{closure:{closure:Illuminate\\Pipeline\\Pipeline::carry():183}:184}(Object(Illuminate\\Http\\Request))
#16 C:\\laragon\\www\\laravel-skill-test\\vendor\\laravel\\framework\\src\\Illuminate\\Routing\\Router.php(807): Illuminate\\Pipeline\\Pipeline->then(Object(Closure))
#17 C:\\laragon\\www\\laravel-skill-test\\vendor\\laravel\\framework\\src\\Illuminate\\Routing\\Router.php(786): Illuminate\\Routing\\Router->runRouteWithinStack(Object(Illuminate\\Routing\\Route), Object(Illuminate\\Http\\Request))
#18 C:\\laragon\\www\\laravel-skill-test\\vendor\\laravel\\framework\\src\\Illuminate\\Routing\\Router.php(750): Illuminate\\Routing\\Router->runRoute(Object(Illuminate\\Http\\Request), Object(Illuminate\\Routing\\Route))
#19 C:\\laragon\\www\\laravel-skill-test\\vendor\\laravel\\framework\\src\\Illuminate\\Routing\\Router.php(739): Illuminate\\Routing\\Router->dispatchToRoute(Object(Illuminate\\Http\\Request))
#20 C:\\laragon\\www\\laravel-skill-test\\vendor\\laravel\\framework\\src\\Illuminate\\Foundation\\Http\\Kernel.php(200): Illuminate\\Routing\\Router->dispatch(Object(Illuminate\\Http\\Request))
#21 C:\\laragon\\www\\laravel-skill-test\\vendor\\laravel\\framework\\src\\Illuminate\\Pipeline\\Pipeline.php(169): Illuminate\\Foundation\\Http\\Kernel->{closure:Illuminate\\Foundation\\Http\\Kernel::dispatchToRouter():197}(Object(Illuminate\\Http\\Request))
#22 C:\\laragon\\www\\laravel-skill-test\\vendor\\barryvdh\\laravel-debugbar\\src\\Middleware\\InjectDebugbar.php(66): Illuminate\\Pipeline\\Pipeline->{closure:Illuminate\\Pipeline\\Pipeline::prepareDestination():167}(Object(Illuminate\\Http\\Request))
#23 C:\\laragon\\www\\laravel-skill-test\\vendor\\laravel\\framework\\src\\Illuminate\\Pipeline\\Pipeline.php(208): Barryvdh\\Debugbar\\Middleware\\InjectDebugbar->handle(Object(Illuminate\\Http\\Request), Object(Closure))
#24 C:\\laragon\\www\\laravel-skill-test\\vendor\\laravel\\framework\\src\\Illuminate\\Foundation\\Http\\Middleware\\TransformsRequest.php(21): Illuminate\\Pipeline\\Pipeline->{closure:{closure:Illuminate\\Pipeline\\Pipeline::carry():183}:184}(Object(Illuminate\\Http\\Request))
#25 C:\\laragon\\www\\laravel-skill-test\\vendor\\laravel\\framework\\src\\Illuminate\\Foundation\\Http\\Middleware\\ConvertEmptyStringsToNull.php(31): Illuminate\\Foundation\\Http\\Middleware\\TransformsRequest->handle(Object(Illuminate\\Http\\Request), Object(Closure))
#26 C:\\laragon\\www\\laravel-skill-test\\vendor\\laravel\\framework\\src\\Illuminate\\Pipeline\\Pipeline.php(208): Illuminate\\Foundation\\Http\\Middleware\\ConvertEmptyStringsToNull->handle(Object(Illuminate\\Http\\Request), Object(Closure))
#27 C:\\laragon\\www\\laravel-skill-test\\vendor\\laravel\\framework\\src\\Illuminate\\Foundation\\Http\\Middleware\\TransformsRequest.php(21): Illuminate\\Pipeline\\Pipeline->{closure:{closure:Illuminate\\Pipeline\\Pipeline::carry():183}:184}(Object(Illuminate\\Http\\Request))
#28 C:\\laragon\\www\\laravel-skill-test\\vendor\\laravel\\framework\\src\\Illuminate\\Foundation\\Http\\Middleware\\TrimStrings.php(51): Illuminate\\Foundation\\Http\\Middleware\\TransformsRequest->handle(Object(Illuminate\\Http\\Request), Object(Closure))
#29 C:\\laragon\\www\\laravel-skill-test\\vendor\\laravel\\framework\\src\\Illuminate\\Pipeline\\Pipeline.php(208): Illuminate\\Foundation\\Http\\Middleware\\TrimStrings->handle(Object(Illuminate\\Http\\Request), Object(Closure))
#30 C:\\laragon\\www\\laravel-skill-test\\vendor\\laravel\\framework\\src\\Illuminate\\Http\\Middleware\\ValidatePostSize.php(27): Illuminate\\Pipeline\\Pipeline->{closure:{closure:Illuminate\\Pipeline\\Pipeline::carry():183}:184}(Object(Illuminate\\Http\\Request))
#31 C:\\laragon\\www\\laravel-skill-test\\vendor\\laravel\\framework\\src\\Illuminate\\Pipeline\\Pipeline.php(208): Illuminate\\Http\\Middleware\\ValidatePostSize->handle(Object(Illuminate\\Http\\Request), Object(Closure))
#32 C:\\laragon\\www\\laravel-skill-test\\vendor\\laravel\\framework\\src\\Illuminate\\Foundation\\Http\\Middleware\\PreventRequestsDuringMaintenance.php(109): Illuminate\\Pipeline\\Pipeline->{closure:{closure:Illuminate\\Pipeline\\Pipeline::carry():183}:184}(Object(Illuminate\\Http\\Request))
#33 C:\\laragon\\www\\laravel-skill-test\\vendor\\laravel\\framework\\src\\Illuminate\\Pipeline\\Pipeline.php(208): Illuminate\\Foundation\\Http\\Middleware\\PreventRequestsDuringMaintenance->handle(Object(Illuminate\\Http\\Request), Object(Closure))
#34 C:\\laragon\\www\\laravel-skill-test\\vendor\\laravel\\framework\\src\\Illuminate\\Http\\Middleware\\HandleCors.php(61): Illuminate\\Pipeline\\Pipeline->{closure:{closure:Illuminate\\Pipeline\\Pipeline::carry():183}:184}(Object(Illuminate\\Http\\Request))
#35 C:\\laragon\\www\\laravel-skill-test\\vendor\\laravel\\framework\\src\\Illuminate\\Pipeline\\Pipeline.php(208): Illuminate\\Http\\Middleware\\HandleCors->handle(Object(Illuminate\\Http\\Request), Object(Closure))
#36 C:\\laragon\\www\\laravel-skill-test\\vendor\\laravel\\framework\\src\\Illuminate\\Http\\Middleware\\TrustProxies.php(58): Illuminate\\Pipeline\\Pipeline->{closure:{closure:Illuminate\\Pipeline\\Pipeline::carry():183}:184}(Object(Illuminate\\Http\\Request))
#37 C:\\laragon\\www\\laravel-skill-test\\vendor\\laravel\\framework\\src\\Illuminate\\Pipeline\\Pipeline.php(208): Illuminate\\Http\\Middleware\\TrustProxies->handle(Object(Illuminate\\Http\\Request), Object(Closure))
#38 C:\\laragon\\www\\laravel-skill-test\\vendor\\laravel\\framework\\src\\Illuminate\\Foundation\\Http\\Middleware\\InvokeDeferredCallbacks.php(22): Illuminate\\Pipeline\\Pipeline->{closure:{closure:Illuminate\\Pipeline\\Pipeline::carry():183}:184}(Object(Illuminate\\Http\\Request))
#39 C:\\laragon\\www\\laravel-skill-test\\vendor\\laravel\\framework\\src\\Illuminate\\Pipeline\\Pipeline.php(208): Illuminate\\Foundation\\Http\\Middleware\\InvokeDeferredCallbacks->handle(Object(Illuminate\\Http\\Request), Object(Closure))
#40 C:\\laragon\\www\\laravel-skill-test\\vendor\\laravel\\framework\\src\\Illuminate\\Http\\Middleware\\ValidatePathEncoding.php(26): Illuminate\\Pipeline\\Pipeline->{closure:{closure:Illuminate\\Pipeline\\Pipeline::carry():183}:184}(Object(Illuminate\\Http\\Request))
#41 C:\\laragon\\www\\laravel-skill-test\\vendor\\laravel\\framework\\src\\Illuminate\\Pipeline\\Pipeline.php(208): Illuminate\\Http\\Middleware\\ValidatePathEncoding->handle(Object(Illuminate\\Http\\Request), Object(Closure))
#42 C:\\laragon\\www\\laravel-skill-test\\vendor\\laravel\\framework\\src\\Illuminate\\Pipeline\\Pipeline.php(126): Illuminate\\Pipeline\\Pipeline->{closure:{closure:Illuminate\\Pipeline\\Pipeline::carry():183}:184}(Object(Illuminate\\Http\\Request))
#43 C:\\laragon\\www\\laravel-skill-test\\vendor\\laravel\\framework\\src\\Illuminate\\Foundation\\Http\\Kernel.php(175): Illuminate\\Pipeline\\Pipeline->then(Object(Closure))
#44 C:\\laragon\\www\\laravel-skill-test\\vendor\\laravel\\framework\\src\\Illuminate\\Foundation\\Http\\Kernel.php(144): Illuminate\\Foundation\\Http\\Kernel->sendRequestThroughRouter(Object(Illuminate\\Http\\Request))
#45 C:\\laragon\\www\\laravel-skill-test\\vendor\\laravel\\framework\\src\\Illuminate\\Foundation\\Application.php(1219): Illuminate\\Foundation\\Http\\Kernel->handle(Object(Illuminate\\Http\\Request))
#46 C:\\laragon\\www\\laravel-skill-test\\public\\index.php(20): Illuminate\\Foundation\\Application->handleRequest(Object(Illuminate\\Http\\Request))
#47 C:\\laragon\\www\\laravel-skill-test\\vendor\\laravel\\framework\\src\\Illuminate\\Foundation\\resources\\server.php(23): require_once('C:\\\\laragon\\\\www\\\\...')
#48 {main}
"} 
[2026-02-09 05:13:01] local.ERROR: Call to undefined relationship [user] on model [App\Models\Post]. {"exception":"[object] (Illuminate\\Database\\Eloquent\\RelationNotFoundException(code: 0): Call to undefined relationship [user] on model [App\\Models\\Post]. at C:\\laragon\\www\\laravel-skill-test\\vendor\\laravel\\framework\\src\\Illuminate\\Database\\Eloquent\\RelationNotFoundException.php:35)
[stacktrace]
#0 C:\\laragon\\www\\laravel-skill-test\\vendor\\laravel\\framework\\src\\Illuminate\\Database\\Eloquent\\Builder.php(939): Illuminate\\Database\\Eloquent\\RelationNotFoundException::make(Object(App\\Models\\Post), 'user')
#1 C:\\laragon\\www\\laravel-skill-test\\vendor\\laravel\\framework\\src\\Illuminate\\Database\\Eloquent\\Relations\\Relation.php(119): Illuminate\\Database\\Eloquent\\Builder->{closure:Illuminate\\Database\\Eloquent\\Builder::getRelation():935}()
#2 C:\\laragon\\www\\laravel-skill-test\\vendor\\laravel\\framework\\src\\Illuminate\\Database\\Eloquent\\Builder.php(935): Illuminate\\Database\\Eloquent\\Relations\\Relation::noConstraints(Object(Closure))
#3 C:\\laragon\\www\\laravel-skill-test\\vendor\\laravel\\framework\\src\\Illuminate\\Database\\Eloquent\\Builder.php(909): Illuminate\\Database\\Eloquent\\Builder->getRelation('user')
#4 C:\\laragon\\www\\laravel-skill-test\\vendor\\laravel\\framework\\src\\Illuminate\\Database\\Eloquent\\Builder.php(889): Illuminate\\Database\\Eloquent\\Builder->eagerLoadRelation(Array, 'user', Object(Closure))
#5 C:\\laragon\\www\\laravel-skill-test\\vendor\\laravel\\framework\\src\\Illuminate\\Database\\Eloquent\\Builder.php(855): Illuminate\\Database\\Eloquent\\Builder->eagerLoadRelations(Array)
#6 C:\\laragon\\www\\laravel-skill-test\\vendor\\laravel\\framework\\src\\Illuminate\\Database\\Eloquent\\Builder.php(1095): Illuminate\\Database\\Eloquent\\Builder->get(Array)
#7 C:\\laragon\\www\\laravel-skill-test\\app\\Http\\Controllers\\PostController.php(16): Illuminate\\Database\\Eloquent\\Builder->paginate(20)
#8 C:\\laragon\\www\\laravel-skill-test\\vendor\\laravel\\framework\\src\\Illuminate\\Routing\\ControllerDispatcher.php(46): App\\Http\\Controllers\\PostController->index()
#9 C:\\laragon\\www\\laravel-skill-test\\vendor\\laravel\\framework\\src\\Illuminate\\Routing\\Route.php(265): Illuminate\\Routing\\ControllerDispatcher->dispatch(Object(Illuminate\\Routing\\Route), Object(App\\Http\\Controllers\\PostController), 'index')
#10 C:\\laragon\\www\\laravel-skill-test\\vendor\\laravel\\framework\\src\\Illuminate\\Routing\\Route.php(211): Illuminate\\Routing\\Route->runController()
#11 C:\\laragon\\www\\laravel-skill-test\\vendor\\laravel\\framework\\src\\Illuminate\\Routing\\Router.php(808): Illuminate\\Routing\\Route->run()
#12 C:\\laragon\\www\\laravel-skill-test\\vendor\\laravel\\framework\\src\\Illuminate\\Pipeline\\Pipeline.php(169): Illuminate\\Routing\\Router->{closure:Illuminate\\Routing\\Router::runRouteWithinStack():807}(Object(Illuminate\\Http\\Request))
#13 C:\\laragon\\www\\laravel-skill-test\\vendor\\laravel\\framework\\src\\Illuminate\\Routing\\Middleware\\SubstituteBindings.php(50): Illuminate\\Pipeline\\Pipeline->{closure:Illuminate\\Pipeline\\Pipeline::prepareDestination():167}(Object(Illuminate\\Http\\Request))
#14 C:\\laragon\\www\\laravel-skill-test\\vendor\\laravel\\framework\\src\\Illuminate\\Pipeline\\Pipeline.php(208): Illuminate\\Routing\\Middleware\\SubstituteBindings->handle(Object(Illuminate\\Http\\Request), Object(Closure))
#15 C:\\laragon\\www\\laravel-skill-test\\vendor\\laravel\\framework\\src\\Illuminate\\Pipeline\\Pipeline.php(126): Illuminate\\Pipeline\\Pipeline->{closure:{closure:Illuminate\\Pipeline\\Pipeline::carry():183}:184}(Object(Illuminate\\Http\\Request))
#16 C:\\laragon\\www\\laravel-skill-test\\vendor\\laravel\\framework\\src\\Illuminate\\Routing\\Router.php(807): Illuminate\\Pipeline\\Pipeline->then(Object(Closure))
#17 C:\\laragon\\www\\laravel-skill-test\\vendor\\laravel\\framework\\src\\Illuminate\\Routing\\Router.php(786): Illuminate\\Routing\\Router->runRouteWithinStack(Object(Illuminate\\Routing\\Route), Object(Illuminate\\Http\\Request))
#18 C:\\laragon\\www\\laravel-skill-test\\vendor\\laravel\\framework\\src\\Illuminate\\Routing\\Router.php(750): Illuminate\\Routing\\Router->runRoute(Object(Illuminate\\Http\\Request), Object(Illuminate\\Routing\\Route))
#19 C:\\laragon\\www\\laravel-skill-test\\vendor\\laravel\\framework\\src\\Illuminate\\Routing\\Router.php(739): Illuminate\\Routing\\Router->dispatchToRoute(Object(Illuminate\\Http\\Request))
#20 C:\\laragon\\www\\laravel-skill-test\\vendor\\laravel\\framework\\src\\Illuminate\\Foundation\\Http\\Kernel.php(200): Illuminate\\Routing\\Router->dispatch(Object(Illuminate\\Http\\Request))
#21 C:\\laragon\\www\\laravel-skill-test\\vendor\\laravel\\framework\\src\\Illuminate\\Pipeline\\Pipeline.php(169): Illuminate\\Foundation\\Http\\Kernel->{closure:Illuminate\\Foundation\\Http\\Kernel::dispatchToRouter():197}(Object(Illuminate\\Http\\Request))
#22 C:\\laragon\\www\\laravel-skill-test\\vendor\\barryvdh\\laravel-debugbar\\src\\Middleware\\InjectDebugbar.php(66): Illuminate\\Pipeline\\Pipeline->{closure:Illuminate\\Pipeline\\Pipeline::prepareDestination():167}(Object(Illuminate\\Http\\Request))
#23 C:\\laragon\\www\\laravel-skill-test\\vendor\\laravel\\framework\\src\\Illuminate\\Pipeline\\Pipeline.php(208): Barryvdh\\Debugbar\\Middleware\\InjectDebugbar->handle(Object(Illuminate\\Http\\Request), Object(Closure))
#24 C:\\laragon\\www\\laravel-skill-test\\vendor\\laravel\\framework\\src\\Illuminate\\Foundation\\Http\\Middleware\\TransformsRequest.php(21): Illuminate\\Pipeline\\Pipeline->{closure:{closure:Illuminate\\Pipeline\\Pipeline::carry():183}:184}(Object(Illuminate\\Http\\Request))
#25 C:\\laragon\\www\\laravel-skill-test\\vendor\\laravel\\framework\\src\\Illuminate\\Foundation\\Http\\Middleware\\ConvertEmptyStringsToNull.php(31): Illuminate\\Foundation\\Http\\Middleware\\TransformsRequest->handle(Object(Illuminate\\Http\\Request), Object(Closure))
#26 C:\\laragon\\www\\laravel-skill-test\\vendor\\laravel\\framework\\src\\Illuminate\\Pipeline\\Pipeline.php(208): Illuminate\\Foundation\\Http\\Middleware\\ConvertEmptyStringsToNull->handle(Object(Illuminate\\Http\\Request), Object(Closure))
#27 C:\\laragon\\www\\laravel-skill-test\\vendor\\laravel\\framework\\src\\Illuminate\\Foundation\\Http\\Middleware\\TransformsRequest.php(21): Illuminate\\Pipeline\\Pipeline->{closure:{closure:Illuminate\\Pipeline\\Pipeline::carry():183}:184}(Object(Illuminate\\Http\\Request))
#28 C:\\laragon\\www\\laravel-skill-test\\vendor\\laravel\\framework\\src\\Illuminate\\Foundation\\Http\\Middleware\\TrimStrings.php(51): Illuminate\\Foundation\\Http\\Middleware\\TransformsRequest->handle(Object(Illuminate\\Http\\Request), Object(Closure))
#29 C:\\laragon\\www\\laravel-skill-test\\vendor\\laravel\\framework\\src\\Illuminate\\Pipeline\\Pipeline.php(208): Illuminate\\Foundation\\Http\\Middleware\\TrimStrings->handle(Object(Illuminate\\Http\\Request), Object(Closure))
#30 C:\\laragon\\www\\laravel-skill-test\\vendor\\laravel\\framework\\src\\Illuminate\\Http\\Middleware\\ValidatePostSize.php(27): Illuminate\\Pipeline\\Pipeline->{closure:{closure:Illuminate\\Pipeline\\Pipeline::carry():183}:184}(Object(Illuminate\\Http\\Request))
#31 C:\\laragon\\www\\laravel-skill-test\\vendor\\laravel\\framework\\src\\Illuminate\\Pipeline\\Pipeline.php(208): Illuminate\\Http\\Middleware\\ValidatePostSize->handle(Object(Illuminate\\Http\\Request), Object(Closure))
#32 C:\\laragon\\www\\laravel-skill-test\\vendor\\laravel\\framework\\src\\Illuminate\\Foundation\\Http\\Middleware\\PreventRequestsDuringMaintenance.php(109): Illuminate\\Pipeline\\Pipeline->{closure:{closure:Illuminate\\Pipeline\\Pipeline::carry():183}:184}(Object(Illuminate\\Http\\Request))
#33 C:\\laragon\\www\\laravel-skill-test\\vendor\\laravel\\framework\\src\\Illuminate\\Pipeline\\Pipeline.php(208): Illuminate\\Foundation\\Http\\Middleware\\PreventRequestsDuringMaintenance->handle(Object(Illuminate\\Http\\Request), Object(Closure))
#34 C:\\laragon\\www\\laravel-skill-test\\vendor\\laravel\\framework\\src\\Illuminate\\Http\\Middleware\\HandleCors.php(61): Illuminate\\Pipeline\\Pipeline->{closure:{closure:Illuminate\\Pipeline\\Pipeline::carry():183}:184}(Object(Illuminate\\Http\\Request))
#35 C:\\laragon\\www\\laravel-skill-test\\vendor\\laravel\\framework\\src\\Illuminate\\Pipeline\\Pipeline.php(208): Illuminate\\Http\\Middleware\\HandleCors->handle(Object(Illuminate\\Http\\Request), Object(Closure))
#36 C:\\laragon\\www\\laravel-skill-test\\vendor\\laravel\\framework\\src\\Illuminate\\Http\\Middleware\\TrustProxies.php(58): Illuminate\\Pipeline\\Pipeline->{closure:{closure:Illuminate\\Pipeline\\Pipeline::carry():183}:184}(Object(Illuminate\\Http\\Request))
#37 C:\\laragon\\www\\laravel-skill-test\\vendor\\laravel\\framework\\src\\Illuminate\\Pipeline\\Pipeline.php(208): Illuminate\\Http\\Middleware\\TrustProxies->handle(Object(Illuminate\\Http\\Request), Object(Closure))
#38 C:\\laragon\\www\\laravel-skill-test\\vendor\\laravel\\framework\\src\\Illuminate\\Foundation\\Http\\Middleware\\InvokeDeferredCallbacks.php(22): Illuminate\\Pipeline\\Pipeline->{closure:{closure:Illuminate\\Pipeline\\Pipeline::carry():183}:184}(Object(Illuminate\\Http\\Request))
#39 C:\\laragon\\www\\laravel-skill-test\\vendor\\laravel\\framework\\src\\Illuminate\\Pipeline\\Pipeline.php(208): Illuminate\\Foundation\\Http\\Middleware\\InvokeDeferredCallbacks->handle(Object(Illuminate\\Http\\Request), Object(Closure))
#40 C:\\laragon\\www\\laravel-skill-test\\vendor\\laravel\\framework\\src\\Illuminate\\Http\\Middleware\\ValidatePathEncoding.php(26): Illuminate\\Pipeline\\Pipeline->{closure:{closure:Illuminate\\Pipeline\\Pipeline::carry():183}:184}(Object(Illuminate\\Http\\Request))
#41 C:\\laragon\\www\\laravel-skill-test\\vendor\\laravel\\framework\\src\\Illuminate\\Pipeline\\Pipeline.php(208): Illuminate\\Http\\Middleware\\ValidatePathEncoding->handle(Object(Illuminate\\Http\\Request), Object(Closure))
#42 C:\\laragon\\www\\laravel-skill-test\\vendor\\laravel\\framework\\src\\Illuminate\\Pipeline\\Pipeline.php(126): Illuminate\\Pipeline\\Pipeline->{closure:{closure:Illuminate\\Pipeline\\Pipeline::carry():183}:184}(Object(Illuminate\\Http\\Request))
#43 C:\\laragon\\www\\laravel-skill-test\\vendor\\laravel\\framework\\src\\Illuminate\\Foundation\\Http\\Kernel.php(175): Illuminate\\Pipeline\\Pipeline->then(Object(Closure))
#44 C:\\laragon\\www\\laravel-skill-test\\vendor\\laravel\\framework\\src\\Illuminate\\Foundation\\Http\\Kernel.php(144): Illuminate\\Foundation\\Http\\Kernel->sendRequestThroughRouter(Object(Illuminate\\Http\\Request))
#45 C:\\laragon\\www\\laravel-skill-test\\vendor\\laravel\\framework\\src\\Illuminate\\Foundation\\Application.php(1219): Illuminate\\Foundation\\Http\\Kernel->handle(Object(Illuminate\\Http\\Request))
#46 C:\\laragon\\www\\laravel-skill-test\\public\\index.php(20): Illuminate\\Foundation\\Application->handleRequest(Object(Illuminate\\Http\\Request))
#47 C:\\laragon\\www\\laravel-skill-test\\vendor\\laravel\\framework\\src\\Illuminate\\Foundation\\resources\\server.php(23): require_once('C:\\\\laragon\\\\www\\\\...')
#48 {main}
"} 
[2026-02-09 05:19:51] local.ERROR: Invalid route action: [App\Http\Controllers\PostController]. {"exception":"[object] (UnexpectedValueException(code: 0): Invalid route action: [App\\Http\\Controllers\\PostController]. at C:\\laragon\\www\\laravel-skill-test\\vendor\\laravel\\framework\\src\\Illuminate\\Routing\\RouteAction.php:92)
[stacktrace]
#0 C:\\laragon\\www\\laravel-skill-test\\vendor\\laravel\\framework\\src\\Illuminate\\Routing\\RouteAction.php(47): Illuminate\\Routing\\RouteAction::makeInvokable('App\\\\Http\\\\Contro...')
#1 C:\\laragon\\www\\laravel-skill-test\\vendor\\laravel\\framework\\src\\Illuminate\\Routing\\Route.php(197): Illuminate\\Routing\\RouteAction::parse('api/posts', Array)
#2 C:\\laragon\\www\\laravel-skill-test\\vendor\\laravel\\framework\\src\\Illuminate\\Routing\\Route.php(178): Illuminate\\Routing\\Route->parseAction(Array)
#3 C:\\laragon\\www\\laravel-skill-test\\vendor\\laravel\\framework\\src\\Illuminate\\Routing\\Router.php(671): Illuminate\\Routing\\Route->__construct(Array, 'api/posts', Array)
#4 C:\\laragon\\www\\laravel-skill-test\\vendor\\laravel\\framework\\src\\Illuminate\\Routing\\Router.php(562): Illuminate\\Routing\\Router->newRoute(Array, 'api/posts', Array)
#5 C:\\laragon\\www\\laravel-skill-test\\vendor\\laravel\\framework\\src\\Illuminate\\Routing\\Router.php(542): Illuminate\\Routing\\Router->createRoute(Array, 'posts', Array)
#6 C:\\laragon\\www\\laravel-skill-test\\vendor\\laravel\\framework\\src\\Illuminate\\Routing\\Router.php(160): Illuminate\\Routing\\Router->addRoute(Array, 'posts', 'App\\\\Http\\\\Contro...')
#7 C:\\laragon\\www\\laravel-skill-test\\vendor\\laravel\\framework\\src\\Illuminate\\Support\\Facades\\Facade.php(361): Illuminate\\Routing\\Router->get('posts', 'App\\\\Http\\\\Contro...')
#8 C:\\laragon\\www\\laravel-skill-test\\routes\\api.php(11): Illuminate\\Support\\Facades\\Facade::__callStatic('get', Array)
#9 C:\\laragon\\www\\laravel-skill-test\\vendor\\laravel\\framework\\src\\Illuminate\\Routing\\RouteFileRegistrar.php(34): require('C:\\\\laragon\\\\www\\\\...')
#10 C:\\laragon\\www\\laravel-skill-test\\vendor\\laravel\\framework\\src\\Illuminate\\Routing\\Router.php(512): Illuminate\\Routing\\RouteFileRegistrar->register('C:\\\\laragon\\\\www\\\\...')
#11 C:\\laragon\\www\\laravel-skill-test\\vendor\\laravel\\framework\\src\\Illuminate\\Routing\\Router.php(466): Illuminate\\Routing\\Router->loadRoutes('C:\\\\laragon\\\\www\\\\...')
#12 C:\\laragon\\www\\laravel-skill-test\\vendor\\laravel\\framework\\src\\Illuminate\\Routing\\RouteRegistrar.php(206): Illuminate\\Routing\\Router->group(Array, 'C:\\\\laragon\\\\www\\\\...')
#13 C:\\laragon\\www\\laravel-skill-test\\vendor\\laravel\\framework\\src\\Illuminate\\Foundation\\Configuration\\ApplicationBuilder.php(214): Illuminate\\Routing\\RouteRegistrar->group('C:\\\\laragon\\\\www\\\\...')
#14 C:\\laragon\\www\\laravel-skill-test\\vendor\\laravel\\framework\\src\\Illuminate\\Container\\BoundMethod.php(36): Illuminate\\Foundation\\Configuration\\ApplicationBuilder->{closure:Illuminate\\Foundation\\Configuration\\ApplicationBuilder::buildRoutingCallback():205}()
#15 C:\\laragon\\www\\laravel-skill-test\\vendor\\laravel\\framework\\src\\Illuminate\\Container\\Util.php(43): Illuminate\\Container\\BoundMethod::{closure:Illuminate\\Container\\BoundMethod::call():35}()
#16 C:\\laragon\\www\\laravel-skill-test\\vendor\\laravel\\framework\\src\\Illuminate\\Container\\BoundMethod.php(84): Illuminate\\Container\\Util::unwrapIfClosure(Object(Closure))
#17 C:\\laragon\\www\\laravel-skill-test\\vendor\\laravel\\framework\\src\\Illuminate\\Container\\BoundMethod.php(35): Illuminate\\Container\\BoundMethod::callBoundMethod(Object(Illuminate\\Foundation\\Application), Object(Closure), Object(Closure))
#18 C:\\laragon\\www\\laravel-skill-test\\vendor\\laravel\\framework\\src\\Illuminate\\Container\\Container.php(754): Illuminate\\Container\\BoundMethod::call(Object(Illuminate\\Foundation\\Application), Object(Closure), Array, NULL)
#19 C:\\laragon\\www\\laravel-skill-test\\vendor\\laravel\\framework\\src\\Illuminate\\Foundation\\Support\\Providers\\RouteServiceProvider.php(162): Illuminate\\Container\\Container->call(Object(Closure))
#20 C:\\laragon\\www\\laravel-skill-test\\vendor\\laravel\\framework\\src\\Illuminate\\Foundation\\Support\\Providers\\RouteServiceProvider.php(59): Illuminate\\Foundation\\Support\\Providers\\RouteServiceProvider->loadRoutes()
#21 C:\\laragon\\www\\laravel-skill-test\\vendor\\laravel\\framework\\src\\Illuminate\\Container\\BoundMethod.php(36): Illuminate\\Foundation\\Support\\Providers\\RouteServiceProvider->{closure:Illuminate\\Foundation\\Support\\Providers\\RouteServiceProvider::register():53}()
#22 C:\\laragon\\www\\laravel-skill-test\\vendor\\laravel\\framework\\src\\Illuminate\\Container\\Util.php(43): Illuminate\\Container\\BoundMethod::{closure:Illuminate\\Container\\BoundMethod::call():35}()
#23 C:\\laragon\\www\\laravel-skill-test\\vendor\\laravel\\framework\\src\\Illuminate\\Container\\BoundMethod.php(84): Illuminate\\Container\\Util::unwrapIfClosure(Object(Closure))
#24 C:\\laragon\\www\\laravel-skill-test\\vendor\\laravel\\framework\\src\\Illuminate\\Container\\BoundMethod.php(35): Illuminate\\Container\\BoundMethod::callBoundMethod(Object(Illuminate\\Foundation\\Application), Object(Closure), Object(Closure))
#25 C:\\laragon\\www\\laravel-skill-test\\vendor\\laravel\\framework\\src\\Illuminate\\Container\\Container.php(754): Illuminate\\Container\\BoundMethod::call(Object(Illuminate\\Foundation\\Application), Object(Closure), Array, NULL)
#26 C:\\laragon\\www\\laravel-skill-test\\vendor\\laravel\\framework\\src\\Illuminate\\Support\\ServiceProvider.php(143): Illuminate\\Container\\Container->call(Object(Closure))
#27 C:\\laragon\\www\\laravel-skill-test\\vendor\\laravel\\framework\\src\\Illuminate\\Foundation\\Application.php(1153): Illuminate\\Support\\ServiceProvider->callBootedCallbacks()
#28 C:\\laragon\\www\\laravel-skill-test\\vendor\\laravel\\framework\\src\\Illuminate\\Foundation\\Application.php(1131): Illuminate\\Foundation\\Application->bootProvider(Object(Illuminate\\Foundation\\Support\\Providers\\RouteServiceProvider))
#29 [internal function]: Illuminate\\Foundation\\Application->{closure:Illuminate\\Foundation\\Application::boot():1130}(Object(Illuminate\\Foundation\\Support\\Providers\\RouteServiceProvider), 'Illuminate\\\\Foun...')
#30 C:\\laragon\\www\\laravel-skill-test\\vendor\\laravel\\framework\\src\\Illuminate\\Foundation\\Application.php(1130): array_walk(Array, Object(Closure))
#31 C:\\laragon\\www\\laravel-skill-test\\vendor\\laravel\\framework\\src\\Illuminate\\Foundation\\Bootstrap\\BootProviders.php(17): Illuminate\\Foundation\\Application->boot()
#32 C:\\laragon\\www\\laravel-skill-test\\vendor\\laravel\\framework\\src\\Illuminate\\Foundation\\Application.php(341): Illuminate\\Foundation\\Bootstrap\\BootProviders->bootstrap(Object(Illuminate\\Foundation\\Application))
#33 C:\\laragon\\www\\laravel-skill-test\\vendor\\laravel\\framework\\src\\Illuminate\\Foundation\\Console\\Kernel.php(473): Illuminate\\Foundation\\Application->bootstrapWith(Array)
#34 C:\\laragon\\www\\laravel-skill-test\\vendor\\laravel\\framework\\src\\Illuminate\\Foundation\\Console\\Kernel.php(195): Illuminate\\Foundation\\Console\\Kernel->bootstrap()
#35 Command line code(1): Illuminate\\Foundation\\Console\\Kernel->handle(Object(Symfony\\Component\\Console\\Input\\ArgvInput), Object(Symfony\\Component\\Console\\Output\\ConsoleOutput))
#36 {main}
"} 
[2026-02-09 05:19:52] local.ERROR: Invalid route action: [App\Http\Controllers\PostController]. {"exception":"[object] (UnexpectedValueException(code: 0): Invalid route action: [App\\Http\\Controllers\\PostController]. at C:\\laragon\\www\\laravel-skill-test\\vendor\\laravel\\framework\\src\\Illuminate\\Routing\\RouteAction.php:92)
[stacktrace]
#0 C:\\laragon\\www\\laravel-skill-test\\vendor\\laravel\\framework\\src\\Illuminate\\Routing\\RouteAction.php(47): Illuminate\\Routing\\RouteAction::makeInvokable('App\\\\Http\\\\Contro...')
#1 C:\\laragon\\www\\laravel-skill-test\\vendor\\laravel\\framework\\src\\Illuminate\\Routing\\Route.php(197): Illuminate\\Routing\\RouteAction::parse('api/posts', Array)
#2 C:\\laragon\\www\\laravel-skill-test\\vendor\\laravel\\framework\\src\\Illuminate\\Routing\\Route.php(178): Illuminate\\Routing\\Route->parseAction(Array)
#3 C:\\laragon\\www\\laravel-skill-test\\vendor\\laravel\\framework\\src\\Illuminate\\Routing\\Router.php(671): Illuminate\\Routing\\Route->__construct(Array, 'api/posts', Array)
#4 C:\\laragon\\www\\laravel-skill-test\\vendor\\laravel\\framework\\src\\Illuminate\\Routing\\Router.php(562): Illuminate\\Routing\\Router->newRoute(Array, 'api/posts', Array)
#5 C:\\laragon\\www\\laravel-skill-test\\vendor\\laravel\\framework\\src\\Illuminate\\Routing\\Router.php(542): Illuminate\\Routing\\Router->createRoute(Array, 'posts', Array)
#6 C:\\laragon\\www\\laravel-skill-test\\vendor\\laravel\\framework\\src\\Illuminate\\Routing\\Router.php(160): Illuminate\\Routing\\Router->addRoute(Array, 'posts', 'App\\\\Http\\\\Contro...')
#7 C:\\laragon\\www\\laravel-skill-test\\vendor\\laravel\\framework\\src\\Illuminate\\Support\\Facades\\Facade.php(361): Illuminate\\Routing\\Router->get('posts', 'App\\\\Http\\\\Contro...')
#8 C:\\laragon\\www\\laravel-skill-test\\routes\\api.php(11): Illuminate\\Support\\Facades\\Facade::__callStatic('get', Array)
#9 C:\\laragon\\www\\laravel-skill-test\\vendor\\laravel\\framework\\src\\Illuminate\\Routing\\RouteFileRegistrar.php(34): require('C:\\\\laragon\\\\www\\\\...')
#10 C:\\laragon\\www\\laravel-skill-test\\vendor\\laravel\\framework\\src\\Illuminate\\Routing\\Router.php(512): Illuminate\\Routing\\RouteFileRegistrar->register('C:\\\\laragon\\\\www\\\\...')
#11 C:\\laragon\\www\\laravel-skill-test\\vendor\\laravel\\framework\\src\\Illuminate\\Routing\\Router.php(466): Illuminate\\Routing\\Router->loadRoutes('C:\\\\laragon\\\\www\\\\...')
#12 C:\\laragon\\www\\laravel-skill-test\\vendor\\laravel\\framework\\src\\Illuminate\\Routing\\RouteRegistrar.php(206): Illuminate\\Routing\\Router->group(Array, 'C:\\\\laragon\\\\www\\\\...')
#13 C:\\laragon\\www\\laravel-skill-test\\vendor\\laravel\\framework\\src\\Illuminate\\Foundation\\Configuration\\ApplicationBuilder.php(214): Illuminate\\Routing\\RouteRegistrar->group('C:\\\\laragon\\\\www\\\\...')
#14 C:\\laragon\\www\\laravel-skill-test\\vendor\\laravel\\framework\\src\\Illuminate\\Container\\BoundMethod.php(36): Illuminate\\Foundation\\Configuration\\ApplicationBuilder->{closure:Illuminate\\Foundation\\Configuration\\ApplicationBuilder::buildRoutingCallback():205}()
#15 C:\\laragon\\www\\laravel-skill-test\\vendor\\laravel\\framework\\src\\Illuminate\\Container\\Util.php(43): Illuminate\\Container\\BoundMethod::{closure:Illuminate\\Container\\BoundMethod::call():35}()
#16 C:\\laragon\\www\\laravel-skill-test\\vendor\\laravel\\framework\\src\\Illuminate\\Container\\BoundMethod.php(84): Illuminate\\Container\\Util::unwrapIfClosure(Object(Closure))
#17 C:\\laragon\\www\\laravel-skill-test\\vendor\\laravel\\framework\\src\\Illuminate\\Container\\BoundMethod.php(35): Illuminate\\Container\\BoundMethod::callBoundMethod(Object(Illuminate\\Foundation\\Application), Object(Closure), Object(Closure))
#18 C:\\laragon\\www\\laravel-skill-test\\vendor\\laravel\\framework\\src\\Illuminate\\Container\\Container.php(754): Illuminate\\Container\\BoundMethod::call(Object(Illuminate\\Foundation\\Application), Object(Closure), Array, NULL)
#19 C:\\laragon\\www\\laravel-skill-test\\vendor\\laravel\\framework\\src\\Illuminate\\Foundation\\Support\\Providers\\RouteServiceProvider.php(162): Illuminate\\Container\\Container->call(Object(Closure))
#20 C:\\laragon\\www\\laravel-skill-test\\vendor\\laravel\\framework\\src\\Illuminate\\Foundation\\Support\\Providers\\RouteServiceProvider.php(59): Illuminate\\Foundation\\Support\\Providers\\RouteServiceProvider->loadRoutes()
#21 C:\\laragon\\www\\laravel-skill-test\\vendor\\laravel\\framework\\src\\Illuminate\\Container\\BoundMethod.php(36): Illuminate\\Foundation\\Support\\Providers\\RouteServiceProvider->{closure:Illuminate\\Foundation\\Support\\Providers\\RouteServiceProvider::register():53}()
#22 C:\\laragon\\www\\laravel-skill-test\\vendor\\laravel\\framework\\src\\Illuminate\\Container\\Util.php(43): Illuminate\\Container\\BoundMethod::{closure:Illuminate\\Container\\BoundMethod::call():35}()
#23 C:\\laragon\\www\\laravel-skill-test\\vendor\\laravel\\framework\\src\\Illuminate\\Container\\BoundMethod.php(84): Illuminate\\Container\\Util::unwrapIfClosure(Object(Closure))
#24 C:\\laragon\\www\\laravel-skill-test\\vendor\\laravel\\framework\\src\\Illuminate\\Container\\BoundMethod.php(35): Illuminate\\Container\\BoundMethod::callBoundMethod(Object(Illuminate\\Foundation\\Application), Object(Closure), Object(Closure))
#25 C:\\laragon\\www\\laravel-skill-test\\vendor\\laravel\\framework\\src\\Illuminate\\Container\\Container.php(754): Illuminate\\Container\\BoundMethod::call(Object(Illuminate\\Foundation\\Application), Object(Closure), Array, NULL)
#26 C:\\laragon\\www\\laravel-skill-test\\vendor\\laravel\\framework\\src\\Illuminate\\Support\\ServiceProvider.php(143): Illuminate\\Container\\Container->call(Object(Closure))
#27 C:\\laragon\\www\\laravel-skill-test\\vendor\\laravel\\framework\\src\\Illuminate\\Foundation\\Application.php(1153): Illuminate\\Support\\ServiceProvider->callBootedCallbacks()
#28 C:\\laragon\\www\\laravel-skill-test\\vendor\\laravel\\framework\\src\\Illuminate\\Foundation\\Application.php(1131): Illuminate\\Foundation\\Application->bootProvider(Object(Illuminate\\Foundation\\Support\\Providers\\RouteServiceProvider))
#29 [internal function]: Illuminate\\Foundation\\Application->{closure:Illuminate\\Foundation\\Application::boot():1130}(Object(Illuminate\\Foundation\\Support\\Providers\\RouteServiceProvider), 'Illuminate\\\\Foun...')
#30 C:\\laragon\\www\\laravel-skill-test\\vendor\\laravel\\framework\\src\\Illuminate\\Foundation\\Application.php(1130): array_walk(Array, Object(Closure))
#31 C:\\laragon\\www\\laravel-skill-test\\vendor\\laravel\\framework\\src\\Illuminate\\Foundation\\Bootstrap\\BootProviders.php(17): Illuminate\\Foundation\\Application->boot()
#32 C:\\laragon\\www\\laravel-skill-test\\vendor\\laravel\\framework\\src\\Illuminate\\Foundation\\Application.php(341): Illuminate\\Foundation\\Bootstrap\\BootProviders->bootstrap(Object(Illuminate\\Foundation\\Application))
#33 C:\\laragon\\www\\laravel-skill-test\\vendor\\laravel\\framework\\src\\Illuminate\\Foundation\\Http\\Kernel.php(186): Illuminate\\Foundation\\Application->bootstrapWith(Array)
#34 C:\\laragon\\www\\laravel-skill-test\\vendor\\laravel\\framework\\src\\Illuminate\\Foundation\\Http\\Kernel.php(170): Illuminate\\Foundation\\Http\\Kernel->bootstrap()
#35 C:\\laragon\\www\\laravel-skill-test\\vendor\\laravel\\framework\\src\\Illuminate\\Foundation\\Http\\Kernel.php(144): Illuminate\\Foundation\\Http\\Kernel->sendRequestThroughRouter(Object(Illuminate\\Http\\Request))
#36 C:\\laragon\\www\\laravel-skill-test\\vendor\\laravel\\framework\\src\\Illuminate\\Foundation\\Application.php(1219): Illuminate\\Foundation\\Http\\Kernel->handle(Object(Illuminate\\Http\\Request))
#37 C:\\laragon\\www\\laravel-skill-test\\public\\index.php(20): Illuminate\\Foundation\\Application->handleRequest(Object(Illuminate\\Http\\Request))
#38 C:\\laragon\\www\\laravel-skill-test\\vendor\\laravel\\framework\\src\\Illuminate\\Foundation\\resources\\server.php(23): require_once('C:\\\\laragon\\\\www\\\\...')
#39 {main}
"} 
[2026-02-09 05:20:06] local.ERROR: Invalid route action: [App\Http\Controllers\PostController]. {"exception":"[object] (UnexpectedValueException(code: 0): Invalid route action: [App\\Http\\Controllers\\PostController]. at C:\\laragon\\www\\laravel-skill-test\\vendor\\laravel\\framework\\src\\Illuminate\\Routing\\RouteAction.php:92)
[stacktrace]
#0 C:\\laragon\\www\\laravel-skill-test\\vendor\\laravel\\framework\\src\\Illuminate\\Routing\\RouteAction.php(47): Illuminate\\Routing\\RouteAction::makeInvokable('App\\\\Http\\\\Contro...')
#1 C:\\laragon\\www\\laravel-skill-test\\vendor\\laravel\\framework\\src\\Illuminate\\Routing\\Route.php(197): Illuminate\\Routing\\RouteAction::parse('api/posts', Array)
#2 C:\\laragon\\www\\laravel-skill-test\\vendor\\laravel\\framework\\src\\Illuminate\\Routing\\Route.php(178): Illuminate\\Routing\\Route->parseAction(Array)
#3 C:\\laragon\\www\\laravel-skill-test\\vendor\\laravel\\framework\\src\\Illuminate\\Routing\\Router.php(671): Illuminate\\Routing\\Route->__construct(Array, 'api/posts', Array)
#4 C:\\laragon\\www\\laravel-skill-test\\vendor\\laravel\\framework\\src\\Illuminate\\Routing\\Router.php(562): Illuminate\\Routing\\Router->newRoute(Array, 'api/posts', Array)
#5 C:\\laragon\\www\\laravel-skill-test\\vendor\\laravel\\framework\\src\\Illuminate\\Routing\\Router.php(542): Illuminate\\Routing\\Router->createRoute(Array, 'posts', Array)
#6 C:\\laragon\\www\\laravel-skill-test\\vendor\\laravel\\framework\\src\\Illuminate\\Routing\\Router.php(160): Illuminate\\Routing\\Router->addRoute(Array, 'posts', 'App\\\\Http\\\\Contro...')
#7 C:\\laragon\\www\\laravel-skill-test\\vendor\\laravel\\framework\\src\\Illuminate\\Support\\Facades\\Facade.php(361): Illuminate\\Routing\\Router->get('posts', 'App\\\\Http\\\\Contro...')
#8 C:\\laragon\\www\\laravel-skill-test\\routes\\api.php(11): Illuminate\\Support\\Facades\\Facade::__callStatic('get', Array)
#9 C:\\laragon\\www\\laravel-skill-test\\vendor\\laravel\\framework\\src\\Illuminate\\Routing\\RouteFileRegistrar.php(34): require('C:\\\\laragon\\\\www\\\\...')
#10 C:\\laragon\\www\\laravel-skill-test\\vendor\\laravel\\framework\\src\\Illuminate\\Routing\\Router.php(512): Illuminate\\Routing\\RouteFileRegistrar->register('C:\\\\laragon\\\\www\\\\...')
#11 C:\\laragon\\www\\laravel-skill-test\\vendor\\laravel\\framework\\src\\Illuminate\\Routing\\Router.php(466): Illuminate\\Routing\\Router->loadRoutes('C:\\\\laragon\\\\www\\\\...')
#12 C:\\laragon\\www\\laravel-skill-test\\vendor\\laravel\\framework\\src\\Illuminate\\Routing\\RouteRegistrar.php(206): Illuminate\\Routing\\Router->group(Array, 'C:\\\\laragon\\\\www\\\\...')
#13 C:\\laragon\\www\\laravel-skill-test\\vendor\\laravel\\framework\\src\\Illuminate\\Foundation\\Configuration\\ApplicationBuilder.php(214): Illuminate\\Routing\\RouteRegistrar->group('C:\\\\laragon\\\\www\\\\...')
#14 C:\\laragon\\www\\laravel-skill-test\\vendor\\laravel\\framework\\src\\Illuminate\\Container\\BoundMethod.php(36): Illuminate\\Foundation\\Configuration\\ApplicationBuilder->{closure:Illuminate\\Foundation\\Configuration\\ApplicationBuilder::buildRoutingCallback():205}()
#15 C:\\laragon\\www\\laravel-skill-test\\vendor\\laravel\\framework\\src\\Illuminate\\Container\\Util.php(43): Illuminate\\Container\\BoundMethod::{closure:Illuminate\\Container\\BoundMethod::call():35}()
#16 C:\\laragon\\www\\laravel-skill-test\\vendor\\laravel\\framework\\src\\Illuminate\\Container\\BoundMethod.php(84): Illuminate\\Container\\Util::unwrapIfClosure(Object(Closure))
#17 C:\\laragon\\www\\laravel-skill-test\\vendor\\laravel\\framework\\src\\Illuminate\\Container\\BoundMethod.php(35): Illuminate\\Container\\BoundMethod::callBoundMethod(Object(Illuminate\\Foundation\\Application), Object(Closure), Object(Closure))
#18 C:\\laragon\\www\\laravel-skill-test\\vendor\\laravel\\framework\\src\\Illuminate\\Container\\Container.php(754): Illuminate\\Container\\BoundMethod::call(Object(Illuminate\\Foundation\\Application), Object(Closure), Array, NULL)
#19 C:\\laragon\\www\\laravel-skill-test\\vendor\\laravel\\framework\\src\\Illuminate\\Foundation\\Support\\Providers\\RouteServiceProvider.php(162): Illuminate\\Container\\Container->call(Object(Closure))
#20 C:\\laragon\\www\\laravel-skill-test\\vendor\\laravel\\framework\\src\\Illuminate\\Foundation\\Support\\Providers\\RouteServiceProvider.php(59): Illuminate\\Foundation\\Support\\Providers\\RouteServiceProvider->loadRoutes()
#21 C:\\laragon\\www\\laravel-skill-test\\vendor\\laravel\\framework\\src\\Illuminate\\Container\\BoundMethod.php(36): Illuminate\\Foundation\\Support\\Providers\\RouteServiceProvider->{closure:Illuminate\\Foundation\\Support\\Providers\\RouteServiceProvider::register():53}()
#22 C:\\laragon\\www\\laravel-skill-test\\vendor\\laravel\\framework\\src\\Illuminate\\Container\\Util.php(43): Illuminate\\Container\\BoundMethod::{closure:Illuminate\\Container\\BoundMethod::call():35}()
#23 C:\\laragon\\www\\laravel-skill-test\\vendor\\laravel\\framework\\src\\Illuminate\\Container\\BoundMethod.php(84): Illuminate\\Container\\Util::unwrapIfClosure(Object(Closure))
#24 C:\\laragon\\www\\laravel-skill-test\\vendor\\laravel\\framework\\src\\Illuminate\\Container\\BoundMethod.php(35): Illuminate\\Container\\BoundMethod::callBoundMethod(Object(Illuminate\\Foundation\\Application), Object(Closure), Object(Closure))
#25 C:\\laragon\\www\\laravel-skill-test\\vendor\\laravel\\framework\\src\\Illuminate\\Container\\Container.php(754): Illuminate\\Container\\BoundMethod::call(Object(Illuminate\\Foundation\\Application), Object(Closure), Array, NULL)
#26 C:\\laragon\\www\\laravel-skill-test\\vendor\\laravel\\framework\\src\\Illuminate\\Support\\ServiceProvider.php(143): Illuminate\\Container\\Container->call(Object(Closure))
#27 C:\\laragon\\www\\laravel-skill-test\\vendor\\laravel\\framework\\src\\Illuminate\\Foundation\\Application.php(1153): Illuminate\\Support\\ServiceProvider->callBootedCallbacks()
#28 C:\\laragon\\www\\laravel-skill-test\\vendor\\laravel\\framework\\src\\Illuminate\\Foundation\\Application.php(1131): Illuminate\\Foundation\\Application->bootProvider(Object(Illuminate\\Foundation\\Support\\Providers\\RouteServiceProvider))
#29 [internal function]: Illuminate\\Foundation\\Application->{closure:Illuminate\\Foundation\\Application::boot():1130}(Object(Illuminate\\Foundation\\Support\\Providers\\RouteServiceProvider), 'Illuminate\\\\Foun...')
#30 C:\\laragon\\www\\laravel-skill-test\\vendor\\laravel\\framework\\src\\Illuminate\\Foundation\\Application.php(1130): array_walk(Array, Object(Closure))
#31 C:\\laragon\\www\\laravel-skill-test\\vendor\\laravel\\framework\\src\\Illuminate\\Foundation\\Bootstrap\\BootProviders.php(17): Illuminate\\Foundation\\Application->boot()
#32 C:\\laragon\\www\\laravel-skill-test\\vendor\\laravel\\framework\\src\\Illuminate\\Foundation\\Application.php(341): Illuminate\\Foundation\\Bootstrap\\BootProviders->bootstrap(Object(Illuminate\\Foundation\\Application))
#33 C:\\laragon\\www\\laravel-skill-test\\vendor\\laravel\\framework\\src\\Illuminate\\Foundation\\Console\\Kernel.php(473): Illuminate\\Foundation\\Application->bootstrapWith(Array)
#34 C:\\laragon\\www\\laravel-skill-test\\vendor\\laravel\\framework\\src\\Illuminate\\Foundation\\Console\\Kernel.php(195): Illuminate\\Foundation\\Console\\Kernel->bootstrap()
#35 Command line code(1): Illuminate\\Foundation\\Console\\Kernel->handle(Object(Symfony\\Component\\Console\\Input\\ArgvInput), Object(Symfony\\Component\\Console\\Output\\ConsoleOutput))
#36 {main}
"} 
[2026-02-09 05:20:06] local.ERROR: Invalid route action: [App\Http\Controllers\PostController]. {"exception":"[object] (UnexpectedValueException(code: 0): Invalid route action: [App\\Http\\Controllers\\PostController]. at C:\\laragon\\www\\laravel-skill-test\\vendor\\laravel\\framework\\src\\Illuminate\\Routing\\RouteAction.php:92)
[stacktrace]
#0 C:\\laragon\\www\\laravel-skill-test\\vendor\\laravel\\framework\\src\\Illuminate\\Routing\\RouteAction.php(47): Illuminate\\Routing\\RouteAction::makeInvokable('App\\\\Http\\\\Contro...')
#1 C:\\laragon\\www\\laravel-skill-test\\vendor\\laravel\\framework\\src\\Illuminate\\Routing\\Route.php(197): Illuminate\\Routing\\RouteAction::parse('api/posts', Array)
#2 C:\\laragon\\www\\laravel-skill-test\\vendor\\laravel\\framework\\src\\Illuminate\\Routing\\Route.php(178): Illuminate\\Routing\\Route->parseAction(Array)
#3 C:\\laragon\\www\\laravel-skill-test\\vendor\\laravel\\framework\\src\\Illuminate\\Routing\\Router.php(671): Illuminate\\Routing\\Route->__construct(Array, 'api/posts', Array)
#4 C:\\laragon\\www\\laravel-skill-test\\vendor\\laravel\\framework\\src\\Illuminate\\Routing\\Router.php(562): Illuminate\\Routing\\Router->newRoute(Array, 'api/posts', Array)
#5 C:\\laragon\\www\\laravel-skill-test\\vendor\\laravel\\framework\\src\\Illuminate\\Routing\\Router.php(542): Illuminate\\Routing\\Router->createRoute(Array, 'posts', Array)
#6 C:\\laragon\\www\\laravel-skill-test\\vendor\\laravel\\framework\\src\\Illuminate\\Routing\\Router.php(160): Illuminate\\Routing\\Router->addRoute(Array, 'posts', 'App\\\\Http\\\\Contro...')
#7 C:\\laragon\\www\\laravel-skill-test\\vendor\\laravel\\framework\\src\\Illuminate\\Support\\Facades\\Facade.php(361): Illuminate\\Routing\\Router->get('posts', 'App\\\\Http\\\\Contro...')
#8 C:\\laragon\\www\\laravel-skill-test\\routes\\api.php(11): Illuminate\\Support\\Facades\\Facade::__callStatic('get', Array)
#9 C:\\laragon\\www\\laravel-skill-test\\vendor\\laravel\\framework\\src\\Illuminate\\Routing\\RouteFileRegistrar.php(34): require('C:\\\\laragon\\\\www\\\\...')
#10 C:\\laragon\\www\\laravel-skill-test\\vendor\\laravel\\framework\\src\\Illuminate\\Routing\\Router.php(512): Illuminate\\Routing\\RouteFileRegistrar->register('C:\\\\laragon\\\\www\\\\...')
#11 C:\\laragon\\www\\laravel-skill-test\\vendor\\laravel\\framework\\src\\Illuminate\\Routing\\Router.php(466): Illuminate\\Routing\\Router->loadRoutes('C:\\\\laragon\\\\www\\\\...')
#12 C:\\laragon\\www\\laravel-skill-test\\vendor\\laravel\\framework\\src\\Illuminate\\Routing\\RouteRegistrar.php(206): Illuminate\\Routing\\Router->group(Array, 'C:\\\\laragon\\\\www\\\\...')
#13 C:\\laragon\\www\\laravel-skill-test\\vendor\\laravel\\framework\\src\\Illuminate\\Foundation\\Configuration\\ApplicationBuilder.php(214): Illuminate\\Routing\\RouteRegistrar->group('C:\\\\laragon\\\\www\\\\...')
#14 C:\\laragon\\www\\laravel-skill-test\\vendor\\laravel\\framework\\src\\Illuminate\\Container\\BoundMethod.php(36): Illuminate\\Foundation\\Configuration\\ApplicationBuilder->{closure:Illuminate\\Foundation\\Configuration\\ApplicationBuilder::buildRoutingCallback():205}()
#15 C:\\laragon\\www\\laravel-skill-test\\vendor\\laravel\\framework\\src\\Illuminate\\Container\\Util.php(43): Illuminate\\Container\\BoundMethod::{closure:Illuminate\\Container\\BoundMethod::call():35}()
#16 C:\\laragon\\www\\laravel-skill-test\\vendor\\laravel\\framework\\src\\Illuminate\\Container\\BoundMethod.php(84): Illuminate\\Container\\Util::unwrapIfClosure(Object(Closure))
#17 C:\\laragon\\www\\laravel-skill-test\\vendor\\laravel\\framework\\src\\Illuminate\\Container\\BoundMethod.php(35): Illuminate\\Container\\BoundMethod::callBoundMethod(Object(Illuminate\\Foundation\\Application), Object(Closure), Object(Closure))
#18 C:\\laragon\\www\\laravel-skill-test\\vendor\\laravel\\framework\\src\\Illuminate\\Container\\Container.php(754): Illuminate\\Container\\BoundMethod::call(Object(Illuminate\\Foundation\\Application), Object(Closure), Array, NULL)
#19 C:\\laragon\\www\\laravel-skill-test\\vendor\\laravel\\framework\\src\\Illuminate\\Foundation\\Support\\Providers\\RouteServiceProvider.php(162): Illuminate\\Container\\Container->call(Object(Closure))
#20 C:\\laragon\\www\\laravel-skill-test\\vendor\\laravel\\framework\\src\\Illuminate\\Foundation\\Support\\Providers\\RouteServiceProvider.php(59): Illuminate\\Foundation\\Support\\Providers\\RouteServiceProvider->loadRoutes()
#21 C:\\laragon\\www\\laravel-skill-test\\vendor\\laravel\\framework\\src\\Illuminate\\Container\\BoundMethod.php(36): Illuminate\\Foundation\\Support\\Providers\\RouteServiceProvider->{closure:Illuminate\\Foundation\\Support\\Providers\\RouteServiceProvider::register():53}()
#22 C:\\laragon\\www\\laravel-skill-test\\vendor\\laravel\\framework\\src\\Illuminate\\Container\\Util.php(43): Illuminate\\Container\\BoundMethod::{closure:Illuminate\\Container\\BoundMethod::call():35}()
#23 C:\\laragon\\www\\laravel-skill-test\\vendor\\laravel\\framework\\src\\Illuminate\\Container\\BoundMethod.php(84): Illuminate\\Container\\Util::unwrapIfClosure(Object(Closure))
#24 C:\\laragon\\www\\laravel-skill-test\\vendor\\laravel\\framework\\src\\Illuminate\\Container\\BoundMethod.php(35): Illuminate\\Container\\BoundMethod::callBoundMethod(Object(Illuminate\\Foundation\\Application), Object(Closure), Object(Closure))
#25 C:\\laragon\\www\\laravel-skill-test\\vendor\\laravel\\framework\\src\\Illuminate\\Container\\Container.php(754): Illuminate\\Container\\BoundMethod::call(Object(Illuminate\\Foundation\\Application), Object(Closure), Array, NULL)
#26 C:\\laragon\\www\\laravel-skill-test\\vendor\\laravel\\framework\\src\\Illuminate\\Support\\ServiceProvider.php(143): Illuminate\\Container\\Container->call(Object(Closure))
#27 C:\\laragon\\www\\laravel-skill-test\\vendor\\laravel\\framework\\src\\Illuminate\\Foundation\\Application.php(1153): Illuminate\\Support\\ServiceProvider->callBootedCallbacks()
#28 C:\\laragon\\www\\laravel-skill-test\\vendor\\laravel\\framework\\src\\Illuminate\\Foundation\\Application.php(1131): Illuminate\\Foundation\\Application->bootProvider(Object(Illuminate\\Foundation\\Support\\Providers\\RouteServiceProvider))
#29 [internal function]: Illuminate\\Foundation\\Application->{closure:Illuminate\\Foundation\\Application::boot():1130}(Object(Illuminate\\Foundation\\Support\\Providers\\RouteServiceProvider), 'Illuminate\\\\Foun...')
#30 C:\\laragon\\www\\laravel-skill-test\\vendor\\laravel\\framework\\src\\Illuminate\\Foundation\\Application.php(1130): array_walk(Array, Object(Closure))
#31 C:\\laragon\\www\\laravel-skill-test\\vendor\\laravel\\framework\\src\\Illuminate\\Foundation\\Bootstrap\\BootProviders.php(17): Illuminate\\Foundation\\Application->boot()
#32 C:\\laragon\\www\\laravel-skill-test\\vendor\\laravel\\framework\\src\\Illuminate\\Foundation\\Application.php(341): Illuminate\\Foundation\\Bootstrap\\BootProviders->bootstrap(Object(Illuminate\\Foundation\\Application))
#33 C:\\laragon\\www\\laravel-skill-test\\vendor\\laravel\\framework\\src\\Illuminate\\Foundation\\Console\\Kernel.php(473): Illuminate\\Foundation\\Application->bootstrapWith(Array)
#34 C:\\laragon\\www\\laravel-skill-test\\vendor\\laravel\\framework\\src\\Illuminate\\Foundation\\Console\\Kernel.php(195): Illuminate\\Foundation\\Console\\Kernel->bootstrap()
#35 Command line code(1): Illuminate\\Foundation\\Console\\Kernel->handle(Object(Symfony\\Component\\Console\\Input\\ArgvInput), Object(Symfony\\Component\\Console\\Output\\ConsoleOutput))
#36 {main}
"} 
[2026-02-09 05:21:06] local.ERROR: Invalid route action: [App\Http\Controllers\PostController]. {"exception":"[object] (UnexpectedValueException(code: 0): Invalid route action: [App\\Http\\Controllers\\PostController]. at C:\\laragon\\www\\laravel-skill-test\\vendor\\laravel\\framework\\src\\Illuminate\\Routing\\RouteAction.php:92)
[stacktrace]
#0 C:\\laragon\\www\\laravel-skill-test\\vendor\\laravel\\framework\\src\\Illuminate\\Routing\\RouteAction.php(47): Illuminate\\Routing\\RouteAction::makeInvokable('App\\\\Http\\\\Contro...')
#1 C:\\laragon\\www\\laravel-skill-test\\vendor\\laravel\\framework\\src\\Illuminate\\Routing\\Route.php(197): Illuminate\\Routing\\RouteAction::parse('api/posts', Array)
#2 C:\\laragon\\www\\laravel-skill-test\\vendor\\laravel\\framework\\src\\Illuminate\\Routing\\Route.php(178): Illuminate\\Routing\\Route->parseAction(Array)
#3 C:\\laragon\\www\\laravel-skill-test\\vendor\\laravel\\framework\\src\\Illuminate\\Routing\\Router.php(671): Illuminate\\Routing\\Route->__construct(Array, 'api/posts', Array)
#4 C:\\laragon\\www\\laravel-skill-test\\vendor\\laravel\\framework\\src\\Illuminate\\Routing\\Router.php(562): Illuminate\\Routing\\Router->newRoute(Array, 'api/posts', Array)
#5 C:\\laragon\\www\\laravel-skill-test\\vendor\\laravel\\framework\\src\\Illuminate\\Routing\\Router.php(542): Illuminate\\Routing\\Router->createRoute(Array, 'posts', Array)
#6 C:\\laragon\\www\\laravel-skill-test\\vendor\\laravel\\framework\\src\\Illuminate\\Routing\\Router.php(160): Illuminate\\Routing\\Router->addRoute(Array, 'posts', 'App\\\\Http\\\\Contro...')
#7 C:\\laragon\\www\\laravel-skill-test\\vendor\\laravel\\framework\\src\\Illuminate\\Support\\Facades\\Facade.php(361): Illuminate\\Routing\\Router->get('posts', 'App\\\\Http\\\\Contro...')
#8 C:\\laragon\\www\\laravel-skill-test\\routes\\api.php(11): Illuminate\\Support\\Facades\\Facade::__callStatic('get', Array)
#9 C:\\laragon\\www\\laravel-skill-test\\vendor\\laravel\\framework\\src\\Illuminate\\Routing\\RouteFileRegistrar.php(34): require('C:\\\\laragon\\\\www\\\\...')
#10 C:\\laragon\\www\\laravel-skill-test\\vendor\\laravel\\framework\\src\\Illuminate\\Routing\\Router.php(512): Illuminate\\Routing\\RouteFileRegistrar->register('C:\\\\laragon\\\\www\\\\...')
#11 C:\\laragon\\www\\laravel-skill-test\\vendor\\laravel\\framework\\src\\Illuminate\\Routing\\Router.php(466): Illuminate\\Routing\\Router->loadRoutes('C:\\\\laragon\\\\www\\\\...')
#12 C:\\laragon\\www\\laravel-skill-test\\vendor\\laravel\\framework\\src\\Illuminate\\Routing\\RouteRegistrar.php(206): Illuminate\\Routing\\Router->group(Array, 'C:\\\\laragon\\\\www\\\\...')
#13 C:\\laragon\\www\\laravel-skill-test\\vendor\\laravel\\framework\\src\\Illuminate\\Foundation\\Configuration\\ApplicationBuilder.php(214): Illuminate\\Routing\\RouteRegistrar->group('C:\\\\laragon\\\\www\\\\...')
#14 C:\\laragon\\www\\laravel-skill-test\\vendor\\laravel\\framework\\src\\Illuminate\\Container\\BoundMethod.php(36): Illuminate\\Foundation\\Configuration\\ApplicationBuilder->{closure:Illuminate\\Foundation\\Configuration\\ApplicationBuilder::buildRoutingCallback():205}()
#15 C:\\laragon\\www\\laravel-skill-test\\vendor\\laravel\\framework\\src\\Illuminate\\Container\\Util.php(43): Illuminate\\Container\\BoundMethod::{closure:Illuminate\\Container\\BoundMethod::call():35}()
#16 C:\\laragon\\www\\laravel-skill-test\\vendor\\laravel\\framework\\src\\Illuminate\\Container\\BoundMethod.php(84): Illuminate\\Container\\Util::unwrapIfClosure(Object(Closure))
#17 C:\\laragon\\www\\laravel-skill-test\\vendor\\laravel\\framework\\src\\Illuminate\\Container\\BoundMethod.php(35): Illuminate\\Container\\BoundMethod::callBoundMethod(Object(Illuminate\\Foundation\\Application), Object(Closure), Object(Closure))
#18 C:\\laragon\\www\\laravel-skill-test\\vendor\\laravel\\framework\\src\\Illuminate\\Container\\Container.php(754): Illuminate\\Container\\BoundMethod::call(Object(Illuminate\\Foundation\\Application), Object(Closure), Array, NULL)
#19 C:\\laragon\\www\\laravel-skill-test\\vendor\\laravel\\framework\\src\\Illuminate\\Foundation\\Support\\Providers\\RouteServiceProvider.php(162): Illuminate\\Container\\Container->call(Object(Closure))
#20 C:\\laragon\\www\\laravel-skill-test\\vendor\\laravel\\framework\\src\\Illuminate\\Foundation\\Support\\Providers\\RouteServiceProvider.php(59): Illuminate\\Foundation\\Support\\Providers\\RouteServiceProvider->loadRoutes()
#21 C:\\laragon\\www\\laravel-skill-test\\vendor\\laravel\\framework\\src\\Illuminate\\Container\\BoundMethod.php(36): Illuminate\\Foundation\\Support\\Providers\\RouteServiceProvider->{closure:Illuminate\\Foundation\\Support\\Providers\\RouteServiceProvider::register():53}()
#22 C:\\laragon\\www\\laravel-skill-test\\vendor\\laravel\\framework\\src\\Illuminate\\Container\\Util.php(43): Illuminate\\Container\\BoundMethod::{closure:Illuminate\\Container\\BoundMethod::call():35}()
#23 C:\\laragon\\www\\laravel-skill-test\\vendor\\laravel\\framework\\src\\Illuminate\\Container\\BoundMethod.php(84): Illuminate\\Container\\Util::unwrapIfClosure(Object(Closure))
#24 C:\\laragon\\www\\laravel-skill-test\\vendor\\laravel\\framework\\src\\Illuminate\\Container\\BoundMethod.php(35): Illuminate\\Container\\BoundMethod::callBoundMethod(Object(Illuminate\\Foundation\\Application), Object(Closure), Object(Closure))
#25 C:\\laragon\\www\\laravel-skill-test\\vendor\\laravel\\framework\\src\\Illuminate\\Container\\Container.php(754): Illuminate\\Container\\BoundMethod::call(Object(Illuminate\\Foundation\\Application), Object(Closure), Array, NULL)
#26 C:\\laragon\\www\\laravel-skill-test\\vendor\\laravel\\framework\\src\\Illuminate\\Support\\ServiceProvider.php(143): Illuminate\\Container\\Container->call(Object(Closure))
#27 C:\\laragon\\www\\laravel-skill-test\\vendor\\laravel\\framework\\src\\Illuminate\\Foundation\\Application.php(1153): Illuminate\\Support\\ServiceProvider->callBootedCallbacks()
#28 C:\\laragon\\www\\laravel-skill-test\\vendor\\laravel\\framework\\src\\Illuminate\\Foundation\\Application.php(1131): Illuminate\\Foundation\\Application->bootProvider(Object(Illuminate\\Foundation\\Support\\Providers\\RouteServiceProvider))
#29 [internal function]: Illuminate\\Foundation\\Application->{closure:Illuminate\\Foundation\\Application::boot():1130}(Object(Illuminate\\Foundation\\Support\\Providers\\RouteServiceProvider), 'Illuminate\\\\Foun...')
#30 C:\\laragon\\www\\laravel-skill-test\\vendor\\laravel\\framework\\src\\Illuminate\\Foundation\\Application.php(1130): array_walk(Array, Object(Closure))
#31 C:\\laragon\\www\\laravel-skill-test\\vendor\\laravel\\framework\\src\\Illuminate\\Foundation\\Bootstrap\\BootProviders.php(17): Illuminate\\Foundation\\Application->boot()
#32 C:\\laragon\\www\\laravel-skill-test\\vendor\\laravel\\framework\\src\\Illuminate\\Foundation\\Application.php(341): Illuminate\\Foundation\\Bootstrap\\BootProviders->bootstrap(Object(Illuminate\\Foundation\\Application))
#33 C:\\laragon\\www\\laravel-skill-test\\vendor\\laravel\\framework\\src\\Illuminate\\Foundation\\Console\\Kernel.php(473): Illuminate\\Foundation\\Application->bootstrapWith(Array)
#34 C:\\laragon\\www\\laravel-skill-test\\vendor\\laravel\\framework\\src\\Illuminate\\Foundation\\Console\\Kernel.php(195): Illuminate\\Foundation\\Console\\Kernel->bootstrap()
#35 Command line code(1): Illuminate\\Foundation\\Console\\Kernel->handle(Object(Symfony\\Component\\Console\\Input\\ArgvInput), Object(Symfony\\Component\\Console\\Output\\ConsoleOutput))
#36 {main}
"} 
[2026-02-09 05:21:06] local.ERROR: Invalid route action: [App\Http\Controllers\PostController]. {"exception":"[object] (UnexpectedValueException(code: 0): Invalid route action: [App\\Http\\Controllers\\PostController]. at C:\\laragon\\www\\laravel-skill-test\\vendor\\laravel\\framework\\src\\Illuminate\\Routing\\RouteAction.php:92)
[stacktrace]
#0 C:\\laragon\\www\\laravel-skill-test\\vendor\\laravel\\framework\\src\\Illuminate\\Routing\\RouteAction.php(47): Illuminate\\Routing\\RouteAction::makeInvokable('App\\\\Http\\\\Contro...')
#1 C:\\laragon\\www\\laravel-skill-test\\vendor\\laravel\\framework\\src\\Illuminate\\Routing\\Route.php(197): Illuminate\\Routing\\RouteAction::parse('api/posts', Array)
#2 C:\\laragon\\www\\laravel-skill-test\\vendor\\laravel\\framework\\src\\Illuminate\\Routing\\Route.php(178): Illuminate\\Routing\\Route->parseAction(Array)
#3 C:\\laragon\\www\\laravel-skill-test\\vendor\\laravel\\framework\\src\\Illuminate\\Routing\\Router.php(671): Illuminate\\Routing\\Route->__construct(Array, 'api/posts', Array)
#4 C:\\laragon\\www\\laravel-skill-test\\vendor\\laravel\\framework\\src\\Illuminate\\Routing\\Router.php(562): Illuminate\\Routing\\Router->newRoute(Array, 'api/posts', Array)
#5 C:\\laragon\\www\\laravel-skill-test\\vendor\\laravel\\framework\\src\\Illuminate\\Routing\\Router.php(542): Illuminate\\Routing\\Router->createRoute(Array, 'posts', Array)
#6 C:\\laragon\\www\\laravel-skill-test\\vendor\\laravel\\framework\\src\\Illuminate\\Routing\\Router.php(160): Illuminate\\Routing\\Router->addRoute(Array, 'posts', 'App\\\\Http\\\\Contro...')
#7 C:\\laragon\\www\\laravel-skill-test\\vendor\\laravel\\framework\\src\\Illuminate\\Support\\Facades\\Facade.php(361): Illuminate\\Routing\\Router->get('posts', 'App\\\\Http\\\\Contro...')
#8 C:\\laragon\\www\\laravel-skill-test\\routes\\api.php(11): Illuminate\\Support\\Facades\\Facade::__callStatic('get', Array)
#9 C:\\laragon\\www\\laravel-skill-test\\vendor\\laravel\\framework\\src\\Illuminate\\Routing\\RouteFileRegistrar.php(34): require('C:\\\\laragon\\\\www\\\\...')
#10 C:\\laragon\\www\\laravel-skill-test\\vendor\\laravel\\framework\\src\\Illuminate\\Routing\\Router.php(512): Illuminate\\Routing\\RouteFileRegistrar->register('C:\\\\laragon\\\\www\\\\...')
#11 C:\\laragon\\www\\laravel-skill-test\\vendor\\laravel\\framework\\src\\Illuminate\\Routing\\Router.php(466): Illuminate\\Routing\\Router->loadRoutes('C:\\\\laragon\\\\www\\\\...')
#12 C:\\laragon\\www\\laravel-skill-test\\vendor\\laravel\\framework\\src\\Illuminate\\Routing\\RouteRegistrar.php(206): Illuminate\\Routing\\Router->group(Array, 'C:\\\\laragon\\\\www\\\\...')
#13 C:\\laragon\\www\\laravel-skill-test\\vendor\\laravel\\framework\\src\\Illuminate\\Foundation\\Configuration\\ApplicationBuilder.php(214): Illuminate\\Routing\\RouteRegistrar->group('C:\\\\laragon\\\\www\\\\...')
#14 C:\\laragon\\www\\laravel-skill-test\\vendor\\laravel\\framework\\src\\Illuminate\\Container\\BoundMethod.php(36): Illuminate\\Foundation\\Configuration\\ApplicationBuilder->{closure:Illuminate\\Foundation\\Configuration\\ApplicationBuilder::buildRoutingCallback():205}()
#15 C:\\laragon\\www\\laravel-skill-test\\vendor\\laravel\\framework\\src\\Illuminate\\Container\\Util.php(43): Illuminate\\Container\\BoundMethod::{closure:Illuminate\\Container\\BoundMethod::call():35}()
#16 C:\\laragon\\www\\laravel-skill-test\\vendor\\laravel\\framework\\src\\Illuminate\\Container\\BoundMethod.php(84): Illuminate\\Container\\Util::unwrapIfClosure(Object(Closure))
#17 C:\\laragon\\www\\laravel-skill-test\\vendor\\laravel\\framework\\src\\Illuminate\\Container\\BoundMethod.php(35): Illuminate\\Container\\BoundMethod::callBoundMethod(Object(Illuminate\\Foundation\\Application), Object(Closure), Object(Closure))
#18 C:\\laragon\\www\\laravel-skill-test\\vendor\\laravel\\framework\\src\\Illuminate\\Container\\Container.php(754): Illuminate\\Container\\BoundMethod::call(Object(Illuminate\\Foundation\\Application), Object(Closure), Array, NULL)
#19 C:\\laragon\\www\\laravel-skill-test\\vendor\\laravel\\framework\\src\\Illuminate\\Foundation\\Support\\Providers\\RouteServiceProvider.php(162): Illuminate\\Container\\Container->call(Object(Closure))
#20 C:\\laragon\\www\\laravel-skill-test\\vendor\\laravel\\framework\\src\\Illuminate\\Foundation\\Support\\Providers\\RouteServiceProvider.php(59): Illuminate\\Foundation\\Support\\Providers\\RouteServiceProvider->loadRoutes()
#21 C:\\laragon\\www\\laravel-skill-test\\vendor\\laravel\\framework\\src\\Illuminate\\Container\\BoundMethod.php(36): Illuminate\\Foundation\\Support\\Providers\\RouteServiceProvider->{closure:Illuminate\\Foundation\\Support\\Providers\\RouteServiceProvider::register():53}()
#22 C:\\laragon\\www\\laravel-skill-test\\vendor\\laravel\\framework\\src\\Illuminate\\Container\\Util.php(43): Illuminate\\Container\\BoundMethod::{closure:Illuminate\\Container\\BoundMethod::call():35}()
#23 C:\\laragon\\www\\laravel-skill-test\\vendor\\laravel\\framework\\src\\Illuminate\\Container\\BoundMethod.php(84): Illuminate\\Container\\Util::unwrapIfClosure(Object(Closure))
#24 C:\\laragon\\www\\laravel-skill-test\\vendor\\laravel\\framework\\src\\Illuminate\\Container\\BoundMethod.php(35): Illuminate\\Container\\BoundMethod::callBoundMethod(Object(Illuminate\\Foundation\\Application), Object(Closure), Object(Closure))
#25 C:\\laragon\\www\\laravel-skill-test\\vendor\\laravel\\framework\\src\\Illuminate\\Container\\Container.php(754): Illuminate\\Container\\BoundMethod::call(Object(Illuminate\\Foundation\\Application), Object(Closure), Array, NULL)
#26 C:\\laragon\\www\\laravel-skill-test\\vendor\\laravel\\framework\\src\\Illuminate\\Support\\ServiceProvider.php(143): Illuminate\\Container\\Container->call(Object(Closure))
#27 C:\\laragon\\www\\laravel-skill-test\\vendor\\laravel\\framework\\src\\Illuminate\\Foundation\\Application.php(1153): Illuminate\\Support\\ServiceProvider->callBootedCallbacks()
#28 C:\\laragon\\www\\laravel-skill-test\\vendor\\laravel\\framework\\src\\Illuminate\\Foundation\\Application.php(1131): Illuminate\\Foundation\\Application->bootProvider(Object(Illuminate\\Foundation\\Support\\Providers\\RouteServiceProvider))
#29 [internal function]: Illuminate\\Foundation\\Application->{closure:Illuminate\\Foundation\\Application::boot():1130}(Object(Illuminate\\Foundation\\Support\\Providers\\RouteServiceProvider), 'Illuminate\\\\Foun...')
#30 C:\\laragon\\www\\laravel-skill-test\\vendor\\laravel\\framework\\src\\Illuminate\\Foundation\\Application.php(1130): array_walk(Array, Object(Closure))
#31 C:\\laragon\\www\\laravel-skill-test\\vendor\\laravel\\framework\\src\\Illuminate\\Foundation\\Bootstrap\\BootProviders.php(17): Illuminate\\Foundation\\Application->boot()
#32 C:\\laragon\\www\\laravel-skill-test\\vendor\\laravel\\framework\\src\\Illuminate\\Foundation\\Application.php(341): Illuminate\\Foundation\\Bootstrap\\BootProviders->bootstrap(Object(Illuminate\\Foundation\\Application))
#33 C:\\laragon\\www\\laravel-skill-test\\vendor\\laravel\\framework\\src\\Illuminate\\Foundation\\Console\\Kernel.php(473): Illuminate\\Foundation\\Application->bootstrapWith(Array)
#34 C:\\laragon\\www\\laravel-skill-test\\vendor\\laravel\\framework\\src\\Illuminate\\Foundation\\Console\\Kernel.php(195): Illuminate\\Foundation\\Console\\Kernel->bootstrap()
#35 Command line code(1): Illuminate\\Foundation\\Console\\Kernel->handle(Object(Symfony\\Component\\Console\\Input\\ArgvInput), Object(Symfony\\Component\\Console\\Output\\ConsoleOutput))
#36 {main}
"} 
[2026-02-09 05:21:18] local.ERROR: Invalid route action: [App\Http\Controllers\PostController]. {"exception":"[object] (UnexpectedValueException(code: 0): Invalid route action: [App\\Http\\Controllers\\PostController]. at C:\\laragon\\www\\laravel-skill-test\\vendor\\laravel\\framework\\src\\Illuminate\\Routing\\RouteAction.php:92)
[stacktrace]
#0 C:\\laragon\\www\\laravel-skill-test\\vendor\\laravel\\framework\\src\\Illuminate\\Routing\\RouteAction.php(47): Illuminate\\Routing\\RouteAction::makeInvokable('App\\\\Http\\\\Contro...')
#1 C:\\laragon\\www\\laravel-skill-test\\vendor\\laravel\\framework\\src\\Illuminate\\Routing\\Route.php(197): Illuminate\\Routing\\RouteAction::parse('api/posts', Array)
#2 C:\\laragon\\www\\laravel-skill-test\\vendor\\laravel\\framework\\src\\Illuminate\\Routing\\Route.php(178): Illuminate\\Routing\\Route->parseAction(Array)
#3 C:\\laragon\\www\\laravel-skill-test\\vendor\\laravel\\framework\\src\\Illuminate\\Routing\\Router.php(671): Illuminate\\Routing\\Route->__construct(Array, 'api/posts', Array)
#4 C:\\laragon\\www\\laravel-skill-test\\vendor\\laravel\\framework\\src\\Illuminate\\Routing\\Router.php(562): Illuminate\\Routing\\Router->newRoute(Array, 'api/posts', Array)
#5 C:\\laragon\\www\\laravel-skill-test\\vendor\\laravel\\framework\\src\\Illuminate\\Routing\\Router.php(542): Illuminate\\Routing\\Router->createRoute(Array, 'posts', Array)
#6 C:\\laragon\\www\\laravel-skill-test\\vendor\\laravel\\framework\\src\\Illuminate\\Routing\\Router.php(160): Illuminate\\Routing\\Router->addRoute(Array, 'posts', 'App\\\\Http\\\\Contro...')
#7 C:\\laragon\\www\\laravel-skill-test\\vendor\\laravel\\framework\\src\\Illuminate\\Support\\Facades\\Facade.php(361): Illuminate\\Routing\\Router->get('posts', 'App\\\\Http\\\\Contro...', 'index')
#8 C:\\laragon\\www\\laravel-skill-test\\routes\\api.php(11): Illuminate\\Support\\Facades\\Facade::__callStatic('get', Array)
#9 C:\\laragon\\www\\laravel-skill-test\\vendor\\laravel\\framework\\src\\Illuminate\\Routing\\RouteFileRegistrar.php(34): require('C:\\\\laragon\\\\www\\\\...')
#10 C:\\laragon\\www\\laravel-skill-test\\vendor\\laravel\\framework\\src\\Illuminate\\Routing\\Router.php(512): Illuminate\\Routing\\RouteFileRegistrar->register('C:\\\\laragon\\\\www\\\\...')
#11 C:\\laragon\\www\\laravel-skill-test\\vendor\\laravel\\framework\\src\\Illuminate\\Routing\\Router.php(466): Illuminate\\Routing\\Router->loadRoutes('C:\\\\laragon\\\\www\\\\...')
#12 C:\\laragon\\www\\laravel-skill-test\\vendor\\laravel\\framework\\src\\Illuminate\\Routing\\RouteRegistrar.php(206): Illuminate\\Routing\\Router->group(Array, 'C:\\\\laragon\\\\www\\\\...')
#13 C:\\laragon\\www\\laravel-skill-test\\vendor\\laravel\\framework\\src\\Illuminate\\Foundation\\Configuration\\ApplicationBuilder.php(214): Illuminate\\Routing\\RouteRegistrar->group('C:\\\\laragon\\\\www\\\\...')
#14 C:\\laragon\\www\\laravel-skill-test\\vendor\\laravel\\framework\\src\\Illuminate\\Container\\BoundMethod.php(36): Illuminate\\Foundation\\Configuration\\ApplicationBuilder->{closure:Illuminate\\Foundation\\Configuration\\ApplicationBuilder::buildRoutingCallback():205}()
#15 C:\\laragon\\www\\laravel-skill-test\\vendor\\laravel\\framework\\src\\Illuminate\\Container\\Util.php(43): Illuminate\\Container\\BoundMethod::{closure:Illuminate\\Container\\BoundMethod::call():35}()
#16 C:\\laragon\\www\\laravel-skill-test\\vendor\\laravel\\framework\\src\\Illuminate\\Container\\BoundMethod.php(84): Illuminate\\Container\\Util::unwrapIfClosure(Object(Closure))
#17 C:\\laragon\\www\\laravel-skill-test\\vendor\\laravel\\framework\\src\\Illuminate\\Container\\BoundMethod.php(35): Illuminate\\Container\\BoundMethod::callBoundMethod(Object(Illuminate\\Foundation\\Application), Object(Closure), Object(Closure))
#18 C:\\laragon\\www\\laravel-skill-test\\vendor\\laravel\\framework\\src\\Illuminate\\Container\\Container.php(754): Illuminate\\Container\\BoundMethod::call(Object(Illuminate\\Foundation\\Application), Object(Closure), Array, NULL)
#19 C:\\laragon\\www\\laravel-skill-test\\vendor\\laravel\\framework\\src\\Illuminate\\Foundation\\Support\\Providers\\RouteServiceProvider.php(162): Illuminate\\Container\\Container->call(Object(Closure))
#20 C:\\laragon\\www\\laravel-skill-test\\vendor\\laravel\\framework\\src\\Illuminate\\Foundation\\Support\\Providers\\RouteServiceProvider.php(59): Illuminate\\Foundation\\Support\\Providers\\RouteServiceProvider->loadRoutes()
#21 C:\\laragon\\www\\laravel-skill-test\\vendor\\laravel\\framework\\src\\Illuminate\\Container\\BoundMethod.php(36): Illuminate\\Foundation\\Support\\Providers\\RouteServiceProvider->{closure:Illuminate\\Foundation\\Support\\Providers\\RouteServiceProvider::register():53}()
#22 C:\\laragon\\www\\laravel-skill-test\\vendor\\laravel\\framework\\src\\Illuminate\\Container\\Util.php(43): Illuminate\\Container\\BoundMethod::{closure:Illuminate\\Container\\BoundMethod::call():35}()
#23 C:\\laragon\\www\\laravel-skill-test\\vendor\\laravel\\framework\\src\\Illuminate\\Container\\BoundMethod.php(84): Illuminate\\Container\\Util::unwrapIfClosure(Object(Closure))
#24 C:\\laragon\\www\\laravel-skill-test\\vendor\\laravel\\framework\\src\\Illuminate\\Container\\BoundMethod.php(35): Illuminate\\Container\\BoundMethod::callBoundMethod(Object(Illuminate\\Foundation\\Application), Object(Closure), Object(Closure))
#25 C:\\laragon\\www\\laravel-skill-test\\vendor\\laravel\\framework\\src\\Illuminate\\Container\\Container.php(754): Illuminate\\Container\\BoundMethod::call(Object(Illuminate\\Foundation\\Application), Object(Closure), Array, NULL)
#26 C:\\laragon\\www\\laravel-skill-test\\vendor\\laravel\\framework\\src\\Illuminate\\Support\\ServiceProvider.php(143): Illuminate\\Container\\Container->call(Object(Closure))
#27 C:\\laragon\\www\\laravel-skill-test\\vendor\\laravel\\framework\\src\\Illuminate\\Foundation\\Application.php(1153): Illuminate\\Support\\ServiceProvider->callBootedCallbacks()
#28 C:\\laragon\\www\\laravel-skill-test\\vendor\\laravel\\framework\\src\\Illuminate\\Foundation\\Application.php(1131): Illuminate\\Foundation\\Application->bootProvider(Object(Illuminate\\Foundation\\Support\\Providers\\RouteServiceProvider))
#29 [internal function]: Illuminate\\Foundation\\Application->{closure:Illuminate\\Foundation\\Application::boot():1130}(Object(Illuminate\\Foundation\\Support\\Providers\\RouteServiceProvider), 'Illuminate\\\\Foun...')
#30 C:\\laragon\\www\\laravel-skill-test\\vendor\\laravel\\framework\\src\\Illuminate\\Foundation\\Application.php(1130): array_walk(Array, Object(Closure))
#31 C:\\laragon\\www\\laravel-skill-test\\vendor\\laravel\\framework\\src\\Illuminate\\Foundation\\Bootstrap\\BootProviders.php(17): Illuminate\\Foundation\\Application->boot()
#32 C:\\laragon\\www\\laravel-skill-test\\vendor\\laravel\\framework\\src\\Illuminate\\Foundation\\Application.php(341): Illuminate\\Foundation\\Bootstrap\\BootProviders->bootstrap(Object(Illuminate\\Foundation\\Application))
#33 C:\\laragon\\www\\laravel-skill-test\\vendor\\laravel\\framework\\src\\Illuminate\\Foundation\\Console\\Kernel.php(473): Illuminate\\Foundation\\Application->bootstrapWith(Array)
#34 C:\\laragon\\www\\laravel-skill-test\\vendor\\laravel\\framework\\src\\Illuminate\\Foundation\\Console\\Kernel.php(195): Illuminate\\Foundation\\Console\\Kernel->bootstrap()
#35 Command line code(1): Illuminate\\Foundation\\Console\\Kernel->handle(Object(Symfony\\Component\\Console\\Input\\ArgvInput), Object(Symfony\\Component\\Console\\Output\\ConsoleOutput))
#36 {main}
"} 
[2026-02-09 05:24:20] local.ERROR: No application encryption key has been specified. {"exception":"[object] (Illuminate\\Encryption\\MissingAppKeyException(code: 0): No application encryption key has been specified. at C:\\laragon\\www\\laravel-skill-test\\vendor\\laravel\\framework\\src\\Illuminate\\Encryption\\EncryptionServiceProvider.php:83)
[stacktrace]
#0 C:\\laragon\\www\\laravel-skill-test\\vendor\\laravel\\framework\\src\\Illuminate\\Support\\helpers.php(399): Illuminate\\Encryption\\EncryptionServiceProvider->{closure:Illuminate\\Encryption\\EncryptionServiceProvider::key():81}('')
#1 C:\\laragon\\www\\laravel-skill-test\\vendor\\laravel\\framework\\src\\Illuminate\\Encryption\\EncryptionServiceProvider.php(81): tap('', Object(Closure))
#2 C:\\laragon\\www\\laravel-skill-test\\vendor\\laravel\\framework\\src\\Illuminate\\Encryption\\EncryptionServiceProvider.php(64): Illuminate\\Encryption\\EncryptionServiceProvider->key(Array)
#3 C:\\laragon\\www\\laravel-skill-test\\vendor\\laravel\\framework\\src\\Illuminate\\Encryption\\EncryptionServiceProvider.php(32): Illuminate\\Encryption\\EncryptionServiceProvider->parseKey(Array)
#4 C:\\laragon\\www\\laravel-skill-test\\vendor\\laravel\\framework\\src\\Illuminate\\Container\\Container.php(1010): Illuminate\\Encryption\\EncryptionServiceProvider->{closure:Illuminate\\Encryption\\EncryptionServiceProvider::registerEncrypter():29}(Object(Illuminate\\Foundation\\Application), Array)
#5 C:\\laragon\\www\\laravel-skill-test\\vendor\\laravel\\framework\\src\\Illuminate\\Container\\Container.php(890): Illuminate\\Container\\Container->build(Object(Closure))
#6 C:\\laragon\\www\\laravel-skill-test\\vendor\\laravel\\framework\\src\\Illuminate\\Foundation\\Application.php(1077): Illuminate\\Container\\Container->resolve('encrypter', Array, true)
#7 C:\\laragon\\www\\laravel-skill-test\\vendor\\laravel\\framework\\src\\Illuminate\\Container\\Container.php(821): Illuminate\\Foundation\\Application->resolve('encrypter', Array)
#8 C:\\laragon\\www\\laravel-skill-test\\vendor\\laravel\\framework\\src\\Illuminate\\Foundation\\Application.php(1057): Illuminate\\Container\\Container->make('encrypter', Array)
#9 C:\\laragon\\www\\laravel-skill-test\\vendor\\laravel\\framework\\src\\Illuminate\\Container\\Container.php(1202): Illuminate\\Foundation\\Application->make('encrypter')
#10 C:\\laragon\\www\\laravel-skill-test\\vendor\\laravel\\framework\\src\\Illuminate\\Container\\Container.php(1101): Illuminate\\Container\\Container->resolveClass(Object(ReflectionParameter))
#11 C:\\laragon\\www\\laravel-skill-test\\vendor\\laravel\\framework\\src\\Illuminate\\Container\\Container.php(1052): Illuminate\\Container\\Container->resolveDependencies(Array)
#12 C:\\laragon\\www\\laravel-skill-test\\vendor\\laravel\\framework\\src\\Illuminate\\Container\\Container.php(890): Illuminate\\Container\\Container->build('Illuminate\\\\Cook...')
#13 C:\\laragon\\www\\laravel-skill-test\\vendor\\laravel\\framework\\src\\Illuminate\\Foundation\\Application.php(1077): Illuminate\\Container\\Container->resolve('Illuminate\\\\Cook...', Array, true)
#14 C:\\laragon\\www\\laravel-skill-test\\vendor\\laravel\\framework\\src\\Illuminate\\Container\\Container.php(821): Illuminate\\Foundation\\Application->resolve('Illuminate\\\\Cook...', Array)
#15 C:\\laragon\\www\\laravel-skill-test\\vendor\\laravel\\framework\\src\\Illuminate\\Foundation\\Application.php(1057): Illuminate\\Container\\Container->make('Illuminate\\\\Cook...', Array)
#16 C:\\laragon\\www\\laravel-skill-test\\vendor\\laravel\\framework\\src\\Illuminate\\Pipeline\\Pipeline.php(197): Illuminate\\Foundation\\Application->make('Illuminate\\\\Cook...')
#17 C:\\laragon\\www\\laravel-skill-test\\vendor\\laravel\\framework\\src\\Illuminate\\Pipeline\\Pipeline.php(126): Illuminate\\Pipeline\\Pipeline->{closure:{closure:Illuminate\\Pipeline\\Pipeline::carry():183}:184}(Object(Illuminate\\Http\\Request))
#18 C:\\laragon\\www\\laravel-skill-test\\vendor\\laravel\\framework\\src\\Illuminate\\Routing\\Router.php(807): Illuminate\\Pipeline\\Pipeline->then(Object(Closure))
#19 C:\\laragon\\www\\laravel-skill-test\\vendor\\laravel\\framework\\src\\Illuminate\\Routing\\Router.php(786): Illuminate\\Routing\\Router->runRouteWithinStack(Object(Illuminate\\Routing\\Route), Object(Illuminate\\Http\\Request))
#20 C:\\laragon\\www\\laravel-skill-test\\vendor\\laravel\\framework\\src\\Illuminate\\Routing\\Router.php(750): Illuminate\\Routing\\Router->runRoute(Object(Illuminate\\Http\\Request), Object(Illuminate\\Routing\\Route))
#21 C:\\laragon\\www\\laravel-skill-test\\vendor\\laravel\\framework\\src\\Illuminate\\Routing\\Router.php(739): Illuminate\\Routing\\Router->dispatchToRoute(Object(Illuminate\\Http\\Request))
#22 C:\\laragon\\www\\laravel-skill-test\\vendor\\laravel\\framework\\src\\Illuminate\\Foundation\\Http\\Kernel.php(200): Illuminate\\Routing\\Router->dispatch(Object(Illuminate\\Http\\Request))
#23 C:\\laragon\\www\\laravel-skill-test\\vendor\\laravel\\framework\\src\\Illuminate\\Pipeline\\Pipeline.php(169): Illuminate\\Foundation\\Http\\Kernel->{closure:Illuminate\\Foundation\\Http\\Kernel::dispatchToRouter():197}(Object(Illuminate\\Http\\Request))
#24 C:\\laragon\\www\\laravel-skill-test\\vendor\\barryvdh\\laravel-debugbar\\src\\Middleware\\InjectDebugbar.php(66): Illuminate\\Pipeline\\Pipeline->{closure:Illuminate\\Pipeline\\Pipeline::prepareDestination():167}(Object(Illuminate\\Http\\Request))
#25 C:\\laragon\\www\\laravel-skill-test\\vendor\\laravel\\framework\\src\\Illuminate\\Pipeline\\Pipeline.php(208): Barryvdh\\Debugbar\\Middleware\\InjectDebugbar->handle(Object(Illuminate\\Http\\Request), Object(Closure))
#26 C:\\laragon\\www\\laravel-skill-test\\vendor\\laravel\\framework\\src\\Illuminate\\Foundation\\Http\\Middleware\\TransformsRequest.php(21): Illuminate\\Pipeline\\Pipeline->{closure:{closure:Illuminate\\Pipeline\\Pipeline::carry():183}:184}(Object(Illuminate\\Http\\Request))
#27 C:\\laragon\\www\\laravel-skill-test\\vendor\\laravel\\framework\\src\\Illuminate\\Foundation\\Http\\Middleware\\ConvertEmptyStringsToNull.php(31): Illuminate\\Foundation\\Http\\Middleware\\TransformsRequest->handle(Object(Illuminate\\Http\\Request), Object(Closure))
#28 C:\\laragon\\www\\laravel-skill-test\\vendor\\laravel\\framework\\src\\Illuminate\\Pipeline\\Pipeline.php(208): Illuminate\\Foundation\\Http\\Middleware\\ConvertEmptyStringsToNull->handle(Object(Illuminate\\Http\\Request), Object(Closure))
#29 C:\\laragon\\www\\laravel-skill-test\\vendor\\laravel\\framework\\src\\Illuminate\\Foundation\\Http\\Middleware\\TransformsRequest.php(21): Illuminate\\Pipeline\\Pipeline->{closure:{closure:Illuminate\\Pipeline\\Pipeline::carry():183}:184}(Object(Illuminate\\Http\\Request))
#30 C:\\laragon\\www\\laravel-skill-test\\vendor\\laravel\\framework\\src\\Illuminate\\Foundation\\Http\\Middleware\\TrimStrings.php(51): Illuminate\\Foundation\\Http\\Middleware\\TransformsRequest->handle(Object(Illuminate\\Http\\Request), Object(Closure))
#31 C:\\laragon\\www\\laravel-skill-test\\vendor\\laravel\\framework\\src\\Illuminate\\Pipeline\\Pipeline.php(208): Illuminate\\Foundation\\Http\\Middleware\\TrimStrings->handle(Object(Illuminate\\Http\\Request), Object(Closure))
#32 C:\\laragon\\www\\laravel-skill-test\\vendor\\laravel\\framework\\src\\Illuminate\\Http\\Middleware\\ValidatePostSize.php(27): Illuminate\\Pipeline\\Pipeline->{closure:{closure:Illuminate\\Pipeline\\Pipeline::carry():183}:184}(Object(Illuminate\\Http\\Request))
#33 C:\\laragon\\www\\laravel-skill-test\\vendor\\laravel\\framework\\src\\Illuminate\\Pipeline\\Pipeline.php(208): Illuminate\\Http\\Middleware\\ValidatePostSize->handle(Object(Illuminate\\Http\\Request), Object(Closure))
#34 C:\\laragon\\www\\laravel-skill-test\\vendor\\laravel\\framework\\src\\Illuminate\\Foundation\\Http\\Middleware\\PreventRequestsDuringMaintenance.php(109): Illuminate\\Pipeline\\Pipeline->{closure:{closure:Illuminate\\Pipeline\\Pipeline::carry():183}:184}(Object(Illuminate\\Http\\Request))
#35 C:\\laragon\\www\\laravel-skill-test\\vendor\\laravel\\framework\\src\\Illuminate\\Pipeline\\Pipeline.php(208): Illuminate\\Foundation\\Http\\Middleware\\PreventRequestsDuringMaintenance->handle(Object(Illuminate\\Http\\Request), Object(Closure))
#36 C:\\laragon\\www\\laravel-skill-test\\vendor\\laravel\\framework\\src\\Illuminate\\Http\\Middleware\\HandleCors.php(48): Illuminate\\Pipeline\\Pipeline->{closure:{closure:Illuminate\\Pipeline\\Pipeline::carry():183}:184}(Object(Illuminate\\Http\\Request))
#37 C:\\laragon\\www\\laravel-skill-test\\vendor\\laravel\\framework\\src\\Illuminate\\Pipeline\\Pipeline.php(208): Illuminate\\Http\\Middleware\\HandleCors->handle(Object(Illuminate\\Http\\Request), Object(Closure))
#38 C:\\laragon\\www\\laravel-skill-test\\vendor\\laravel\\framework\\src\\Illuminate\\Http\\Middleware\\TrustProxies.php(58): Illuminate\\Pipeline\\Pipeline->{closure:{closure:Illuminate\\Pipeline\\Pipeline::carry():183}:184}(Object(Illuminate\\Http\\Request))
#39 C:\\laragon\\www\\laravel-skill-test\\vendor\\laravel\\framework\\src\\Illuminate\\Pipeline\\Pipeline.php(208): Illuminate\\Http\\Middleware\\TrustProxies->handle(Object(Illuminate\\Http\\Request), Object(Closure))
#40 C:\\laragon\\www\\laravel-skill-test\\vendor\\laravel\\framework\\src\\Illuminate\\Foundation\\Http\\Middleware\\InvokeDeferredCallbacks.php(22): Illuminate\\Pipeline\\Pipeline->{closure:{closure:Illuminate\\Pipeline\\Pipeline::carry():183}:184}(Object(Illuminate\\Http\\Request))
#41 C:\\laragon\\www\\laravel-skill-test\\vendor\\laravel\\framework\\src\\Illuminate\\Pipeline\\Pipeline.php(208): Illuminate\\Foundation\\Http\\Middleware\\InvokeDeferredCallbacks->handle(Object(Illuminate\\Http\\Request), Object(Closure))
#42 C:\\laragon\\www\\laravel-skill-test\\vendor\\laravel\\framework\\src\\Illuminate\\Http\\Middleware\\ValidatePathEncoding.php(26): Illuminate\\Pipeline\\Pipeline->{closure:{closure:Illuminate\\Pipeline\\Pipeline::carry():183}:184}(Object(Illuminate\\Http\\Request))
#43 C:\\laragon\\www\\laravel-skill-test\\vendor\\laravel\\framework\\src\\Illuminate\\Pipeline\\Pipeline.php(208): Illuminate\\Http\\Middleware\\ValidatePathEncoding->handle(Object(Illuminate\\Http\\Request), Object(Closure))
#44 C:\\laragon\\www\\laravel-skill-test\\vendor\\laravel\\framework\\src\\Illuminate\\Pipeline\\Pipeline.php(126): Illuminate\\Pipeline\\Pipeline->{closure:{closure:Illuminate\\Pipeline\\Pipeline::carry():183}:184}(Object(Illuminate\\Http\\Request))
#45 C:\\laragon\\www\\laravel-skill-test\\vendor\\laravel\\framework\\src\\Illuminate\\Foundation\\Http\\Kernel.php(175): Illuminate\\Pipeline\\Pipeline->then(Object(Closure))
#46 C:\\laragon\\www\\laravel-skill-test\\vendor\\laravel\\framework\\src\\Illuminate\\Foundation\\Http\\Kernel.php(144): Illuminate\\Foundation\\Http\\Kernel->sendRequestThroughRouter(Object(Illuminate\\Http\\Request))
#47 C:\\laragon\\www\\laravel-skill-test\\vendor\\laravel\\framework\\src\\Illuminate\\Foundation\\Application.php(1219): Illuminate\\Foundation\\Http\\Kernel->handle(Object(Illuminate\\Http\\Request))
#48 C:\\laragon\\www\\laravel-skill-test\\public\\index.php(20): Illuminate\\Foundation\\Application->handleRequest(Object(Illuminate\\Http\\Request))
#49 C:\\laragon\\www\\laravel-skill-test\\vendor\\laravel\\framework\\src\\Illuminate\\Foundation\\resources\\server.php(23): require_once('C:\\\\laragon\\\\www\\\\...')
#50 {main}
"} 
[2026-02-09 05:24:30] local.ERROR: No application encryption key has been specified. {"exception":"[object] (Illuminate\\Encryption\\MissingAppKeyException(code: 0): No application encryption key has been specified. at C:\\laragon\\www\\laravel-skill-test\\vendor\\laravel\\framework\\src\\Illuminate\\Encryption\\EncryptionServiceProvider.php:83)
[stacktrace]
#0 C:\\laragon\\www\\laravel-skill-test\\vendor\\laravel\\framework\\src\\Illuminate\\Support\\helpers.php(399): Illuminate\\Encryption\\EncryptionServiceProvider->{closure:Illuminate\\Encryption\\EncryptionServiceProvider::key():81}('')
#1 C:\\laragon\\www\\laravel-skill-test\\vendor\\laravel\\framework\\src\\Illuminate\\Encryption\\EncryptionServiceProvider.php(81): tap('', Object(Closure))
#2 C:\\laragon\\www\\laravel-skill-test\\vendor\\laravel\\framework\\src\\Illuminate\\Encryption\\EncryptionServiceProvider.php(64): Illuminate\\Encryption\\EncryptionServiceProvider->key(Array)
#3 C:\\laragon\\www\\laravel-skill-test\\vendor\\laravel\\framework\\src\\Illuminate\\Encryption\\EncryptionServiceProvider.php(32): Illuminate\\Encryption\\EncryptionServiceProvider->parseKey(Array)
#4 C:\\laragon\\www\\laravel-skill-test\\vendor\\laravel\\framework\\src\\Illuminate\\Container\\Container.php(1010): Illuminate\\Encryption\\EncryptionServiceProvider->{closure:Illuminate\\Encryption\\EncryptionServiceProvider::registerEncrypter():29}(Object(Illuminate\\Foundation\\Application), Array)
#5 C:\\laragon\\www\\laravel-skill-test\\vendor\\laravel\\framework\\src\\Illuminate\\Container\\Container.php(890): Illuminate\\Container\\Container->build(Object(Closure))
#6 C:\\laragon\\www\\laravel-skill-test\\vendor\\laravel\\framework\\src\\Illuminate\\Foundation\\Application.php(1077): Illuminate\\Container\\Container->resolve('encrypter', Array, true)
#7 C:\\laragon\\www\\laravel-skill-test\\vendor\\laravel\\framework\\src\\Illuminate\\Container\\Container.php(821): Illuminate\\Foundation\\Application->resolve('encrypter', Array)
#8 C:\\laragon\\www\\laravel-skill-test\\vendor\\laravel\\framework\\src\\Illuminate\\Foundation\\Application.php(1057): Illuminate\\Container\\Container->make('encrypter', Array)
#9 C:\\laragon\\www\\laravel-skill-test\\vendor\\laravel\\framework\\src\\Illuminate\\Container\\Container.php(1202): Illuminate\\Foundation\\Application->make('encrypter')
#10 C:\\laragon\\www\\laravel-skill-test\\vendor\\laravel\\framework\\src\\Illuminate\\Container\\Container.php(1101): Illuminate\\Container\\Container->resolveClass(Object(ReflectionParameter))
#11 C:\\laragon\\www\\laravel-skill-test\\vendor\\laravel\\framework\\src\\Illuminate\\Container\\Container.php(1052): Illuminate\\Container\\Container->resolveDependencies(Array)
#12 C:\\laragon\\www\\laravel-skill-test\\vendor\\laravel\\framework\\src\\Illuminate\\Container\\Container.php(890): Illuminate\\Container\\Container->build('Illuminate\\\\Cook...')
#13 C:\\laragon\\www\\laravel-skill-test\\vendor\\laravel\\framework\\src\\Illuminate\\Foundation\\Application.php(1077): Illuminate\\Container\\Container->resolve('Illuminate\\\\Cook...', Array, true)
#14 C:\\laragon\\www\\laravel-skill-test\\vendor\\laravel\\framework\\src\\Illuminate\\Container\\Container.php(821): Illuminate\\Foundation\\Application->resolve('Illuminate\\\\Cook...', Array)
#15 C:\\laragon\\www\\laravel-skill-test\\vendor\\laravel\\framework\\src\\Illuminate\\Foundation\\Application.php(1057): Illuminate\\Container\\Container->make('Illuminate\\\\Cook...', Array)
#16 C:\\laragon\\www\\laravel-skill-test\\vendor\\laravel\\framework\\src\\Illuminate\\Foundation\\Http\\Kernel.php(257): Illuminate\\Foundation\\Application->make('Illuminate\\\\Cook...')
#17 C:\\laragon\\www\\laravel-skill-test\\vendor\\laravel\\framework\\src\\Illuminate\\Foundation\\Http\\Kernel.php(215): Illuminate\\Foundation\\Http\\Kernel->terminateMiddleware(Object(Illuminate\\Http\\Request), Object(Illuminate\\Http\\Response))
#18 C:\\laragon\\www\\laravel-skill-test\\vendor\\laravel\\framework\\src\\Illuminate\\Foundation\\Application.php(1221): Illuminate\\Foundation\\Http\\Kernel->terminate(Object(Illuminate\\Http\\Request), Object(Illuminate\\Http\\Response))
#19 C:\\laragon\\www\\laravel-skill-test\\public\\index.php(20): Illuminate\\Foundation\\Application->handleRequest(Object(Illuminate\\Http\\Request))
#20 C:\\laragon\\www\\laravel-skill-test\\vendor\\laravel\\framework\\src\\Illuminate\\Foundation\\resources\\server.php(23): require_once('C:\\\\laragon\\\\www\\\\...')
#21 {main}
"} 
[2026-02-09 05:24:53] local.ERROR: Vite manifest not found at: C:\laragon\www\laravel-skill-test\public\build/manifest.json (View: C:\laragon\www\laravel-skill-test\resources\views\app.blade.php) {"exception":"[object] (Illuminate\\View\\ViewException(code: 0): Vite manifest not found at: C:\\laragon\\www\\laravel-skill-test\\public\\build/manifest.json (View: C:\\laragon\\www\\laravel-skill-test\\resources\\views\\app.blade.php) at C:\\laragon\\www\\laravel-skill-test\\vendor\\laravel\\framework\\src\\Illuminate\\Foundation\\Vite.php:934)
[stacktrace]
#0 C:\\laragon\\www\\laravel-skill-test\\vendor\\laravel\\framework\\src\\Illuminate\\View\\Engines\\PhpEngine.php(59): Illuminate\\View\\Engines\\CompilerEngine->handleViewException(Object(Illuminate\\Foundation\\ViteManifestNotFoundException), 1)
#1 C:\\laragon\\www\\laravel-skill-test\\vendor\\laravel\\framework\\src\\Illuminate\\View\\Engines\\CompilerEngine.php(74): Illuminate\\View\\Engines\\PhpEngine->evaluatePath('C:\\\\laragon\\\\www\\\\...', Array)
#2 C:\\laragon\\www\\laravel-skill-test\\vendor\\laravel\\framework\\src\\Illuminate\\View\\View.php(208): Illuminate\\View\\Engines\\CompilerEngine->get('C:\\\\laragon\\\\www\\\\...', Array)
#3 C:\\laragon\\www\\laravel-skill-test\\vendor\\laravel\\framework\\src\\Illuminate\\View\\View.php(191): Illuminate\\View\\View->getContents()
#4 C:\\laragon\\www\\laravel-skill-test\\vendor\\laravel\\framework\\src\\Illuminate\\View\\View.php(160): Illuminate\\View\\View->renderContents()
#5 C:\\laragon\\www\\laravel-skill-test\\vendor\\laravel\\framework\\src\\Illuminate\\Http\\Response.php(78): Illuminate\\View\\View->render()
#6 C:\\laragon\\www\\laravel-skill-test\\vendor\\laravel\\framework\\src\\Illuminate\\Http\\Response.php(34): Illuminate\\Http\\Response->setContent(Object(Illuminate\\View\\View))
#7 C:\\laragon\\www\\laravel-skill-test\\vendor\\laravel\\framework\\src\\Illuminate\\Routing\\ResponseFactory.php(61): Illuminate\\Http\\Response->__construct(Object(Illuminate\\View\\View), 200, Array)
#8 C:\\laragon\\www\\laravel-skill-test\\vendor\\laravel\\framework\\src\\Illuminate\\Routing\\ResponseFactory.php(91): Illuminate\\Routing\\ResponseFactory->make(Object(Illuminate\\View\\View), 200, Array)
#9 C:\\laragon\\www\\laravel-skill-test\\vendor\\laravel\\framework\\src\\Illuminate\\Support\\Facades\\Facade.php(361): Illuminate\\Routing\\ResponseFactory->view('app', Array)
#10 C:\\laragon\\www\\laravel-skill-test\\vendor\\inertiajs\\inertia-laravel\\src\\Response.php(126): Illuminate\\Support\\Facades\\Facade::__callStatic('view', Array)
#11 C:\\laragon\\www\\laravel-skill-test\\vendor\\laravel\\framework\\src\\Illuminate\\Routing\\Router.php(906): Inertia\\Response->toResponse(Object(Illuminate\\Http\\Request))
#12 C:\\laragon\\www\\laravel-skill-test\\vendor\\laravel\\framework\\src\\Illuminate\\Routing\\Router.php(891): Illuminate\\Routing\\Router::toResponse(Object(Illuminate\\Http\\Request), Object(Inertia\\Response))
#13 C:\\laragon\\www\\laravel-skill-test\\vendor\\laravel\\framework\\src\\Illuminate\\Routing\\Router.php(807): Illuminate\\Routing\\Router->prepareResponse(Object(Illuminate\\Http\\Request), Object(Inertia\\Response))
#14 C:\\laragon\\www\\laravel-skill-test\\vendor\\laravel\\framework\\src\\Illuminate\\Pipeline\\Pipeline.php(169): Illuminate\\Routing\\Router->{closure:Illuminate\\Routing\\Router::runRouteWithinStack():807}(Object(Illuminate\\Http\\Request))
#15 C:\\laragon\\www\\laravel-skill-test\\vendor\\laravel\\framework\\src\\Illuminate\\Auth\\Middleware\\RedirectIfAuthenticated.php(35): Illuminate\\Pipeline\\Pipeline->{closure:Illuminate\\Pipeline\\Pipeline::prepareDestination():167}(Object(Illuminate\\Http\\Request))
#16 C:\\laragon\\www\\laravel-skill-test\\vendor\\laravel\\framework\\src\\Illuminate\\Pipeline\\Pipeline.php(208): Illuminate\\Auth\\Middleware\\RedirectIfAuthenticated->handle(Object(Illuminate\\Http\\Request), Object(Closure))
#17 C:\\laragon\\www\\laravel-skill-test\\vendor\\barryvdh\\laravel-debugbar\\src\\Middleware\\InjectDebugbar.php(66): Illuminate\\Pipeline\\Pipeline->{closure:{closure:Illuminate\\Pipeline\\Pipeline::carry():183}:184}(Object(Illuminate\\Http\\Request))
#18 C:\\laragon\\www\\laravel-skill-test\\vendor\\laravel\\framework\\src\\Illuminate\\Pipeline\\Pipeline.php(208): Barryvdh\\Debugbar\\Middleware\\InjectDebugbar->handle(Object(Illuminate\\Http\\Request), Object(Closure))
#19 C:\\laragon\\www\\laravel-skill-test\\vendor\\laravel\\framework\\src\\Illuminate\\Http\\Middleware\\AddLinkHeadersForPreloadedAssets.php(32): Illuminate\\Pipeline\\Pipeline->{closure:{closure:Illuminate\\Pipeline\\Pipeline::carry():183}:184}(Object(Illuminate\\Http\\Request))
#20 C:\\laragon\\www\\laravel-skill-test\\vendor\\laravel\\framework\\src\\Illuminate\\Pipeline\\Pipeline.php(208): Illuminate\\Http\\Middleware\\AddLinkHeadersForPreloadedAssets->handle(Object(Illuminate\\Http\\Request), Object(Closure))
#21 C:\\laragon\\www\\laravel-skill-test\\vendor\\inertiajs\\inertia-laravel\\src\\Middleware.php(86): Illuminate\\Pipeline\\Pipeline->{closure:{closure:Illuminate\\Pipeline\\Pipeline::carry():183}:184}(Object(Illuminate\\Http\\Request))
#22 C:\\laragon\\www\\laravel-skill-test\\vendor\\laravel\\framework\\src\\Illuminate\\Pipeline\\Pipeline.php(208): Inertia\\Middleware->handle(Object(Illuminate\\Http\\Request), Object(Closure))
#23 C:\\laragon\\www\\laravel-skill-test\\app\\Http\\Middleware\\HandleAppearance.php(21): Illuminate\\Pipeline\\Pipeline->{closure:{closure:Illuminate\\Pipeline\\Pipeline::carry():183}:184}(Object(Illuminate\\Http\\Request))
#24 C:\\laragon\\www\\laravel-skill-test\\vendor\\laravel\\framework\\src\\Illuminate\\Pipeline\\Pipeline.php(208): App\\Http\\Middleware\\HandleAppearance->handle(Object(Illuminate\\Http\\Request), Object(Closure))
#25 C:\\laragon\\www\\laravel-skill-test\\vendor\\laravel\\framework\\src\\Illuminate\\Routing\\Middleware\\SubstituteBindings.php(50): Illuminate\\Pipeline\\Pipeline->{closure:{closure:Illuminate\\Pipeline\\Pipeline::carry():183}:184}(Object(Illuminate\\Http\\Request))
#26 C:\\laragon\\www\\laravel-skill-test\\vendor\\laravel\\framework\\src\\Illuminate\\Pipeline\\Pipeline.php(208): Illuminate\\Routing\\Middleware\\SubstituteBindings->handle(Object(Illuminate\\Http\\Request), Object(Closure))
#27 C:\\laragon\\www\\laravel-skill-test\\vendor\\laravel\\framework\\src\\Illuminate\\Foundation\\Http\\Middleware\\VerifyCsrfToken.php(87): Illuminate\\Pipeline\\Pipeline->{closure:{closure:Illuminate\\Pipeline\\Pipeline::carry():183}:184}(Object(Illuminate\\Http\\Request))
#28 C:\\laragon\\www\\laravel-skill-test\\vendor\\laravel\\framework\\src\\Illuminate\\Pipeline\\Pipeline.php(208): Illuminate\\Foundation\\Http\\Middleware\\VerifyCsrfToken->handle(Object(Illuminate\\Http\\Request), Object(Closure))
#29 C:\\laragon\\www\\laravel-skill-test\\vendor\\laravel\\framework\\src\\Illuminate\\View\\Middleware\\ShareErrorsFromSession.php(48): Illuminate\\Pipeline\\Pipeline->{closure:{closure:Illuminate\\Pipeline\\Pipeline::carry():183}:184}(Object(Illuminate\\Http\\Request))
#30 C:\\laragon\\www\\laravel-skill-test\\vendor\\laravel\\framework\\src\\Illuminate\\Pipeline\\Pipeline.php(208): Illuminate\\View\\Middleware\\ShareErrorsFromSession->handle(Object(Illuminate\\Http\\Request), Object(Closure))
#31 C:\\laragon\\www\\laravel-skill-test\\vendor\\laravel\\framework\\src\\Illuminate\\Session\\Middleware\\StartSession.php(120): Illuminate\\Pipeline\\Pipeline->{closure:{closure:Illuminate\\Pipeline\\Pipeline::carry():183}:184}(Object(Illuminate\\Http\\Request))
#32 C:\\laragon\\www\\laravel-skill-test\\vendor\\laravel\\framework\\src\\Illuminate\\Session\\Middleware\\StartSession.php(63): Illuminate\\Session\\Middleware\\StartSession->handleStatefulRequest(Object(Illuminate\\Http\\Request), Object(Illuminate\\Session\\Store), Object(Closure))
#33 C:\\laragon\\www\\laravel-skill-test\\vendor\\laravel\\framework\\src\\Illuminate\\Pipeline\\Pipeline.php(208): Illuminate\\Session\\Middleware\\StartSession->handle(Object(Illuminate\\Http\\Request), Object(Closure))
#34 C:\\laragon\\www\\laravel-skill-test\\vendor\\laravel\\framework\\src\\Illuminate\\Cookie\\Middleware\\AddQueuedCookiesToResponse.php(36): Illuminate\\Pipeline\\Pipeline->{closure:{closure:Illuminate\\Pipeline\\Pipeline::carry():183}:184}(Object(Illuminate\\Http\\Request))
#35 C:\\laragon\\www\\laravel-skill-test\\vendor\\laravel\\framework\\src\\Illuminate\\Pipeline\\Pipeline.php(208): Illuminate\\Cookie\\Middleware\\AddQueuedCookiesToResponse->handle(Object(Illuminate\\Http\\Request), Object(Closure))
#36 C:\\laragon\\www\\laravel-skill-test\\vendor\\laravel\\framework\\src\\Illuminate\\Cookie\\Middleware\\EncryptCookies.php(74): Illuminate\\Pipeline\\Pipeline->{closure:{closure:Illuminate\\Pipeline\\Pipeline::carry():183}:184}(Object(Illuminate\\Http\\Request))
#37 C:\\laragon\\www\\laravel-skill-test\\vendor\\laravel\\framework\\src\\Illuminate\\Pipeline\\Pipeline.php(208): Illuminate\\Cookie\\Middleware\\EncryptCookies->handle(Object(Illuminate\\Http\\Request), Object(Closure))
#38 C:\\laragon\\www\\laravel-skill-test\\vendor\\laravel\\framework\\src\\Illuminate\\Pipeline\\Pipeline.php(126): Illuminate\\Pipeline\\Pipeline->{closure:{closure:Illuminate\\Pipeline\\Pipeline::carry():183}:184}(Object(Illuminate\\Http\\Request))
#39 C:\\laragon\\www\\laravel-skill-test\\vendor\\laravel\\framework\\src\\Illuminate\\Routing\\Router.php(807): Illuminate\\Pipeline\\Pipeline->then(Object(Closure))
#40 C:\\laragon\\www\\laravel-skill-test\\vendor\\laravel\\framework\\src\\Illuminate\\Routing\\Router.php(786): Illuminate\\Routing\\Router->runRouteWithinStack(Object(Illuminate\\Routing\\Route), Object(Illuminate\\Http\\Request))
#41 C:\\laragon\\www\\laravel-skill-test\\vendor\\laravel\\framework\\src\\Illuminate\\Routing\\Router.php(750): Illuminate\\Routing\\Router->runRoute(Object(Illuminate\\Http\\Request), Object(Illuminate\\Routing\\Route))
#42 C:\\laragon\\www\\laravel-skill-test\\vendor\\laravel\\framework\\src\\Illuminate\\Routing\\Router.php(739): Illuminate\\Routing\\Router->dispatchToRoute(Object(Illuminate\\Http\\Request))
#43 C:\\laragon\\www\\laravel-skill-test\\vendor\\laravel\\framework\\src\\Illuminate\\Foundation\\Http\\Kernel.php(200): Illuminate\\Routing\\Router->dispatch(Object(Illuminate\\Http\\Request))
#44 C:\\laragon\\www\\laravel-skill-test\\vendor\\laravel\\framework\\src\\Illuminate\\Pipeline\\Pipeline.php(169): Illuminate\\Foundation\\Http\\Kernel->{closure:Illuminate\\Foundation\\Http\\Kernel::dispatchToRouter():197}(Object(Illuminate\\Http\\Request))
#45 C:\\laragon\\www\\laravel-skill-test\\vendor\\barryvdh\\laravel-debugbar\\src\\Middleware\\InjectDebugbar.php(66): Illuminate\\Pipeline\\Pipeline->{closure:Illuminate\\Pipeline\\Pipeline::prepareDestination():167}(Object(Illuminate\\Http\\Request))
#46 C:\\laragon\\www\\laravel-skill-test\\vendor\\laravel\\framework\\src\\Illuminate\\Pipeline\\Pipeline.php(208): Barryvdh\\Debugbar\\Middleware\\InjectDebugbar->handle(Object(Illuminate\\Http\\Request), Object(Closure))
#47 C:\\laragon\\www\\laravel-skill-test\\vendor\\laravel\\framework\\src\\Illuminate\\Foundation\\Http\\Middleware\\TransformsRequest.php(21): Illuminate\\Pipeline\\Pipeline->{closure:{closure:Illuminate\\Pipeline\\Pipeline::carry():183}:184}(Object(Illuminate\\Http\\Request))
#48 C:\\laragon\\www\\laravel-skill-test\\vendor\\laravel\\framework\\src\\Illuminate\\Foundation\\Http\\Middleware\\ConvertEmptyStringsToNull.php(31): Illuminate\\Foundation\\Http\\Middleware\\TransformsRequest->handle(Object(Illuminate\\Http\\Request), Object(Closure))
#49 C:\\laragon\\www\\laravel-skill-test\\vendor\\laravel\\framework\\src\\Illuminate\\Pipeline\\Pipeline.php(208): Illuminate\\Foundation\\Http\\Middleware\\ConvertEmptyStringsToNull->handle(Object(Illuminate\\Http\\Request), Object(Closure))
#50 C:\\laragon\\www\\laravel-skill-test\\vendor\\laravel\\framework\\src\\Illuminate\\Foundation\\Http\\Middleware\\TransformsRequest.php(21): Illuminate\\Pipeline\\Pipeline->{closure:{closure:Illuminate\\Pipeline\\Pipeline::carry():183}:184}(Object(Illuminate\\Http\\Request))
#51 C:\\laragon\\www\\laravel-skill-test\\vendor\\laravel\\framework\\src\\Illuminate\\Foundation\\Http\\Middleware\\TrimStrings.php(51): Illuminate\\Foundation\\Http\\Middleware\\TransformsRequest->handle(Object(Illuminate\\Http\\Request), Object(Closure))
#52 C:\\laragon\\www\\laravel-skill-test\\vendor\\laravel\\framework\\src\\Illuminate\\Pipeline\\Pipeline.php(208): Illuminate\\Foundation\\Http\\Middleware\\TrimStrings->handle(Object(Illuminate\\Http\\Request), Object(Closure))
#53 C:\\laragon\\www\\laravel-skill-test\\vendor\\laravel\\framework\\src\\Illuminate\\Http\\Middleware\\ValidatePostSize.php(27): Illuminate\\Pipeline\\Pipeline->{closure:{closure:Illuminate\\Pipeline\\Pipeline::carry():183}:184}(Object(Illuminate\\Http\\Request))
#54 C:\\laragon\\www\\laravel-skill-test\\vendor\\laravel\\framework\\src\\Illuminate\\Pipeline\\Pipeline.php(208): Illuminate\\Http\\Middleware\\ValidatePostSize->handle(Object(Illuminate\\Http\\Request), Object(Closure))
#55 C:\\laragon\\www\\laravel-skill-test\\vendor\\laravel\\framework\\src\\Illuminate\\Foundation\\Http\\Middleware\\PreventRequestsDuringMaintenance.php(109): Illuminate\\Pipeline\\Pipeline->{closure:{closure:Illuminate\\Pipeline\\Pipeline::carry():183}:184}(Object(Illuminate\\Http\\Request))
#56 C:\\laragon\\www\\laravel-skill-test\\vendor\\laravel\\framework\\src\\Illuminate\\Pipeline\\Pipeline.php(208): Illuminate\\Foundation\\Http\\Middleware\\PreventRequestsDuringMaintenance->handle(Object(Illuminate\\Http\\Request), Object(Closure))
#57 C:\\laragon\\www\\laravel-skill-test\\vendor\\laravel\\framework\\src\\Illuminate\\Http\\Middleware\\HandleCors.php(48): Illuminate\\Pipeline\\Pipeline->{closure:{closure:Illuminate\\Pipeline\\Pipeline::carry():183}:184}(Object(Illuminate\\Http\\Request))
#58 C:\\laragon\\www\\laravel-skill-test\\vendor\\laravel\\framework\\src\\Illuminate\\Pipeline\\Pipeline.php(208): Illuminate\\Http\\Middleware\\HandleCors->handle(Object(Illuminate\\Http\\Request), Object(Closure))
#59 C:\\laragon\\www\\laravel-skill-test\\vendor\\laravel\\framework\\src\\Illuminate\\Http\\Middleware\\TrustProxies.php(58): Illuminate\\Pipeline\\Pipeline->{closure:{closure:Illuminate\\Pipeline\\Pipeline::carry():183}:184}(Object(Illuminate\\Http\\Request))
#60 C:\\laragon\\www\\laravel-skill-test\\vendor\\laravel\\framework\\src\\Illuminate\\Pipeline\\Pipeline.php(208): Illuminate\\Http\\Middleware\\TrustProxies->handle(Object(Illuminate\\Http\\Request), Object(Closure))
#61 C:\\laragon\\www\\laravel-skill-test\\vendor\\laravel\\framework\\src\\Illuminate\\Foundation\\Http\\Middleware\\InvokeDeferredCallbacks.php(22): Illuminate\\Pipeline\\Pipeline->{closure:{closure:Illuminate\\Pipeline\\Pipeline::carry():183}:184}(Object(Illuminate\\Http\\Request))
#62 C:\\laragon\\www\\laravel-skill-test\\vendor\\laravel\\framework\\src\\Illuminate\\Pipeline\\Pipeline.php(208): Illuminate\\Foundation\\Http\\Middleware\\InvokeDeferredCallbacks->handle(Object(Illuminate\\Http\\Request), Object(Closure))
#63 C:\\laragon\\www\\laravel-skill-test\\vendor\\laravel\\framework\\src\\Illuminate\\Http\\Middleware\\ValidatePathEncoding.php(26): Illuminate\\Pipeline\\Pipeline->{closure:{closure:Illuminate\\Pipeline\\Pipeline::carry():183}:184}(Object(Illuminate\\Http\\Request))
#64 C:\\laragon\\www\\laravel-skill-test\\vendor\\laravel\\framework\\src\\Illuminate\\Pipeline\\Pipeline.php(208): Illuminate\\Http\\Middleware\\ValidatePathEncoding->handle(Object(Illuminate\\Http\\Request), Object(Closure))
#65 C:\\laragon\\www\\laravel-skill-test\\vendor\\laravel\\framework\\src\\Illuminate\\Pipeline\\Pipeline.php(126): Illuminate\\Pipeline\\Pipeline->{closure:{closure:Illuminate\\Pipeline\\Pipeline::carry():183}:184}(Object(Illuminate\\Http\\Request))
#66 C:\\laragon\\www\\laravel-skill-test\\vendor\\laravel\\framework\\src\\Illuminate\\Foundation\\Http\\Kernel.php(175): Illuminate\\Pipeline\\Pipeline->then(Object(Closure))
#67 C:\\laragon\\www\\laravel-skill-test\\vendor\\laravel\\framework\\src\\Illuminate\\Foundation\\Http\\Kernel.php(144): Illuminate\\Foundation\\Http\\Kernel->sendRequestThroughRouter(Object(Illuminate\\Http\\Request))
#68 C:\\laragon\\www\\laravel-skill-test\\vendor\\laravel\\framework\\src\\Illuminate\\Foundation\\Application.php(1219): Illuminate\\Foundation\\Http\\Kernel->handle(Object(Illuminate\\Http\\Request))
#69 C:\\laragon\\www\\laravel-skill-test\\public\\index.php(20): Illuminate\\Foundation\\Application->handleRequest(Object(Illuminate\\Http\\Request))
#70 C:\\laragon\\www\\laravel-skill-test\\vendor\\laravel\\framework\\src\\Illuminate\\Foundation\\resources\\server.php(23): require_once('C:\\\\laragon\\\\www\\\\...')
#71 {main}

[previous exception] [object] (Illuminate\\Foundation\\ViteManifestNotFoundException(code: 0): Vite manifest not found at: C:\\laragon\\www\\laravel-skill-test\\public\\build/manifest.json at C:\\laragon\\www\\laravel-skill-test\\vendor\\laravel\\framework\\src\\Illuminate\\Foundation\\Vite.php:934)
[stacktrace]
#0 C:\\laragon\\www\\laravel-skill-test\\vendor\\laravel\\framework\\src\\Illuminate\\Foundation\\Vite.php(384): Illuminate\\Foundation\\Vite->manifest('build')
#1 C:\\laragon\\www\\laravel-skill-test\\storage\\framework\\views\\db2f67760d49a9664cfc56e3191ad150.php(40): Illuminate\\Foundation\\Vite->__invoke(Object(Illuminate\\Support\\Collection))
#2 C:\\laragon\\www\\laravel-skill-test\\vendor\\laravel\\framework\\src\\Illuminate\\Filesystem\\Filesystem.php(123): require('C:\\\\laragon\\\\www\\\\...')
#3 C:\\laragon\\www\\laravel-skill-test\\vendor\\laravel\\framework\\src\\Illuminate\\Filesystem\\Filesystem.php(124): Illuminate\\Filesystem\\Filesystem::{closure:Illuminate\\Filesystem\\Filesystem::getRequire():120}()
#4 C:\\laragon\\www\\laravel-skill-test\\vendor\\laravel\\framework\\src\\Illuminate\\View\\Engines\\PhpEngine.php(57): Illuminate\\Filesystem\\Filesystem->getRequire('C:\\\\laragon\\\\www\\\\...', Array)
#5 C:\\laragon\\www\\laravel-skill-test\\vendor\\laravel\\framework\\src\\Illuminate\\View\\Engines\\CompilerEngine.php(74): Illuminate\\View\\Engines\\PhpEngine->evaluatePath('C:\\\\laragon\\\\www\\\\...', Array)
#6 C:\\laragon\\www\\laravel-skill-test\\vendor\\laravel\\framework\\src\\Illuminate\\View\\View.php(208): Illuminate\\View\\Engines\\CompilerEngine->get('C:\\\\laragon\\\\www\\\\...', Array)
#7 C:\\laragon\\www\\laravel-skill-test\\vendor\\laravel\\framework\\src\\Illuminate\\View\\View.php(191): Illuminate\\View\\View->getContents()
#8 C:\\laragon\\www\\laravel-skill-test\\vendor\\laravel\\framework\\src\\Illuminate\\View\\View.php(160): Illuminate\\View\\View->renderContents()
#9 C:\\laragon\\www\\laravel-skill-test\\vendor\\laravel\\framework\\src\\Illuminate\\Http\\Response.php(78): Illuminate\\View\\View->render()
#10 C:\\laragon\\www\\laravel-skill-test\\vendor\\laravel\\framework\\src\\Illuminate\\Http\\Response.php(34): Illuminate\\Http\\Response->setContent(Object(Illuminate\\View\\View))
#11 C:\\laragon\\www\\laravel-skill-test\\vendor\\laravel\\framework\\src\\Illuminate\\Routing\\ResponseFactory.php(61): Illuminate\\Http\\Response->__construct(Object(Illuminate\\View\\View), 200, Array)
#12 C:\\laragon\\www\\laravel-skill-test\\vendor\\laravel\\framework\\src\\Illuminate\\Routing\\ResponseFactory.php(91): Illuminate\\Routing\\ResponseFactory->make(Object(Illuminate\\View\\View), 200, Array)
#13 C:\\laragon\\www\\laravel-skill-test\\vendor\\laravel\\framework\\src\\Illuminate\\Support\\Facades\\Facade.php(361): Illuminate\\Routing\\ResponseFactory->view('app', Array)
#14 C:\\laragon\\www\\laravel-skill-test\\vendor\\inertiajs\\inertia-laravel\\src\\Response.php(126): Illuminate\\Support\\Facades\\Facade::__callStatic('view', Array)
#15 C:\\laragon\\www\\laravel-skill-test\\vendor\\laravel\\framework\\src\\Illuminate\\Routing\\Router.php(906): Inertia\\Response->toResponse(Object(Illuminate\\Http\\Request))
#16 C:\\laragon\\www\\laravel-skill-test\\vendor\\laravel\\framework\\src\\Illuminate\\Routing\\Router.php(891): Illuminate\\Routing\\Router::toResponse(Object(Illuminate\\Http\\Request), Object(Inertia\\Response))
#17 C:\\laragon\\www\\laravel-skill-test\\vendor\\laravel\\framework\\src\\Illuminate\\Routing\\Router.php(807): Illuminate\\Routing\\Router->prepareResponse(Object(Illuminate\\Http\\Request), Object(Inertia\\Response))
#18 C:\\laragon\\www\\laravel-skill-test\\vendor\\laravel\\framework\\src\\Illuminate\\Pipeline\\Pipeline.php(169): Illuminate\\Routing\\Router->{closure:Illuminate\\Routing\\Router::runRouteWithinStack():807}(Object(Illuminate\\Http\\Request))
#19 C:\\laragon\\www\\laravel-skill-test\\vendor\\laravel\\framework\\src\\Illuminate\\Auth\\Middleware\\RedirectIfAuthenticated.php(35): Illuminate\\Pipeline\\Pipeline->{closure:Illuminate\\Pipeline\\Pipeline::prepareDestination():167}(Object(Illuminate\\Http\\Request))
#20 C:\\laragon\\www\\laravel-skill-test\\vendor\\laravel\\framework\\src\\Illuminate\\Pipeline\\Pipeline.php(208): Illuminate\\Auth\\Middleware\\RedirectIfAuthenticated->handle(Object(Illuminate\\Http\\Request), Object(Closure))
#21 C:\\laragon\\www\\laravel-skill-test\\vendor\\barryvdh\\laravel-debugbar\\src\\Middleware\\InjectDebugbar.php(66): Illuminate\\Pipeline\\Pipeline->{closure:{closure:Illuminate\\Pipeline\\Pipeline::carry():183}:184}(Object(Illuminate\\Http\\Request))
#22 C:\\laragon\\www\\laravel-skill-test\\vendor\\laravel\\framework\\src\\Illuminate\\Pipeline\\Pipeline.php(208): Barryvdh\\Debugbar\\Middleware\\InjectDebugbar->handle(Object(Illuminate\\Http\\Request), Object(Closure))
#23 C:\\laragon\\www\\laravel-skill-test\\vendor\\laravel\\framework\\src\\Illuminate\\Http\\Middleware\\AddLinkHeadersForPreloadedAssets.php(32): Illuminate\\Pipeline\\Pipeline->{closure:{closure:Illuminate\\Pipeline\\Pipeline::carry():183}:184}(Object(Illuminate\\Http\\Request))
#24 C:\\laragon\\www\\laravel-skill-test\\vendor\\laravel\\framework\\src\\Illuminate\\Pipeline\\Pipeline.php(208): Illuminate\\Http\\Middleware\\AddLinkHeadersForPreloadedAssets->handle(Object(Illuminate\\Http\\Request), Object(Closure))
#25 C:\\laragon\\www\\laravel-skill-test\\vendor\\inertiajs\\inertia-laravel\\src\\Middleware.php(86): Illuminate\\Pipeline\\Pipeline->{closure:{closure:Illuminate\\Pipeline\\Pipeline::carry():183}:184}(Object(Illuminate\\Http\\Request))
#26 C:\\laragon\\www\\laravel-skill-test\\vendor\\laravel\\framework\\src\\Illuminate\\Pipeline\\Pipeline.php(208): Inertia\\Middleware->handle(Object(Illuminate\\Http\\Request), Object(Closure))
#27 C:\\laragon\\www\\laravel-skill-test\\app\\Http\\Middleware\\HandleAppearance.php(21): Illuminate\\Pipeline\\Pipeline->{closure:{closure:Illuminate\\Pipeline\\Pipeline::carry():183}:184}(Object(Illuminate\\Http\\Request))
#28 C:\\laragon\\www\\laravel-skill-test\\vendor\\laravel\\framework\\src\\Illuminate\\Pipeline\\Pipeline.php(208): App\\Http\\Middleware\\HandleAppearance->handle(Object(Illuminate\\Http\\Request), Object(Closure))
#29 C:\\laragon\\www\\laravel-skill-test\\vendor\\laravel\\framework\\src\\Illuminate\\Routing\\Middleware\\SubstituteBindings.php(50): Illuminate\\Pipeline\\Pipeline->{closure:{closure:Illuminate\\Pipeline\\Pipeline::carry():183}:184}(Object(Illuminate\\Http\\Request))
#30 C:\\laragon\\www\\laravel-skill-test\\vendor\\laravel\\framework\\src\\Illuminate\\Pipeline\\Pipeline.php(208): Illuminate\\Routing\\Middleware\\SubstituteBindings->handle(Object(Illuminate\\Http\\Request), Object(Closure))
#31 C:\\laragon\\www\\laravel-skill-test\\vendor\\laravel\\framework\\src\\Illuminate\\Foundation\\Http\\Middleware\\VerifyCsrfToken.php(87): Illuminate\\Pipeline\\Pipeline->{closure:{closure:Illuminate\\Pipeline\\Pipeline::carry():183}:184}(Object(Illuminate\\Http\\Request))
#32 C:\\laragon\\www\\laravel-skill-test\\vendor\\laravel\\framework\\src\\Illuminate\\Pipeline\\Pipeline.php(208): Illuminate\\Foundation\\Http\\Middleware\\VerifyCsrfToken->handle(Object(Illuminate\\Http\\Request), Object(Closure))
#33 C:\\laragon\\www\\laravel-skill-test\\vendor\\laravel\\framework\\src\\Illuminate\\View\\Middleware\\ShareErrorsFromSession.php(48): Illuminate\\Pipeline\\Pipeline->{closure:{closure:Illuminate\\Pipeline\\Pipeline::carry():183}:184}(Object(Illuminate\\Http\\Request))
#34 C:\\laragon\\www\\laravel-skill-test\\vendor\\laravel\\framework\\src\\Illuminate\\Pipeline\\Pipeline.php(208): Illuminate\\View\\Middleware\\ShareErrorsFromSession->handle(Object(Illuminate\\Http\\Request), Object(Closure))
#35 C:\\laragon\\www\\laravel-skill-test\\vendor\\laravel\\framework\\src\\Illuminate\\Session\\Middleware\\StartSession.php(120): Illuminate\\Pipeline\\Pipeline->{closure:{closure:Illuminate\\Pipeline\\Pipeline::carry():183}:184}(Object(Illuminate\\Http\\Request))
#36 C:\\laragon\\www\\laravel-skill-test\\vendor\\laravel\\framework\\src\\Illuminate\\Session\\Middleware\\StartSession.php(63): Illuminate\\Session\\Middleware\\StartSession->handleStatefulRequest(Object(Illuminate\\Http\\Request), Object(Illuminate\\Session\\Store), Object(Closure))
#37 C:\\laragon\\www\\laravel-skill-test\\vendor\\laravel\\framework\\src\\Illuminate\\Pipeline\\Pipeline.php(208): Illuminate\\Session\\Middleware\\StartSession->handle(Object(Illuminate\\Http\\Request), Object(Closure))
#38 C:\\laragon\\www\\laravel-skill-test\\vendor\\laravel\\framework\\src\\Illuminate\\Cookie\\Middleware\\AddQueuedCookiesToResponse.php(36): Illuminate\\Pipeline\\Pipeline->{closure:{closure:Illuminate\\Pipeline\\Pipeline::carry():183}:184}(Object(Illuminate\\Http\\Request))
#39 C:\\laragon\\www\\laravel-skill-test\\vendor\\laravel\\framework\\src\\Illuminate\\Pipeline\\Pipeline.php(208): Illuminate\\Cookie\\Middleware\\AddQueuedCookiesToResponse->handle(Object(Illuminate\\Http\\Request), Object(Closure))
#40 C:\\laragon\\www\\laravel-skill-test\\vendor\\laravel\\framework\\src\\Illuminate\\Cookie\\Middleware\\EncryptCookies.php(74): Illuminate\\Pipeline\\Pipeline->{closure:{closure:Illuminate\\Pipeline\\Pipeline::carry():183}:184}(Object(Illuminate\\Http\\Request))
#41 C:\\laragon\\www\\laravel-skill-test\\vendor\\laravel\\framework\\src\\Illuminate\\Pipeline\\Pipeline.php(208): Illuminate\\Cookie\\Middleware\\EncryptCookies->handle(Object(Illuminate\\Http\\Request), Object(Closure))
#42 C:\\laragon\\www\\laravel-skill-test\\vendor\\laravel\\framework\\src\\Illuminate\\Pipeline\\Pipeline.php(126): Illuminate\\Pipeline\\Pipeline->{closure:{closure:Illuminate\\Pipeline\\Pipeline::carry():183}:184}(Object(Illuminate\\Http\\Request))
#43 C:\\laragon\\www\\laravel-skill-test\\vendor\\laravel\\framework\\src\\Illuminate\\Routing\\Router.php(807): Illuminate\\Pipeline\\Pipeline->then(Object(Closure))
#44 C:\\laragon\\www\\laravel-skill-test\\vendor\\laravel\\framework\\src\\Illuminate\\Routing\\Router.php(786): Illuminate\\Routing\\Router->runRouteWithinStack(Object(Illuminate\\Routing\\Route), Object(Illuminate\\Http\\Request))
#45 C:\\laragon\\www\\laravel-skill-test\\vendor\\laravel\\framework\\src\\Illuminate\\Routing\\Router.php(750): Illuminate\\Routing\\Router->runRoute(Object(Illuminate\\Http\\Request), Object(Illuminate\\Routing\\Route))
#46 C:\\laragon\\www\\laravel-skill-test\\vendor\\laravel\\framework\\src\\Illuminate\\Routing\\Router.php(739): Illuminate\\Routing\\Router->dispatchToRoute(Object(Illuminate\\Http\\Request))
#47 C:\\laragon\\www\\laravel-skill-test\\vendor\\laravel\\framework\\src\\Illuminate\\Foundation\\Http\\Kernel.php(200): Illuminate\\Routing\\Router->dispatch(Object(Illuminate\\Http\\Request))
#48 C:\\laragon\\www\\laravel-skill-test\\vendor\\laravel\\framework\\src\\Illuminate\\Pipeline\\Pipeline.php(169): Illuminate\\Foundation\\Http\\Kernel->{closure:Illuminate\\Foundation\\Http\\Kernel::dispatchToRouter():197}(Object(Illuminate\\Http\\Request))
#49 C:\\laragon\\www\\laravel-skill-test\\vendor\\barryvdh\\laravel-debugbar\\src\\Middleware\\InjectDebugbar.php(66): Illuminate\\Pipeline\\Pipeline->{closure:Illuminate\\Pipeline\\Pipeline::prepareDestination():167}(Object(Illuminate\\Http\\Request))
#50 C:\\laragon\\www\\laravel-skill-test\\vendor\\laravel\\framework\\src\\Illuminate\\Pipeline\\Pipeline.php(208): Barryvdh\\Debugbar\\Middleware\\InjectDebugbar->handle(Object(Illuminate\\Http\\Request), Object(Closure))
#51 C:\\laragon\\www\\laravel-skill-test\\vendor\\laravel\\framework\\src\\Illuminate\\Foundation\\Http\\Middleware\\TransformsRequest.php(21): Illuminate\\Pipeline\\Pipeline->{closure:{closure:Illuminate\\Pipeline\\Pipeline::carry():183}:184}(Object(Illuminate\\Http\\Request))
#52 C:\\laragon\\www\\laravel-skill-test\\vendor\\laravel\\framework\\src\\Illuminate\\Foundation\\Http\\Middleware\\ConvertEmptyStringsToNull.php(31): Illuminate\\Foundation\\Http\\Middleware\\TransformsRequest->handle(Object(Illuminate\\Http\\Request), Object(Closure))
#53 C:\\laragon\\www\\laravel-skill-test\\vendor\\laravel\\framework\\src\\Illuminate\\Pipeline\\Pipeline.php(208): Illuminate\\Foundation\\Http\\Middleware\\ConvertEmptyStringsToNull->handle(Object(Illuminate\\Http\\Request), Object(Closure))
#54 C:\\laragon\\www\\laravel-skill-test\\vendor\\laravel\\framework\\src\\Illuminate\\Foundation\\Http\\Middleware\\TransformsRequest.php(21): Illuminate\\Pipeline\\Pipeline->{closure:{closure:Illuminate\\Pipeline\\Pipeline::carry():183}:184}(Object(Illuminate\\Http\\Request))
#55 C:\\laragon\\www\\laravel-skill-test\\vendor\\laravel\\framework\\src\\Illuminate\\Foundation\\Http\\Middleware\\TrimStrings.php(51): Illuminate\\Foundation\\Http\\Middleware\\TransformsRequest->handle(Object(Illuminate\\Http\\Request), Object(Closure))
#56 C:\\laragon\\www\\laravel-skill-test\\vendor\\laravel\\framework\\src\\Illuminate\\Pipeline\\Pipeline.php(208): Illuminate\\Foundation\\Http\\Middleware\\TrimStrings->handle(Object(Illuminate\\Http\\Request), Object(Closure))
#57 C:\\laragon\\www\\laravel-skill-test\\vendor\\laravel\\framework\\src\\Illuminate\\Http\\Middleware\\ValidatePostSize.php(27): Illuminate\\Pipeline\\Pipeline->{closure:{closure:Illuminate\\Pipeline\\Pipeline::carry():183}:184}(Object(Illuminate\\Http\\Request))
#58 C:\\laragon\\www\\laravel-skill-test\\vendor\\laravel\\framework\\src\\Illuminate\\Pipeline\\Pipeline.php(208): Illuminate\\Http\\Middleware\\ValidatePostSize->handle(Object(Illuminate\\Http\\Request), Object(Closure))
#59 C:\\laragon\\www\\laravel-skill-test\\vendor\\laravel\\framework\\src\\Illuminate\\Foundation\\Http\\Middleware\\PreventRequestsDuringMaintenance.php(109): Illuminate\\Pipeline\\Pipeline->{closure:{closure:Illuminate\\Pipeline\\Pipeline::carry():183}:184}(Object(Illuminate\\Http\\Request))
#60 C:\\laragon\\www\\laravel-skill-test\\vendor\\laravel\\framework\\src\\Illuminate\\Pipeline\\Pipeline.php(208): Illuminate\\Foundation\\Http\\Middleware\\PreventRequestsDuringMaintenance->handle(Object(Illuminate\\Http\\Request), Object(Closure))
#61 C:\\laragon\\www\\laravel-skill-test\\vendor\\laravel\\framework\\src\\Illuminate\\Http\\Middleware\\HandleCors.php(48): Illuminate\\Pipeline\\Pipeline->{closure:{closure:Illuminate\\Pipeline\\Pipeline::carry():183}:184}(Object(Illuminate\\Http\\Request))
#62 C:\\laragon\\www\\laravel-skill-test\\vendor\\laravel\\framework\\src\\Illuminate\\Pipeline\\Pipeline.php(208): Illuminate\\Http\\Middleware\\HandleCors->handle(Object(Illuminate\\Http\\Request), Object(Closure))
#63 C:\\laragon\\www\\laravel-skill-test\\vendor\\laravel\\framework\\src\\Illuminate\\Http\\Middleware\\TrustProxies.php(58): Illuminate\\Pipeline\\Pipeline->{closure:{closure:Illuminate\\Pipeline\\Pipeline::carry():183}:184}(Object(Illuminate\\Http\\Request))
#64 C:\\laragon\\www\\laravel-skill-test\\vendor\\laravel\\framework\\src\\Illuminate\\Pipeline\\Pipeline.php(208): Illuminate\\Http\\Middleware\\TrustProxies->handle(Object(Illuminate\\Http\\Request), Object(Closure))
#65 C:\\laragon\\www\\laravel-skill-test\\vendor\\laravel\\framework\\src\\Illuminate\\Foundation\\Http\\Middleware\\InvokeDeferredCallbacks.php(22): Illuminate\\Pipeline\\Pipeline->{closure:{closure:Illuminate\\Pipeline\\Pipeline::carry():183}:184}(Object(Illuminate\\Http\\Request))
#66 C:\\laragon\\www\\laravel-skill-test\\vendor\\laravel\\framework\\src\\Illuminate\\Pipeline\\Pipeline.php(208): Illuminate\\Foundation\\Http\\Middleware\\InvokeDeferredCallbacks->handle(Object(Illuminate\\Http\\Request), Object(Closure))
#67 C:\\laragon\\www\\laravel-skill-test\\vendor\\laravel\\framework\\src\\Illuminate\\Http\\Middleware\\ValidatePathEncoding.php(26): Illuminate\\Pipeline\\Pipeline->{closure:{closure:Illuminate\\Pipeline\\Pipeline::carry():183}:184}(Object(Illuminate\\Http\\Request))
#68 C:\\laragon\\www\\laravel-skill-test\\vendor\\laravel\\framework\\src\\Illuminate\\Pipeline\\Pipeline.php(208): Illuminate\\Http\\Middleware\\ValidatePathEncoding->handle(Object(Illuminate\\Http\\Request), Object(Closure))
#69 C:\\laragon\\www\\laravel-skill-test\\vendor\\laravel\\framework\\src\\Illuminate\\Pipeline\\Pipeline.php(126): Illuminate\\Pipeline\\Pipeline->{closure:{closure:Illuminate\\Pipeline\\Pipeline::carry():183}:184}(Object(Illuminate\\Http\\Request))
#70 C:\\laragon\\www\\laravel-skill-test\\vendor\\laravel\\framework\\src\\Illuminate\\Foundation\\Http\\Kernel.php(175): Illuminate\\Pipeline\\Pipeline->then(Object(Closure))
#71 C:\\laragon\\www\\laravel-skill-test\\vendor\\laravel\\framework\\src\\Illuminate\\Foundation\\Http\\Kernel.php(144): Illuminate\\Foundation\\Http\\Kernel->sendRequestThroughRouter(Object(Illuminate\\Http\\Request))
#72 C:\\laragon\\www\\laravel-skill-test\\vendor\\laravel\\framework\\src\\Illuminate\\Foundation\\Application.php(1219): Illuminate\\Foundation\\Http\\Kernel->handle(Object(Illuminate\\Http\\Request))
#73 C:\\laragon\\www\\laravel-skill-test\\public\\index.php(20): Illuminate\\Foundation\\Application->handleRequest(Object(Illuminate\\Http\\Request))
#74 C:\\laragon\\www\\laravel-skill-test\\vendor\\laravel\\framework\\src\\Illuminate\\Foundation\\resources\\server.php(23): require_once('C:\\\\laragon\\\\www\\\\...')
#75 {main}
"} 
[2026-02-09 05:27:22] local.ERROR: Vite manifest not found at: C:\laragon\www\laravel-skill-test\public\build/manifest.json (View: C:\laragon\www\laravel-skill-test\resources\views\app.blade.php) {"exception":"[object] (Illuminate\\View\\ViewException(code: 0): Vite manifest not found at: C:\\laragon\\www\\laravel-skill-test\\public\\build/manifest.json (View: C:\\laragon\\www\\laravel-skill-test\\resources\\views\\app.blade.php) at C:\\laragon\\www\\laravel-skill-test\\vendor\\laravel\\framework\\src\\Illuminate\\Foundation\\Vite.php:934)
[stacktrace]
#0 C:\\laragon\\www\\laravel-skill-test\\vendor\\laravel\\framework\\src\\Illuminate\\View\\Engines\\PhpEngine.php(59): Illuminate\\View\\Engines\\CompilerEngine->handleViewException(Object(Illuminate\\Foundation\\ViteManifestNotFoundException), 1)
#1 C:\\laragon\\www\\laravel-skill-test\\vendor\\laravel\\framework\\src\\Illuminate\\View\\Engines\\CompilerEngine.php(74): Illuminate\\View\\Engines\\PhpEngine->evaluatePath('C:\\\\laragon\\\\www\\\\...', Array)
#2 C:\\laragon\\www\\laravel-skill-test\\vendor\\laravel\\framework\\src\\Illuminate\\View\\View.php(208): Illuminate\\View\\Engines\\CompilerEngine->get('C:\\\\laragon\\\\www\\\\...', Array)
#3 C:\\laragon\\www\\laravel-skill-test\\vendor\\laravel\\framework\\src\\Illuminate\\View\\View.php(191): Illuminate\\View\\View->getContents()
#4 C:\\laragon\\www\\laravel-skill-test\\vendor\\laravel\\framework\\src\\Illuminate\\View\\View.php(160): Illuminate\\View\\View->renderContents()
#5 C:\\laragon\\www\\laravel-skill-test\\vendor\\laravel\\framework\\src\\Illuminate\\Http\\Response.php(78): Illuminate\\View\\View->render()
#6 C:\\laragon\\www\\laravel-skill-test\\vendor\\laravel\\framework\\src\\Illuminate\\Http\\Response.php(34): Illuminate\\Http\\Response->setContent(Object(Illuminate\\View\\View))
#7 C:\\laragon\\www\\laravel-skill-test\\vendor\\laravel\\framework\\src\\Illuminate\\Routing\\ResponseFactory.php(61): Illuminate\\Http\\Response->__construct(Object(Illuminate\\View\\View), 200, Array)
#8 C:\\laragon\\www\\laravel-skill-test\\vendor\\laravel\\framework\\src\\Illuminate\\Routing\\ResponseFactory.php(91): Illuminate\\Routing\\ResponseFactory->make(Object(Illuminate\\View\\View), 200, Array)
#9 C:\\laragon\\www\\laravel-skill-test\\vendor\\laravel\\framework\\src\\Illuminate\\Support\\Facades\\Facade.php(361): Illuminate\\Routing\\ResponseFactory->view('app', Array)
#10 C:\\laragon\\www\\laravel-skill-test\\vendor\\inertiajs\\inertia-laravel\\src\\Response.php(126): Illuminate\\Support\\Facades\\Facade::__callStatic('view', Array)
#11 C:\\laragon\\www\\laravel-skill-test\\vendor\\laravel\\framework\\src\\Illuminate\\Routing\\Router.php(906): Inertia\\Response->toResponse(Object(Illuminate\\Http\\Request))
#12 C:\\laragon\\www\\laravel-skill-test\\vendor\\laravel\\framework\\src\\Illuminate\\Routing\\Router.php(891): Illuminate\\Routing\\Router::toResponse(Object(Illuminate\\Http\\Request), Object(Inertia\\Response))
#13 C:\\laragon\\www\\laravel-skill-test\\vendor\\laravel\\framework\\src\\Illuminate\\Routing\\Router.php(807): Illuminate\\Routing\\Router->prepareResponse(Object(Illuminate\\Http\\Request), Object(Inertia\\Response))
#14 C:\\laragon\\www\\laravel-skill-test\\vendor\\laravel\\framework\\src\\Illuminate\\Pipeline\\Pipeline.php(169): Illuminate\\Routing\\Router->{closure:Illuminate\\Routing\\Router::runRouteWithinStack():807}(Object(Illuminate\\Http\\Request))
#15 C:\\laragon\\www\\laravel-skill-test\\vendor\\laravel\\framework\\src\\Illuminate\\Auth\\Middleware\\RedirectIfAuthenticated.php(35): Illuminate\\Pipeline\\Pipeline->{closure:Illuminate\\Pipeline\\Pipeline::prepareDestination():167}(Object(Illuminate\\Http\\Request))
#16 C:\\laragon\\www\\laravel-skill-test\\vendor\\laravel\\framework\\src\\Illuminate\\Pipeline\\Pipeline.php(208): Illuminate\\Auth\\Middleware\\RedirectIfAuthenticated->handle(Object(Illuminate\\Http\\Request), Object(Closure))
#17 C:\\laragon\\www\\laravel-skill-test\\vendor\\barryvdh\\laravel-debugbar\\src\\Middleware\\InjectDebugbar.php(66): Illuminate\\Pipeline\\Pipeline->{closure:{closure:Illuminate\\Pipeline\\Pipeline::carry():183}:184}(Object(Illuminate\\Http\\Request))
#18 C:\\laragon\\www\\laravel-skill-test\\vendor\\laravel\\framework\\src\\Illuminate\\Pipeline\\Pipeline.php(208): Barryvdh\\Debugbar\\Middleware\\InjectDebugbar->handle(Object(Illuminate\\Http\\Request), Object(Closure))
#19 C:\\laragon\\www\\laravel-skill-test\\vendor\\laravel\\framework\\src\\Illuminate\\Http\\Middleware\\AddLinkHeadersForPreloadedAssets.php(32): Illuminate\\Pipeline\\Pipeline->{closure:{closure:Illuminate\\Pipeline\\Pipeline::carry():183}:184}(Object(Illuminate\\Http\\Request))
#20 C:\\laragon\\www\\laravel-skill-test\\vendor\\laravel\\framework\\src\\Illuminate\\Pipeline\\Pipeline.php(208): Illuminate\\Http\\Middleware\\AddLinkHeadersForPreloadedAssets->handle(Object(Illuminate\\Http\\Request), Object(Closure))
#21 C:\\laragon\\www\\laravel-skill-test\\vendor\\inertiajs\\inertia-laravel\\src\\Middleware.php(86): Illuminate\\Pipeline\\Pipeline->{closure:{closure:Illuminate\\Pipeline\\Pipeline::carry():183}:184}(Object(Illuminate\\Http\\Request))
#22 C:\\laragon\\www\\laravel-skill-test\\vendor\\laravel\\framework\\src\\Illuminate\\Pipeline\\Pipeline.php(208): Inertia\\Middleware->handle(Object(Illuminate\\Http\\Request), Object(Closure))
#23 C:\\laragon\\www\\laravel-skill-test\\app\\Http\\Middleware\\HandleAppearance.php(21): Illuminate\\Pipeline\\Pipeline->{closure:{closure:Illuminate\\Pipeline\\Pipeline::carry():183}:184}(Object(Illuminate\\Http\\Request))
#24 C:\\laragon\\www\\laravel-skill-test\\vendor\\laravel\\framework\\src\\Illuminate\\Pipeline\\Pipeline.php(208): App\\Http\\Middleware\\HandleAppearance->handle(Object(Illuminate\\Http\\Request), Object(Closure))
#25 C:\\laragon\\www\\laravel-skill-test\\vendor\\laravel\\framework\\src\\Illuminate\\Routing\\Middleware\\SubstituteBindings.php(50): Illuminate\\Pipeline\\Pipeline->{closure:{closure:Illuminate\\Pipeline\\Pipeline::carry():183}:184}(Object(Illuminate\\Http\\Request))
#26 C:\\laragon\\www\\laravel-skill-test\\vendor\\laravel\\framework\\src\\Illuminate\\Pipeline\\Pipeline.php(208): Illuminate\\Routing\\Middleware\\SubstituteBindings->handle(Object(Illuminate\\Http\\Request), Object(Closure))
#27 C:\\laragon\\www\\laravel-skill-test\\vendor\\laravel\\framework\\src\\Illuminate\\Foundation\\Http\\Middleware\\VerifyCsrfToken.php(87): Illuminate\\Pipeline\\Pipeline->{closure:{closure:Illuminate\\Pipeline\\Pipeline::carry():183}:184}(Object(Illuminate\\Http\\Request))
#28 C:\\laragon\\www\\laravel-skill-test\\vendor\\laravel\\framework\\src\\Illuminate\\Pipeline\\Pipeline.php(208): Illuminate\\Foundation\\Http\\Middleware\\VerifyCsrfToken->handle(Object(Illuminate\\Http\\Request), Object(Closure))
#29 C:\\laragon\\www\\laravel-skill-test\\vendor\\laravel\\framework\\src\\Illuminate\\View\\Middleware\\ShareErrorsFromSession.php(48): Illuminate\\Pipeline\\Pipeline->{closure:{closure:Illuminate\\Pipeline\\Pipeline::carry():183}:184}(Object(Illuminate\\Http\\Request))
#30 C:\\laragon\\www\\laravel-skill-test\\vendor\\laravel\\framework\\src\\Illuminate\\Pipeline\\Pipeline.php(208): Illuminate\\View\\Middleware\\ShareErrorsFromSession->handle(Object(Illuminate\\Http\\Request), Object(Closure))
#31 C:\\laragon\\www\\laravel-skill-test\\vendor\\laravel\\framework\\src\\Illuminate\\Session\\Middleware\\StartSession.php(120): Illuminate\\Pipeline\\Pipeline->{closure:{closure:Illuminate\\Pipeline\\Pipeline::carry():183}:184}(Object(Illuminate\\Http\\Request))
#32 C:\\laragon\\www\\laravel-skill-test\\vendor\\laravel\\framework\\src\\Illuminate\\Session\\Middleware\\StartSession.php(63): Illuminate\\Session\\Middleware\\StartSession->handleStatefulRequest(Object(Illuminate\\Http\\Request), Object(Illuminate\\Session\\Store), Object(Closure))
#33 C:\\laragon\\www\\laravel-skill-test\\vendor\\laravel\\framework\\src\\Illuminate\\Pipeline\\Pipeline.php(208): Illuminate\\Session\\Middleware\\StartSession->handle(Object(Illuminate\\Http\\Request), Object(Closure))
#34 C:\\laragon\\www\\laravel-skill-test\\vendor\\laravel\\framework\\src\\Illuminate\\Cookie\\Middleware\\AddQueuedCookiesToResponse.php(36): Illuminate\\Pipeline\\Pipeline->{closure:{closure:Illuminate\\Pipeline\\Pipeline::carry():183}:184}(Object(Illuminate\\Http\\Request))
#35 C:\\laragon\\www\\laravel-skill-test\\vendor\\laravel\\framework\\src\\Illuminate\\Pipeline\\Pipeline.php(208): Illuminate\\Cookie\\Middleware\\AddQueuedCookiesToResponse->handle(Object(Illuminate\\Http\\Request), Object(Closure))
#36 C:\\laragon\\www\\laravel-skill-test\\vendor\\laravel\\framework\\src\\Illuminate\\Cookie\\Middleware\\EncryptCookies.php(74): Illuminate\\Pipeline\\Pipeline->{closure:{closure:Illuminate\\Pipeline\\Pipeline::carry():183}:184}(Object(Illuminate\\Http\\Request))
#37 C:\\laragon\\www\\laravel-skill-test\\vendor\\laravel\\framework\\src\\Illuminate\\Pipeline\\Pipeline.php(208): Illuminate\\Cookie\\Middleware\\EncryptCookies->handle(Object(Illuminate\\Http\\Request), Object(Closure))
#38 C:\\laragon\\www\\laravel-skill-test\\vendor\\laravel\\framework\\src\\Illuminate\\Pipeline\\Pipeline.php(126): Illuminate\\Pipeline\\Pipeline->{closure:{closure:Illuminate\\Pipeline\\Pipeline::carry():183}:184}(Object(Illuminate\\Http\\Request))
#39 C:\\laragon\\www\\laravel-skill-test\\vendor\\laravel\\framework\\src\\Illuminate\\Routing\\Router.php(807): Illuminate\\Pipeline\\Pipeline->then(Object(Closure))
#40 C:\\laragon\\www\\laravel-skill-test\\vendor\\laravel\\framework\\src\\Illuminate\\Routing\\Router.php(786): Illuminate\\Routing\\Router->runRouteWithinStack(Object(Illuminate\\Routing\\Route), Object(Illuminate\\Http\\Request))
#41 C:\\laragon\\www\\laravel-skill-test\\vendor\\laravel\\framework\\src\\Illuminate\\Routing\\Router.php(750): Illuminate\\Routing\\Router->runRoute(Object(Illuminate\\Http\\Request), Object(Illuminate\\Routing\\Route))
#42 C:\\laragon\\www\\laravel-skill-test\\vendor\\laravel\\framework\\src\\Illuminate\\Routing\\Router.php(739): Illuminate\\Routing\\Router->dispatchToRoute(Object(Illuminate\\Http\\Request))
#43 C:\\laragon\\www\\laravel-skill-test\\vendor\\laravel\\framework\\src\\Illuminate\\Foundation\\Http\\Kernel.php(200): Illuminate\\Routing\\Router->dispatch(Object(Illuminate\\Http\\Request))
#44 C:\\laragon\\www\\laravel-skill-test\\vendor\\laravel\\framework\\src\\Illuminate\\Pipeline\\Pipeline.php(169): Illuminate\\Foundation\\Http\\Kernel->{closure:Illuminate\\Foundation\\Http\\Kernel::dispatchToRouter():197}(Object(Illuminate\\Http\\Request))
#45 C:\\laragon\\www\\laravel-skill-test\\vendor\\barryvdh\\laravel-debugbar\\src\\Middleware\\InjectDebugbar.php(66): Illuminate\\Pipeline\\Pipeline->{closure:Illuminate\\Pipeline\\Pipeline::prepareDestination():167}(Object(Illuminate\\Http\\Request))
#46 C:\\laragon\\www\\laravel-skill-test\\vendor\\laravel\\framework\\src\\Illuminate\\Pipeline\\Pipeline.php(208): Barryvdh\\Debugbar\\Middleware\\InjectDebugbar->handle(Object(Illuminate\\Http\\Request), Object(Closure))
#47 C:\\laragon\\www\\laravel-skill-test\\vendor\\laravel\\framework\\src\\Illuminate\\Foundation\\Http\\Middleware\\TransformsRequest.php(21): Illuminate\\Pipeline\\Pipeline->{closure:{closure:Illuminate\\Pipeline\\Pipeline::carry():183}:184}(Object(Illuminate\\Http\\Request))
#48 C:\\laragon\\www\\laravel-skill-test\\vendor\\laravel\\framework\\src\\Illuminate\\Foundation\\Http\\Middleware\\ConvertEmptyStringsToNull.php(31): Illuminate\\Foundation\\Http\\Middleware\\TransformsRequest->handle(Object(Illuminate\\Http\\Request), Object(Closure))
#49 C:\\laragon\\www\\laravel-skill-test\\vendor\\laravel\\framework\\src\\Illuminate\\Pipeline\\Pipeline.php(208): Illuminate\\Foundation\\Http\\Middleware\\ConvertEmptyStringsToNull->handle(Object(Illuminate\\Http\\Request), Object(Closure))
#50 C:\\laragon\\www\\laravel-skill-test\\vendor\\laravel\\framework\\src\\Illuminate\\Foundation\\Http\\Middleware\\TransformsRequest.php(21): Illuminate\\Pipeline\\Pipeline->{closure:{closure:Illuminate\\Pipeline\\Pipeline::carry():183}:184}(Object(Illuminate\\Http\\Request))
#51 C:\\laragon\\www\\laravel-skill-test\\vendor\\laravel\\framework\\src\\Illuminate\\Foundation\\Http\\Middleware\\TrimStrings.php(51): Illuminate\\Foundation\\Http\\Middleware\\TransformsRequest->handle(Object(Illuminate\\Http\\Request), Object(Closure))
#52 C:\\laragon\\www\\laravel-skill-test\\vendor\\laravel\\framework\\src\\Illuminate\\Pipeline\\Pipeline.php(208): Illuminate\\Foundation\\Http\\Middleware\\TrimStrings->handle(Object(Illuminate\\Http\\Request), Object(Closure))
#53 C:\\laragon\\www\\laravel-skill-test\\vendor\\laravel\\framework\\src\\Illuminate\\Http\\Middleware\\ValidatePostSize.php(27): Illuminate\\Pipeline\\Pipeline->{closure:{closure:Illuminate\\Pipeline\\Pipeline::carry():183}:184}(Object(Illuminate\\Http\\Request))
#54 C:\\laragon\\www\\laravel-skill-test\\vendor\\laravel\\framework\\src\\Illuminate\\Pipeline\\Pipeline.php(208): Illuminate\\Http\\Middleware\\ValidatePostSize->handle(Object(Illuminate\\Http\\Request), Object(Closure))
#55 C:\\laragon\\www\\laravel-skill-test\\vendor\\laravel\\framework\\src\\Illuminate\\Foundation\\Http\\Middleware\\PreventRequestsDuringMaintenance.php(109): Illuminate\\Pipeline\\Pipeline->{closure:{closure:Illuminate\\Pipeline\\Pipeline::carry():183}:184}(Object(Illuminate\\Http\\Request))
#56 C:\\laragon\\www\\laravel-skill-test\\vendor\\laravel\\framework\\src\\Illuminate\\Pipeline\\Pipeline.php(208): Illuminate\\Foundation\\Http\\Middleware\\PreventRequestsDuringMaintenance->handle(Object(Illuminate\\Http\\Request), Object(Closure))
#57 C:\\laragon\\www\\laravel-skill-test\\vendor\\laravel\\framework\\src\\Illuminate\\Http\\Middleware\\HandleCors.php(48): Illuminate\\Pipeline\\Pipeline->{closure:{closure:Illuminate\\Pipeline\\Pipeline::carry():183}:184}(Object(Illuminate\\Http\\Request))
#58 C:\\laragon\\www\\laravel-skill-test\\vendor\\laravel\\framework\\src\\Illuminate\\Pipeline\\Pipeline.php(208): Illuminate\\Http\\Middleware\\HandleCors->handle(Object(Illuminate\\Http\\Request), Object(Closure))
#59 C:\\laragon\\www\\laravel-skill-test\\vendor\\laravel\\framework\\src\\Illuminate\\Http\\Middleware\\TrustProxies.php(58): Illuminate\\Pipeline\\Pipeline->{closure:{closure:Illuminate\\Pipeline\\Pipeline::carry():183}:184}(Object(Illuminate\\Http\\Request))
#60 C:\\laragon\\www\\laravel-skill-test\\vendor\\laravel\\framework\\src\\Illuminate\\Pipeline\\Pipeline.php(208): Illuminate\\Http\\Middleware\\TrustProxies->handle(Object(Illuminate\\Http\\Request), Object(Closure))
#61 C:\\laragon\\www\\laravel-skill-test\\vendor\\laravel\\framework\\src\\Illuminate\\Foundation\\Http\\Middleware\\InvokeDeferredCallbacks.php(22): Illuminate\\Pipeline\\Pipeline->{closure:{closure:Illuminate\\Pipeline\\Pipeline::carry():183}:184}(Object(Illuminate\\Http\\Request))
#62 C:\\laragon\\www\\laravel-skill-test\\vendor\\laravel\\framework\\src\\Illuminate\\Pipeline\\Pipeline.php(208): Illuminate\\Foundation\\Http\\Middleware\\InvokeDeferredCallbacks->handle(Object(Illuminate\\Http\\Request), Object(Closure))
#63 C:\\laragon\\www\\laravel-skill-test\\vendor\\laravel\\framework\\src\\Illuminate\\Http\\Middleware\\ValidatePathEncoding.php(26): Illuminate\\Pipeline\\Pipeline->{closure:{closure:Illuminate\\Pipeline\\Pipeline::carry():183}:184}(Object(Illuminate\\Http\\Request))
#64 C:\\laragon\\www\\laravel-skill-test\\vendor\\laravel\\framework\\src\\Illuminate\\Pipeline\\Pipeline.php(208): Illuminate\\Http\\Middleware\\ValidatePathEncoding->handle(Object(Illuminate\\Http\\Request), Object(Closure))
#65 C:\\laragon\\www\\laravel-skill-test\\vendor\\laravel\\framework\\src\\Illuminate\\Pipeline\\Pipeline.php(126): Illuminate\\Pipeline\\Pipeline->{closure:{closure:Illuminate\\Pipeline\\Pipeline::carry():183}:184}(Object(Illuminate\\Http\\Request))
#66 C:\\laragon\\www\\laravel-skill-test\\vendor\\laravel\\framework\\src\\Illuminate\\Foundation\\Http\\Kernel.php(175): Illuminate\\Pipeline\\Pipeline->then(Object(Closure))
#67 C:\\laragon\\www\\laravel-skill-test\\vendor\\laravel\\framework\\src\\Illuminate\\Foundation\\Http\\Kernel.php(144): Illuminate\\Foundation\\Http\\Kernel->sendRequestThroughRouter(Object(Illuminate\\Http\\Request))
#68 C:\\laragon\\www\\laravel-skill-test\\vendor\\laravel\\framework\\src\\Illuminate\\Foundation\\Application.php(1219): Illuminate\\Foundation\\Http\\Kernel->handle(Object(Illuminate\\Http\\Request))
#69 C:\\laragon\\www\\laravel-skill-test\\public\\index.php(20): Illuminate\\Foundation\\Application->handleRequest(Object(Illuminate\\Http\\Request))
#70 C:\\laragon\\www\\laravel-skill-test\\vendor\\laravel\\framework\\src\\Illuminate\\Foundation\\resources\\server.php(23): require_once('C:\\\\laragon\\\\www\\\\...')
#71 {main}

[previous exception] [object] (Illuminate\\Foundation\\ViteManifestNotFoundException(code: 0): Vite manifest not found at: C:\\laragon\\www\\laravel-skill-test\\public\\build/manifest.json at C:\\laragon\\www\\laravel-skill-test\\vendor\\laravel\\framework\\src\\Illuminate\\Foundation\\Vite.php:934)
[stacktrace]
#0 C:\\laragon\\www\\laravel-skill-test\\vendor\\laravel\\framework\\src\\Illuminate\\Foundation\\Vite.php(384): Illuminate\\Foundation\\Vite->manifest('build')
#1 C:\\laragon\\www\\laravel-skill-test\\storage\\framework\\views\\db2f67760d49a9664cfc56e3191ad150.php(40): Illuminate\\Foundation\\Vite->__invoke(Object(Illuminate\\Support\\Collection))
#2 C:\\laragon\\www\\laravel-skill-test\\vendor\\laravel\\framework\\src\\Illuminate\\Filesystem\\Filesystem.php(123): require('C:\\\\laragon\\\\www\\\\...')
#3 C:\\laragon\\www\\laravel-skill-test\\vendor\\laravel\\framework\\src\\Illuminate\\Filesystem\\Filesystem.php(124): Illuminate\\Filesystem\\Filesystem::{closure:Illuminate\\Filesystem\\Filesystem::getRequire():120}()
#4 C:\\laragon\\www\\laravel-skill-test\\vendor\\laravel\\framework\\src\\Illuminate\\View\\Engines\\PhpEngine.php(57): Illuminate\\Filesystem\\Filesystem->getRequire('C:\\\\laragon\\\\www\\\\...', Array)
#5 C:\\laragon\\www\\laravel-skill-test\\vendor\\laravel\\framework\\src\\Illuminate\\View\\Engines\\CompilerEngine.php(74): Illuminate\\View\\Engines\\PhpEngine->evaluatePath('C:\\\\laragon\\\\www\\\\...', Array)
#6 C:\\laragon\\www\\laravel-skill-test\\vendor\\laravel\\framework\\src\\Illuminate\\View\\View.php(208): Illuminate\\View\\Engines\\CompilerEngine->get('C:\\\\laragon\\\\www\\\\...', Array)
#7 C:\\laragon\\www\\laravel-skill-test\\vendor\\laravel\\framework\\src\\Illuminate\\View\\View.php(191): Illuminate\\View\\View->getContents()
#8 C:\\laragon\\www\\laravel-skill-test\\vendor\\laravel\\framework\\src\\Illuminate\\View\\View.php(160): Illuminate\\View\\View->renderContents()
#9 C:\\laragon\\www\\laravel-skill-test\\vendor\\laravel\\framework\\src\\Illuminate\\Http\\Response.php(78): Illuminate\\View\\View->render()
#10 C:\\laragon\\www\\laravel-skill-test\\vendor\\laravel\\framework\\src\\Illuminate\\Http\\Response.php(34): Illuminate\\Http\\Response->setContent(Object(Illuminate\\View\\View))
#11 C:\\laragon\\www\\laravel-skill-test\\vendor\\laravel\\framework\\src\\Illuminate\\Routing\\ResponseFactory.php(61): Illuminate\\Http\\Response->__construct(Object(Illuminate\\View\\View), 200, Array)
#12 C:\\laragon\\www\\laravel-skill-test\\vendor\\laravel\\framework\\src\\Illuminate\\Routing\\ResponseFactory.php(91): Illuminate\\Routing\\ResponseFactory->make(Object(Illuminate\\View\\View), 200, Array)
#13 C:\\laragon\\www\\laravel-skill-test\\vendor\\laravel\\framework\\src\\Illuminate\\Support\\Facades\\Facade.php(361): Illuminate\\Routing\\ResponseFactory->view('app', Array)
#14 C:\\laragon\\www\\laravel-skill-test\\vendor\\inertiajs\\inertia-laravel\\src\\Response.php(126): Illuminate\\Support\\Facades\\Facade::__callStatic('view', Array)
#15 C:\\laragon\\www\\laravel-skill-test\\vendor\\laravel\\framework\\src\\Illuminate\\Routing\\Router.php(906): Inertia\\Response->toResponse(Object(Illuminate\\Http\\Request))
#16 C:\\laragon\\www\\laravel-skill-test\\vendor\\laravel\\framework\\src\\Illuminate\\Routing\\Router.php(891): Illuminate\\Routing\\Router::toResponse(Object(Illuminate\\Http\\Request), Object(Inertia\\Response))
#17 C:\\laragon\\www\\laravel-skill-test\\vendor\\laravel\\framework\\src\\Illuminate\\Routing\\Router.php(807): Illuminate\\Routing\\Router->prepareResponse(Object(Illuminate\\Http\\Request), Object(Inertia\\Response))
#18 C:\\laragon\\www\\laravel-skill-test\\vendor\\laravel\\framework\\src\\Illuminate\\Pipeline\\Pipeline.php(169): Illuminate\\Routing\\Router->{closure:Illuminate\\Routing\\Router::runRouteWithinStack():807}(Object(Illuminate\\Http\\Request))
#19 C:\\laragon\\www\\laravel-skill-test\\vendor\\laravel\\framework\\src\\Illuminate\\Auth\\Middleware\\RedirectIfAuthenticated.php(35): Illuminate\\Pipeline\\Pipeline->{closure:Illuminate\\Pipeline\\Pipeline::prepareDestination():167}(Object(Illuminate\\Http\\Request))
#20 C:\\laragon\\www\\laravel-skill-test\\vendor\\laravel\\framework\\src\\Illuminate\\Pipeline\\Pipeline.php(208): Illuminate\\Auth\\Middleware\\RedirectIfAuthenticated->handle(Object(Illuminate\\Http\\Request), Object(Closure))
#21 C:\\laragon\\www\\laravel-skill-test\\vendor\\barryvdh\\laravel-debugbar\\src\\Middleware\\InjectDebugbar.php(66): Illuminate\\Pipeline\\Pipeline->{closure:{closure:Illuminate\\Pipeline\\Pipeline::carry():183}:184}(Object(Illuminate\\Http\\Request))
#22 C:\\laragon\\www\\laravel-skill-test\\vendor\\laravel\\framework\\src\\Illuminate\\Pipeline\\Pipeline.php(208): Barryvdh\\Debugbar\\Middleware\\InjectDebugbar->handle(Object(Illuminate\\Http\\Request), Object(Closure))
#23 C:\\laragon\\www\\laravel-skill-test\\vendor\\laravel\\framework\\src\\Illuminate\\Http\\Middleware\\AddLinkHeadersForPreloadedAssets.php(32): Illuminate\\Pipeline\\Pipeline->{closure:{closure:Illuminate\\Pipeline\\Pipeline::carry():183}:184}(Object(Illuminate\\Http\\Request))
#24 C:\\laragon\\www\\laravel-skill-test\\vendor\\laravel\\framework\\src\\Illuminate\\Pipeline\\Pipeline.php(208): Illuminate\\Http\\Middleware\\AddLinkHeadersForPreloadedAssets->handle(Object(Illuminate\\Http\\Request), Object(Closure))
#25 C:\\laragon\\www\\laravel-skill-test\\vendor\\inertiajs\\inertia-laravel\\src\\Middleware.php(86): Illuminate\\Pipeline\\Pipeline->{closure:{closure:Illuminate\\Pipeline\\Pipeline::carry():183}:184}(Object(Illuminate\\Http\\Request))
#26 C:\\laragon\\www\\laravel-skill-test\\vendor\\laravel\\framework\\src\\Illuminate\\Pipeline\\Pipeline.php(208): Inertia\\Middleware->handle(Object(Illuminate\\Http\\Request), Object(Closure))
#27 C:\\laragon\\www\\laravel-skill-test\\app\\Http\\Middleware\\HandleAppearance.php(21): Illuminate\\Pipeline\\Pipeline->{closure:{closure:Illuminate\\Pipeline\\Pipeline::carry():183}:184}(Object(Illuminate\\Http\\Request))
#28 C:\\laragon\\www\\laravel-skill-test\\vendor\\laravel\\framework\\src\\Illuminate\\Pipeline\\Pipeline.php(208): App\\Http\\Middleware\\HandleAppearance->handle(Object(Illuminate\\Http\\Request), Object(Closure))
#29 C:\\laragon\\www\\laravel-skill-test\\vendor\\laravel\\framework\\src\\Illuminate\\Routing\\Middleware\\SubstituteBindings.php(50): Illuminate\\Pipeline\\Pipeline->{closure:{closure:Illuminate\\Pipeline\\Pipeline::carry():183}:184}(Object(Illuminate\\Http\\Request))
#30 C:\\laragon\\www\\laravel-skill-test\\vendor\\laravel\\framework\\src\\Illuminate\\Pipeline\\Pipeline.php(208): Illuminate\\Routing\\Middleware\\SubstituteBindings->handle(Object(Illuminate\\Http\\Request), Object(Closure))
#31 C:\\laragon\\www\\laravel-skill-test\\vendor\\laravel\\framework\\src\\Illuminate\\Foundation\\Http\\Middleware\\VerifyCsrfToken.php(87): Illuminate\\Pipeline\\Pipeline->{closure:{closure:Illuminate\\Pipeline\\Pipeline::carry():183}:184}(Object(Illuminate\\Http\\Request))
#32 C:\\laragon\\www\\laravel-skill-test\\vendor\\laravel\\framework\\src\\Illuminate\\Pipeline\\Pipeline.php(208): Illuminate\\Foundation\\Http\\Middleware\\VerifyCsrfToken->handle(Object(Illuminate\\Http\\Request), Object(Closure))
#33 C:\\laragon\\www\\laravel-skill-test\\vendor\\laravel\\framework\\src\\Illuminate\\View\\Middleware\\ShareErrorsFromSession.php(48): Illuminate\\Pipeline\\Pipeline->{closure:{closure:Illuminate\\Pipeline\\Pipeline::carry():183}:184}(Object(Illuminate\\Http\\Request))
#34 C:\\laragon\\www\\laravel-skill-test\\vendor\\laravel\\framework\\src\\Illuminate\\Pipeline\\Pipeline.php(208): Illuminate\\View\\Middleware\\ShareErrorsFromSession->handle(Object(Illuminate\\Http\\Request), Object(Closure))
#35 C:\\laragon\\www\\laravel-skill-test\\vendor\\laravel\\framework\\src\\Illuminate\\Session\\Middleware\\StartSession.php(120): Illuminate\\Pipeline\\Pipeline->{closure:{closure:Illuminate\\Pipeline\\Pipeline::carry():183}:184}(Object(Illuminate\\Http\\Request))
#36 C:\\laragon\\www\\laravel-skill-test\\vendor\\laravel\\framework\\src\\Illuminate\\Session\\Middleware\\StartSession.php(63): Illuminate\\Session\\Middleware\\StartSession->handleStatefulRequest(Object(Illuminate\\Http\\Request), Object(Illuminate\\Session\\Store), Object(Closure))
#37 C:\\laragon\\www\\laravel-skill-test\\vendor\\laravel\\framework\\src\\Illuminate\\Pipeline\\Pipeline.php(208): Illuminate\\Session\\Middleware\\StartSession->handle(Object(Illuminate\\Http\\Request), Object(Closure))
#38 C:\\laragon\\www\\laravel-skill-test\\vendor\\laravel\\framework\\src\\Illuminate\\Cookie\\Middleware\\AddQueuedCookiesToResponse.php(36): Illuminate\\Pipeline\\Pipeline->{closure:{closure:Illuminate\\Pipeline\\Pipeline::carry():183}:184}(Object(Illuminate\\Http\\Request))
#39 C:\\laragon\\www\\laravel-skill-test\\vendor\\laravel\\framework\\src\\Illuminate\\Pipeline\\Pipeline.php(208): Illuminate\\Cookie\\Middleware\\AddQueuedCookiesToResponse->handle(Object(Illuminate\\Http\\Request), Object(Closure))
#40 C:\\laragon\\www\\laravel-skill-test\\vendor\\laravel\\framework\\src\\Illuminate\\Cookie\\Middleware\\EncryptCookies.php(74): Illuminate\\Pipeline\\Pipeline->{closure:{closure:Illuminate\\Pipeline\\Pipeline::carry():183}:184}(Object(Illuminate\\Http\\Request))
#41 C:\\laragon\\www\\laravel-skill-test\\vendor\\laravel\\framework\\src\\Illuminate\\Pipeline\\Pipeline.php(208): Illuminate\\Cookie\\Middleware\\EncryptCookies->handle(Object(Illuminate\\Http\\Request), Object(Closure))
#42 C:\\laragon\\www\\laravel-skill-test\\vendor\\laravel\\framework\\src\\Illuminate\\Pipeline\\Pipeline.php(126): Illuminate\\Pipeline\\Pipeline->{closure:{closure:Illuminate\\Pipeline\\Pipeline::carry():183}:184}(Object(Illuminate\\Http\\Request))
#43 C:\\laragon\\www\\laravel-skill-test\\vendor\\laravel\\framework\\src\\Illuminate\\Routing\\Router.php(807): Illuminate\\Pipeline\\Pipeline->then(Object(Closure))
#44 C:\\laragon\\www\\laravel-skill-test\\vendor\\laravel\\framework\\src\\Illuminate\\Routing\\Router.php(786): Illuminate\\Routing\\Router->runRouteWithinStack(Object(Illuminate\\Routing\\Route), Object(Illuminate\\Http\\Request))
#45 C:\\laragon\\www\\laravel-skill-test\\vendor\\laravel\\framework\\src\\Illuminate\\Routing\\Router.php(750): Illuminate\\Routing\\Router->runRoute(Object(Illuminate\\Http\\Request), Object(Illuminate\\Routing\\Route))
#46 C:\\laragon\\www\\laravel-skill-test\\vendor\\laravel\\framework\\src\\Illuminate\\Routing\\Router.php(739): Illuminate\\Routing\\Router->dispatchToRoute(Object(Illuminate\\Http\\Request))
#47 C:\\laragon\\www\\laravel-skill-test\\vendor\\laravel\\framework\\src\\Illuminate\\Foundation\\Http\\Kernel.php(200): Illuminate\\Routing\\Router->dispatch(Object(Illuminate\\Http\\Request))
#48 C:\\laragon\\www\\laravel-skill-test\\vendor\\laravel\\framework\\src\\Illuminate\\Pipeline\\Pipeline.php(169): Illuminate\\Foundation\\Http\\Kernel->{closure:Illuminate\\Foundation\\Http\\Kernel::dispatchToRouter():197}(Object(Illuminate\\Http\\Request))
#49 C:\\laragon\\www\\laravel-skill-test\\vendor\\barryvdh\\laravel-debugbar\\src\\Middleware\\InjectDebugbar.php(66): Illuminate\\Pipeline\\Pipeline->{closure:Illuminate\\Pipeline\\Pipeline::prepareDestination():167}(Object(Illuminate\\Http\\Request))
#50 C:\\laragon\\www\\laravel-skill-test\\vendor\\laravel\\framework\\src\\Illuminate\\Pipeline\\Pipeline.php(208): Barryvdh\\Debugbar\\Middleware\\InjectDebugbar->handle(Object(Illuminate\\Http\\Request), Object(Closure))
#51 C:\\laragon\\www\\laravel-skill-test\\vendor\\laravel\\framework\\src\\Illuminate\\Foundation\\Http\\Middleware\\TransformsRequest.php(21): Illuminate\\Pipeline\\Pipeline->{closure:{closure:Illuminate\\Pipeline\\Pipeline::carry():183}:184}(Object(Illuminate\\Http\\Request))
#52 C:\\laragon\\www\\laravel-skill-test\\vendor\\laravel\\framework\\src\\Illuminate\\Foundation\\Http\\Middleware\\ConvertEmptyStringsToNull.php(31): Illuminate\\Foundation\\Http\\Middleware\\TransformsRequest->handle(Object(Illuminate\\Http\\Request), Object(Closure))
#53 C:\\laragon\\www\\laravel-skill-test\\vendor\\laravel\\framework\\src\\Illuminate\\Pipeline\\Pipeline.php(208): Illuminate\\Foundation\\Http\\Middleware\\ConvertEmptyStringsToNull->handle(Object(Illuminate\\Http\\Request), Object(Closure))
#54 C:\\laragon\\www\\laravel-skill-test\\vendor\\laravel\\framework\\src\\Illuminate\\Foundation\\Http\\Middleware\\TransformsRequest.php(21): Illuminate\\Pipeline\\Pipeline->{closure:{closure:Illuminate\\Pipeline\\Pipeline::carry():183}:184}(Object(Illuminate\\Http\\Request))
#55 C:\\laragon\\www\\laravel-skill-test\\vendor\\laravel\\framework\\src\\Illuminate\\Foundation\\Http\\Middleware\\TrimStrings.php(51): Illuminate\\Foundation\\Http\\Middleware\\TransformsRequest->handle(Object(Illuminate\\Http\\Request), Object(Closure))
#56 C:\\laragon\\www\\laravel-skill-test\\vendor\\laravel\\framework\\src\\Illuminate\\Pipeline\\Pipeline.php(208): Illuminate\\Foundation\\Http\\Middleware\\TrimStrings->handle(Object(Illuminate\\Http\\Request), Object(Closure))
#57 C:\\laragon\\www\\laravel-skill-test\\vendor\\laravel\\framework\\src\\Illuminate\\Http\\Middleware\\ValidatePostSize.php(27): Illuminate\\Pipeline\\Pipeline->{closure:{closure:Illuminate\\Pipeline\\Pipeline::carry():183}:184}(Object(Illuminate\\Http\\Request))
#58 C:\\laragon\\www\\laravel-skill-test\\vendor\\laravel\\framework\\src\\Illuminate\\Pipeline\\Pipeline.php(208): Illuminate\\Http\\Middleware\\ValidatePostSize->handle(Object(Illuminate\\Http\\Request), Object(Closure))
#59 C:\\laragon\\www\\laravel-skill-test\\vendor\\laravel\\framework\\src\\Illuminate\\Foundation\\Http\\Middleware\\PreventRequestsDuringMaintenance.php(109): Illuminate\\Pipeline\\Pipeline->{closure:{closure:Illuminate\\Pipeline\\Pipeline::carry():183}:184}(Object(Illuminate\\Http\\Request))
#60 C:\\laragon\\www\\laravel-skill-test\\vendor\\laravel\\framework\\src\\Illuminate\\Pipeline\\Pipeline.php(208): Illuminate\\Foundation\\Http\\Middleware\\PreventRequestsDuringMaintenance->handle(Object(Illuminate\\Http\\Request), Object(Closure))
#61 C:\\laragon\\www\\laravel-skill-test\\vendor\\laravel\\framework\\src\\Illuminate\\Http\\Middleware\\HandleCors.php(48): Illuminate\\Pipeline\\Pipeline->{closure:{closure:Illuminate\\Pipeline\\Pipeline::carry():183}:184}(Object(Illuminate\\Http\\Request))
#62 C:\\laragon\\www\\laravel-skill-test\\vendor\\laravel\\framework\\src\\Illuminate\\Pipeline\\Pipeline.php(208): Illuminate\\Http\\Middleware\\HandleCors->handle(Object(Illuminate\\Http\\Request), Object(Closure))
#63 C:\\laragon\\www\\laravel-skill-test\\vendor\\laravel\\framework\\src\\Illuminate\\Http\\Middleware\\TrustProxies.php(58): Illuminate\\Pipeline\\Pipeline->{closure:{closure:Illuminate\\Pipeline\\Pipeline::carry():183}:184}(Object(Illuminate\\Http\\Request))
#64 C:\\laragon\\www\\laravel-skill-test\\vendor\\laravel\\framework\\src\\Illuminate\\Pipeline\\Pipeline.php(208): Illuminate\\Http\\Middleware\\TrustProxies->handle(Object(Illuminate\\Http\\Request), Object(Closure))
#65 C:\\laragon\\www\\laravel-skill-test\\vendor\\laravel\\framework\\src\\Illuminate\\Foundation\\Http\\Middleware\\InvokeDeferredCallbacks.php(22): Illuminate\\Pipeline\\Pipeline->{closure:{closure:Illuminate\\Pipeline\\Pipeline::carry():183}:184}(Object(Illuminate\\Http\\Request))
#66 C:\\laragon\\www\\laravel-skill-test\\vendor\\laravel\\framework\\src\\Illuminate\\Pipeline\\Pipeline.php(208): Illuminate\\Foundation\\Http\\Middleware\\InvokeDeferredCallbacks->handle(Object(Illuminate\\Http\\Request), Object(Closure))
#67 C:\\laragon\\www\\laravel-skill-test\\vendor\\laravel\\framework\\src\\Illuminate\\Http\\Middleware\\ValidatePathEncoding.php(26): Illuminate\\Pipeline\\Pipeline->{closure:{closure:Illuminate\\Pipeline\\Pipeline::carry():183}:184}(Object(Illuminate\\Http\\Request))
#68 C:\\laragon\\www\\laravel-skill-test\\vendor\\laravel\\framework\\src\\Illuminate\\Pipeline\\Pipeline.php(208): Illuminate\\Http\\Middleware\\ValidatePathEncoding->handle(Object(Illuminate\\Http\\Request), Object(Closure))
#69 C:\\laragon\\www\\laravel-skill-test\\vendor\\laravel\\framework\\src\\Illuminate\\Pipeline\\Pipeline.php(126): Illuminate\\Pipeline\\Pipeline->{closure:{closure:Illuminate\\Pipeline\\Pipeline::carry():183}:184}(Object(Illuminate\\Http\\Request))
#70 C:\\laragon\\www\\laravel-skill-test\\vendor\\laravel\\framework\\src\\Illuminate\\Foundation\\Http\\Kernel.php(175): Illuminate\\Pipeline\\Pipeline->then(Object(Closure))
#71 C:\\laragon\\www\\laravel-skill-test\\vendor\\laravel\\framework\\src\\Illuminate\\Foundation\\Http\\Kernel.php(144): Illuminate\\Foundation\\Http\\Kernel->sendRequestThroughRouter(Object(Illuminate\\Http\\Request))
#72 C:\\laragon\\www\\laravel-skill-test\\vendor\\laravel\\framework\\src\\Illuminate\\Foundation\\Application.php(1219): Illuminate\\Foundation\\Http\\Kernel->handle(Object(Illuminate\\Http\\Request))
#73 C:\\laragon\\www\\laravel-skill-test\\public\\index.php(20): Illuminate\\Foundation\\Application->handleRequest(Object(Illuminate\\Http\\Request))
#74 C:\\laragon\\www\\laravel-skill-test\\vendor\\laravel\\framework\\src\\Illuminate\\Foundation\\resources\\server.php(23): require_once('C:\\\\laragon\\\\www\\\\...')
#75 {main}
"} 
[2026-02-09 05:30:05] local.ERROR: Vite manifest not found at: C:\laragon\www\laravel-skill-test\public\build/manifest.json (View: C:\laragon\www\laravel-skill-test\resources\views\app.blade.php) {"exception":"[object] (Illuminate\\View\\ViewException(code: 0): Vite manifest not found at: C:\\laragon\\www\\laravel-skill-test\\public\\build/manifest.json (View: C:\\laragon\\www\\laravel-skill-test\\resources\\views\\app.blade.php) at C:\\laragon\\www\\laravel-skill-test\\vendor\\laravel\\framework\\src\\Illuminate\\Foundation\\Vite.php:934)
[stacktrace]
#0 C:\\laragon\\www\\laravel-skill-test\\vendor\\laravel\\framework\\src\\Illuminate\\View\\Engines\\PhpEngine.php(59): Illuminate\\View\\Engines\\CompilerEngine->handleViewException(Object(Illuminate\\Foundation\\ViteManifestNotFoundException), 1)
#1 C:\\laragon\\www\\laravel-skill-test\\vendor\\laravel\\framework\\src\\Illuminate\\View\\Engines\\CompilerEngine.php(74): Illuminate\\View\\Engines\\PhpEngine->evaluatePath('C:\\\\laragon\\\\www\\\\...', Array)
#2 C:\\laragon\\www\\laravel-skill-test\\vendor\\laravel\\framework\\src\\Illuminate\\View\\View.php(208): Illuminate\\View\\Engines\\CompilerEngine->get('C:\\\\laragon\\\\www\\\\...', Array)
#3 C:\\laragon\\www\\laravel-skill-test\\vendor\\laravel\\framework\\src\\Illuminate\\View\\View.php(191): Illuminate\\View\\View->getContents()
#4 C:\\laragon\\www\\laravel-skill-test\\vendor\\laravel\\framework\\src\\Illuminate\\View\\View.php(160): Illuminate\\View\\View->renderContents()
#5 C:\\laragon\\www\\laravel-skill-test\\vendor\\laravel\\framework\\src\\Illuminate\\Http\\Response.php(78): Illuminate\\View\\View->render()
#6 C:\\laragon\\www\\laravel-skill-test\\vendor\\laravel\\framework\\src\\Illuminate\\Http\\Response.php(34): Illuminate\\Http\\Response->setContent(Object(Illuminate\\View\\View))
#7 C:\\laragon\\www\\laravel-skill-test\\vendor\\laravel\\framework\\src\\Illuminate\\Routing\\ResponseFactory.php(61): Illuminate\\Http\\Response->__construct(Object(Illuminate\\View\\View), 200, Array)
#8 C:\\laragon\\www\\laravel-skill-test\\vendor\\laravel\\framework\\src\\Illuminate\\Routing\\ResponseFactory.php(91): Illuminate\\Routing\\ResponseFactory->make(Object(Illuminate\\View\\View), 200, Array)
#9 C:\\laragon\\www\\laravel-skill-test\\vendor\\laravel\\framework\\src\\Illuminate\\Support\\Facades\\Facade.php(361): Illuminate\\Routing\\ResponseFactory->view('app', Array)
#10 C:\\laragon\\www\\laravel-skill-test\\vendor\\inertiajs\\inertia-laravel\\src\\Response.php(126): Illuminate\\Support\\Facades\\Facade::__callStatic('view', Array)
#11 C:\\laragon\\www\\laravel-skill-test\\vendor\\laravel\\framework\\src\\Illuminate\\Routing\\Router.php(906): Inertia\\Response->toResponse(Object(Illuminate\\Http\\Request))
#12 C:\\laragon\\www\\laravel-skill-test\\vendor\\laravel\\framework\\src\\Illuminate\\Routing\\Router.php(891): Illuminate\\Routing\\Router::toResponse(Object(Illuminate\\Http\\Request), Object(Inertia\\Response))
#13 C:\\laragon\\www\\laravel-skill-test\\vendor\\laravel\\framework\\src\\Illuminate\\Routing\\Router.php(807): Illuminate\\Routing\\Router->prepareResponse(Object(Illuminate\\Http\\Request), Object(Inertia\\Response))
#14 C:\\laragon\\www\\laravel-skill-test\\vendor\\laravel\\framework\\src\\Illuminate\\Pipeline\\Pipeline.php(169): Illuminate\\Routing\\Router->{closure:Illuminate\\Routing\\Router::runRouteWithinStack():807}(Object(Illuminate\\Http\\Request))
#15 C:\\laragon\\www\\laravel-skill-test\\vendor\\laravel\\framework\\src\\Illuminate\\Auth\\Middleware\\RedirectIfAuthenticated.php(35): Illuminate\\Pipeline\\Pipeline->{closure:Illuminate\\Pipeline\\Pipeline::prepareDestination():167}(Object(Illuminate\\Http\\Request))
#16 C:\\laragon\\www\\laravel-skill-test\\vendor\\laravel\\framework\\src\\Illuminate\\Pipeline\\Pipeline.php(208): Illuminate\\Auth\\Middleware\\RedirectIfAuthenticated->handle(Object(Illuminate\\Http\\Request), Object(Closure))
#17 C:\\laragon\\www\\laravel-skill-test\\vendor\\barryvdh\\laravel-debugbar\\src\\Middleware\\InjectDebugbar.php(66): Illuminate\\Pipeline\\Pipeline->{closure:{closure:Illuminate\\Pipeline\\Pipeline::carry():183}:184}(Object(Illuminate\\Http\\Request))
#18 C:\\laragon\\www\\laravel-skill-test\\vendor\\laravel\\framework\\src\\Illuminate\\Pipeline\\Pipeline.php(208): Barryvdh\\Debugbar\\Middleware\\InjectDebugbar->handle(Object(Illuminate\\Http\\Request), Object(Closure))
#19 C:\\laragon\\www\\laravel-skill-test\\vendor\\laravel\\framework\\src\\Illuminate\\Http\\Middleware\\AddLinkHeadersForPreloadedAssets.php(32): Illuminate\\Pipeline\\Pipeline->{closure:{closure:Illuminate\\Pipeline\\Pipeline::carry():183}:184}(Object(Illuminate\\Http\\Request))
#20 C:\\laragon\\www\\laravel-skill-test\\vendor\\laravel\\framework\\src\\Illuminate\\Pipeline\\Pipeline.php(208): Illuminate\\Http\\Middleware\\AddLinkHeadersForPreloadedAssets->handle(Object(Illuminate\\Http\\Request), Object(Closure))
#21 C:\\laragon\\www\\laravel-skill-test\\vendor\\inertiajs\\inertia-laravel\\src\\Middleware.php(86): Illuminate\\Pipeline\\Pipeline->{closure:{closure:Illuminate\\Pipeline\\Pipeline::carry():183}:184}(Object(Illuminate\\Http\\Request))
#22 C:\\laragon\\www\\laravel-skill-test\\vendor\\laravel\\framework\\src\\Illuminate\\Pipeline\\Pipeline.php(208): Inertia\\Middleware->handle(Object(Illuminate\\Http\\Request), Object(Closure))
#23 C:\\laragon\\www\\laravel-skill-test\\app\\Http\\Middleware\\HandleAppearance.php(21): Illuminate\\Pipeline\\Pipeline->{closure:{closure:Illuminate\\Pipeline\\Pipeline::carry():183}:184}(Object(Illuminate\\Http\\Request))
#24 C:\\laragon\\www\\laravel-skill-test\\vendor\\laravel\\framework\\src\\Illuminate\\Pipeline\\Pipeline.php(208): App\\Http\\Middleware\\HandleAppearance->handle(Object(Illuminate\\Http\\Request), Object(Closure))
#25 C:\\laragon\\www\\laravel-skill-test\\vendor\\laravel\\framework\\src\\Illuminate\\Routing\\Middleware\\SubstituteBindings.php(50): Illuminate\\Pipeline\\Pipeline->{closure:{closure:Illuminate\\Pipeline\\Pipeline::carry():183}:184}(Object(Illuminate\\Http\\Request))
#26 C:\\laragon\\www\\laravel-skill-test\\vendor\\laravel\\framework\\src\\Illuminate\\Pipeline\\Pipeline.php(208): Illuminate\\Routing\\Middleware\\SubstituteBindings->handle(Object(Illuminate\\Http\\Request), Object(Closure))
#27 C:\\laragon\\www\\laravel-skill-test\\vendor\\laravel\\framework\\src\\Illuminate\\Foundation\\Http\\Middleware\\VerifyCsrfToken.php(87): Illuminate\\Pipeline\\Pipeline->{closure:{closure:Illuminate\\Pipeline\\Pipeline::carry():183}:184}(Object(Illuminate\\Http\\Request))
#28 C:\\laragon\\www\\laravel-skill-test\\vendor\\laravel\\framework\\src\\Illuminate\\Pipeline\\Pipeline.php(208): Illuminate\\Foundation\\Http\\Middleware\\VerifyCsrfToken->handle(Object(Illuminate\\Http\\Request), Object(Closure))
#29 C:\\laragon\\www\\laravel-skill-test\\vendor\\laravel\\framework\\src\\Illuminate\\View\\Middleware\\ShareErrorsFromSession.php(48): Illuminate\\Pipeline\\Pipeline->{closure:{closure:Illuminate\\Pipeline\\Pipeline::carry():183}:184}(Object(Illuminate\\Http\\Request))
#30 C:\\laragon\\www\\laravel-skill-test\\vendor\\laravel\\framework\\src\\Illuminate\\Pipeline\\Pipeline.php(208): Illuminate\\View\\Middleware\\ShareErrorsFromSession->handle(Object(Illuminate\\Http\\Request), Object(Closure))
#31 C:\\laragon\\www\\laravel-skill-test\\vendor\\laravel\\framework\\src\\Illuminate\\Session\\Middleware\\StartSession.php(120): Illuminate\\Pipeline\\Pipeline->{closure:{closure:Illuminate\\Pipeline\\Pipeline::carry():183}:184}(Object(Illuminate\\Http\\Request))
#32 C:\\laragon\\www\\laravel-skill-test\\vendor\\laravel\\framework\\src\\Illuminate\\Session\\Middleware\\StartSession.php(63): Illuminate\\Session\\Middleware\\StartSession->handleStatefulRequest(Object(Illuminate\\Http\\Request), Object(Illuminate\\Session\\Store), Object(Closure))
#33 C:\\laragon\\www\\laravel-skill-test\\vendor\\laravel\\framework\\src\\Illuminate\\Pipeline\\Pipeline.php(208): Illuminate\\Session\\Middleware\\StartSession->handle(Object(Illuminate\\Http\\Request), Object(Closure))
#34 C:\\laragon\\www\\laravel-skill-test\\vendor\\laravel\\framework\\src\\Illuminate\\Cookie\\Middleware\\AddQueuedCookiesToResponse.php(36): Illuminate\\Pipeline\\Pipeline->{closure:{closure:Illuminate\\Pipeline\\Pipeline::carry():183}:184}(Object(Illuminate\\Http\\Request))
#35 C:\\laragon\\www\\laravel-skill-test\\vendor\\laravel\\framework\\src\\Illuminate\\Pipeline\\Pipeline.php(208): Illuminate\\Cookie\\Middleware\\AddQueuedCookiesToResponse->handle(Object(Illuminate\\Http\\Request), Object(Closure))
#36 C:\\laragon\\www\\laravel-skill-test\\vendor\\laravel\\framework\\src\\Illuminate\\Cookie\\Middleware\\EncryptCookies.php(74): Illuminate\\Pipeline\\Pipeline->{closure:{closure:Illuminate\\Pipeline\\Pipeline::carry():183}:184}(Object(Illuminate\\Http\\Request))
#37 C:\\laragon\\www\\laravel-skill-test\\vendor\\laravel\\framework\\src\\Illuminate\\Pipeline\\Pipeline.php(208): Illuminate\\Cookie\\Middleware\\EncryptCookies->handle(Object(Illuminate\\Http\\Request), Object(Closure))
#38 C:\\laragon\\www\\laravel-skill-test\\vendor\\laravel\\framework\\src\\Illuminate\\Pipeline\\Pipeline.php(126): Illuminate\\Pipeline\\Pipeline->{closure:{closure:Illuminate\\Pipeline\\Pipeline::carry():183}:184}(Object(Illuminate\\Http\\Request))
#39 C:\\laragon\\www\\laravel-skill-test\\vendor\\laravel\\framework\\src\\Illuminate\\Routing\\Router.php(807): Illuminate\\Pipeline\\Pipeline->then(Object(Closure))
#40 C:\\laragon\\www\\laravel-skill-test\\vendor\\laravel\\framework\\src\\Illuminate\\Routing\\Router.php(786): Illuminate\\Routing\\Router->runRouteWithinStack(Object(Illuminate\\Routing\\Route), Object(Illuminate\\Http\\Request))
#41 C:\\laragon\\www\\laravel-skill-test\\vendor\\laravel\\framework\\src\\Illuminate\\Routing\\Router.php(750): Illuminate\\Routing\\Router->runRoute(Object(Illuminate\\Http\\Request), Object(Illuminate\\Routing\\Route))
#42 C:\\laragon\\www\\laravel-skill-test\\vendor\\laravel\\framework\\src\\Illuminate\\Routing\\Router.php(739): Illuminate\\Routing\\Router->dispatchToRoute(Object(Illuminate\\Http\\Request))
#43 C:\\laragon\\www\\laravel-skill-test\\vendor\\laravel\\framework\\src\\Illuminate\\Foundation\\Http\\Kernel.php(200): Illuminate\\Routing\\Router->dispatch(Object(Illuminate\\Http\\Request))
#44 C:\\laragon\\www\\laravel-skill-test\\vendor\\laravel\\framework\\src\\Illuminate\\Pipeline\\Pipeline.php(169): Illuminate\\Foundation\\Http\\Kernel->{closure:Illuminate\\Foundation\\Http\\Kernel::dispatchToRouter():197}(Object(Illuminate\\Http\\Request))
#45 C:\\laragon\\www\\laravel-skill-test\\vendor\\barryvdh\\laravel-debugbar\\src\\Middleware\\InjectDebugbar.php(66): Illuminate\\Pipeline\\Pipeline->{closure:Illuminate\\Pipeline\\Pipeline::prepareDestination():167}(Object(Illuminate\\Http\\Request))
#46 C:\\laragon\\www\\laravel-skill-test\\vendor\\laravel\\framework\\src\\Illuminate\\Pipeline\\Pipeline.php(208): Barryvdh\\Debugbar\\Middleware\\InjectDebugbar->handle(Object(Illuminate\\Http\\Request), Object(Closure))
#47 C:\\laragon\\www\\laravel-skill-test\\vendor\\laravel\\framework\\src\\Illuminate\\Foundation\\Http\\Middleware\\TransformsRequest.php(21): Illuminate\\Pipeline\\Pipeline->{closure:{closure:Illuminate\\Pipeline\\Pipeline::carry():183}:184}(Object(Illuminate\\Http\\Request))
#48 C:\\laragon\\www\\laravel-skill-test\\vendor\\laravel\\framework\\src\\Illuminate\\Foundation\\Http\\Middleware\\ConvertEmptyStringsToNull.php(31): Illuminate\\Foundation\\Http\\Middleware\\TransformsRequest->handle(Object(Illuminate\\Http\\Request), Object(Closure))
#49 C:\\laragon\\www\\laravel-skill-test\\vendor\\laravel\\framework\\src\\Illuminate\\Pipeline\\Pipeline.php(208): Illuminate\\Foundation\\Http\\Middleware\\ConvertEmptyStringsToNull->handle(Object(Illuminate\\Http\\Request), Object(Closure))
#50 C:\\laragon\\www\\laravel-skill-test\\vendor\\laravel\\framework\\src\\Illuminate\\Foundation\\Http\\Middleware\\TransformsRequest.php(21): Illuminate\\Pipeline\\Pipeline->{closure:{closure:Illuminate\\Pipeline\\Pipeline::carry():183}:184}(Object(Illuminate\\Http\\Request))
#51 C:\\laragon\\www\\laravel-skill-test\\vendor\\laravel\\framework\\src\\Illuminate\\Foundation\\Http\\Middleware\\TrimStrings.php(51): Illuminate\\Foundation\\Http\\Middleware\\TransformsRequest->handle(Object(Illuminate\\Http\\Request), Object(Closure))
#52 C:\\laragon\\www\\laravel-skill-test\\vendor\\laravel\\framework\\src\\Illuminate\\Pipeline\\Pipeline.php(208): Illuminate\\Foundation\\Http\\Middleware\\TrimStrings->handle(Object(Illuminate\\Http\\Request), Object(Closure))
#53 C:\\laragon\\www\\laravel-skill-test\\vendor\\laravel\\framework\\src\\Illuminate\\Http\\Middleware\\ValidatePostSize.php(27): Illuminate\\Pipeline\\Pipeline->{closure:{closure:Illuminate\\Pipeline\\Pipeline::carry():183}:184}(Object(Illuminate\\Http\\Request))
#54 C:\\laragon\\www\\laravel-skill-test\\vendor\\laravel\\framework\\src\\Illuminate\\Pipeline\\Pipeline.php(208): Illuminate\\Http\\Middleware\\ValidatePostSize->handle(Object(Illuminate\\Http\\Request), Object(Closure))
#55 C:\\laragon\\www\\laravel-skill-test\\vendor\\laravel\\framework\\src\\Illuminate\\Foundation\\Http\\Middleware\\PreventRequestsDuringMaintenance.php(109): Illuminate\\Pipeline\\Pipeline->{closure:{closure:Illuminate\\Pipeline\\Pipeline::carry():183}:184}(Object(Illuminate\\Http\\Request))
#56 C:\\laragon\\www\\laravel-skill-test\\vendor\\laravel\\framework\\src\\Illuminate\\Pipeline\\Pipeline.php(208): Illuminate\\Foundation\\Http\\Middleware\\PreventRequestsDuringMaintenance->handle(Object(Illuminate\\Http\\Request), Object(Closure))
#57 C:\\laragon\\www\\laravel-skill-test\\vendor\\laravel\\framework\\src\\Illuminate\\Http\\Middleware\\HandleCors.php(48): Illuminate\\Pipeline\\Pipeline->{closure:{closure:Illuminate\\Pipeline\\Pipeline::carry():183}:184}(Object(Illuminate\\Http\\Request))
#58 C:\\laragon\\www\\laravel-skill-test\\vendor\\laravel\\framework\\src\\Illuminate\\Pipeline\\Pipeline.php(208): Illuminate\\Http\\Middleware\\HandleCors->handle(Object(Illuminate\\Http\\Request), Object(Closure))
#59 C:\\laragon\\www\\laravel-skill-test\\vendor\\laravel\\framework\\src\\Illuminate\\Http\\Middleware\\TrustProxies.php(58): Illuminate\\Pipeline\\Pipeline->{closure:{closure:Illuminate\\Pipeline\\Pipeline::carry():183}:184}(Object(Illuminate\\Http\\Request))
#60 C:\\laragon\\www\\laravel-skill-test\\vendor\\laravel\\framework\\src\\Illuminate\\Pipeline\\Pipeline.php(208): Illuminate\\Http\\Middleware\\TrustProxies->handle(Object(Illuminate\\Http\\Request), Object(Closure))
#61 C:\\laragon\\www\\laravel-skill-test\\vendor\\laravel\\framework\\src\\Illuminate\\Foundation\\Http\\Middleware\\InvokeDeferredCallbacks.php(22): Illuminate\\Pipeline\\Pipeline->{closure:{closure:Illuminate\\Pipeline\\Pipeline::carry():183}:184}(Object(Illuminate\\Http\\Request))
#62 C:\\laragon\\www\\laravel-skill-test\\vendor\\laravel\\framework\\src\\Illuminate\\Pipeline\\Pipeline.php(208): Illuminate\\Foundation\\Http\\Middleware\\InvokeDeferredCallbacks->handle(Object(Illuminate\\Http\\Request), Object(Closure))
#63 C:\\laragon\\www\\laravel-skill-test\\vendor\\laravel\\framework\\src\\Illuminate\\Http\\Middleware\\ValidatePathEncoding.php(26): Illuminate\\Pipeline\\Pipeline->{closure:{closure:Illuminate\\Pipeline\\Pipeline::carry():183}:184}(Object(Illuminate\\Http\\Request))
#64 C:\\laragon\\www\\laravel-skill-test\\vendor\\laravel\\framework\\src\\Illuminate\\Pipeline\\Pipeline.php(208): Illuminate\\Http\\Middleware\\ValidatePathEncoding->handle(Object(Illuminate\\Http\\Request), Object(Closure))
#65 C:\\laragon\\www\\laravel-skill-test\\vendor\\laravel\\framework\\src\\Illuminate\\Pipeline\\Pipeline.php(126): Illuminate\\Pipeline\\Pipeline->{closure:{closure:Illuminate\\Pipeline\\Pipeline::carry():183}:184}(Object(Illuminate\\Http\\Request))
#66 C:\\laragon\\www\\laravel-skill-test\\vendor\\laravel\\framework\\src\\Illuminate\\Foundation\\Http\\Kernel.php(175): Illuminate\\Pipeline\\Pipeline->then(Object(Closure))
#67 C:\\laragon\\www\\laravel-skill-test\\vendor\\laravel\\framework\\src\\Illuminate\\Foundation\\Http\\Kernel.php(144): Illuminate\\Foundation\\Http\\Kernel->sendRequestThroughRouter(Object(Illuminate\\Http\\Request))
#68 C:\\laragon\\www\\laravel-skill-test\\vendor\\laravel\\framework\\src\\Illuminate\\Foundation\\Application.php(1219): Illuminate\\Foundation\\Http\\Kernel->handle(Object(Illuminate\\Http\\Request))
#69 C:\\laragon\\www\\laravel-skill-test\\public\\index.php(20): Illuminate\\Foundation\\Application->handleRequest(Object(Illuminate\\Http\\Request))
#70 C:\\laragon\\www\\laravel-skill-test\\vendor\\laravel\\framework\\src\\Illuminate\\Foundation\\resources\\server.php(23): require_once('C:\\\\laragon\\\\www\\\\...')
#71 {main}

[previous exception] [object] (Illuminate\\Foundation\\ViteManifestNotFoundException(code: 0): Vite manifest not found at: C:\\laragon\\www\\laravel-skill-test\\public\\build/manifest.json at C:\\laragon\\www\\laravel-skill-test\\vendor\\laravel\\framework\\src\\Illuminate\\Foundation\\Vite.php:934)
[stacktrace]
#0 C:\\laragon\\www\\laravel-skill-test\\vendor\\laravel\\framework\\src\\Illuminate\\Foundation\\Vite.php(384): Illuminate\\Foundation\\Vite->manifest('build')
#1 C:\\laragon\\www\\laravel-skill-test\\storage\\framework\\views\\db2f67760d49a9664cfc56e3191ad150.php(40): Illuminate\\Foundation\\Vite->__invoke(Object(Illuminate\\Support\\Collection))
#2 C:\\laragon\\www\\laravel-skill-test\\vendor\\laravel\\framework\\src\\Illuminate\\Filesystem\\Filesystem.php(123): require('C:\\\\laragon\\\\www\\\\...')
#3 C:\\laragon\\www\\laravel-skill-test\\vendor\\laravel\\framework\\src\\Illuminate\\Filesystem\\Filesystem.php(124): Illuminate\\Filesystem\\Filesystem::{closure:Illuminate\\Filesystem\\Filesystem::getRequire():120}()
#4 C:\\laragon\\www\\laravel-skill-test\\vendor\\laravel\\framework\\src\\Illuminate\\View\\Engines\\PhpEngine.php(57): Illuminate\\Filesystem\\Filesystem->getRequire('C:\\\\laragon\\\\www\\\\...', Array)
#5 C:\\laragon\\www\\laravel-skill-test\\vendor\\laravel\\framework\\src\\Illuminate\\View\\Engines\\CompilerEngine.php(74): Illuminate\\View\\Engines\\PhpEngine->evaluatePath('C:\\\\laragon\\\\www\\\\...', Array)
#6 C:\\laragon\\www\\laravel-skill-test\\vendor\\laravel\\framework\\src\\Illuminate\\View\\View.php(208): Illuminate\\View\\Engines\\CompilerEngine->get('C:\\\\laragon\\\\www\\\\...', Array)
#7 C:\\laragon\\www\\laravel-skill-test\\vendor\\laravel\\framework\\src\\Illuminate\\View\\View.php(191): Illuminate\\View\\View->getContents()
#8 C:\\laragon\\www\\laravel-skill-test\\vendor\\laravel\\framework\\src\\Illuminate\\View\\View.php(160): Illuminate\\View\\View->renderContents()
#9 C:\\laragon\\www\\laravel-skill-test\\vendor\\laravel\\framework\\src\\Illuminate\\Http\\Response.php(78): Illuminate\\View\\View->render()
#10 C:\\laragon\\www\\laravel-skill-test\\vendor\\laravel\\framework\\src\\Illuminate\\Http\\Response.php(34): Illuminate\\Http\\Response->setContent(Object(Illuminate\\View\\View))
#11 C:\\laragon\\www\\laravel-skill-test\\vendor\\laravel\\framework\\src\\Illuminate\\Routing\\ResponseFactory.php(61): Illuminate\\Http\\Response->__construct(Object(Illuminate\\View\\View), 200, Array)
#12 C:\\laragon\\www\\laravel-skill-test\\vendor\\laravel\\framework\\src\\Illuminate\\Routing\\ResponseFactory.php(91): Illuminate\\Routing\\ResponseFactory->make(Object(Illuminate\\View\\View), 200, Array)
#13 C:\\laragon\\www\\laravel-skill-test\\vendor\\laravel\\framework\\src\\Illuminate\\Support\\Facades\\Facade.php(361): Illuminate\\Routing\\ResponseFactory->view('app', Array)
#14 C:\\laragon\\www\\laravel-skill-test\\vendor\\inertiajs\\inertia-laravel\\src\\Response.php(126): Illuminate\\Support\\Facades\\Facade::__callStatic('view', Array)
#15 C:\\laragon\\www\\laravel-skill-test\\vendor\\laravel\\framework\\src\\Illuminate\\Routing\\Router.php(906): Inertia\\Response->toResponse(Object(Illuminate\\Http\\Request))
#16 C:\\laragon\\www\\laravel-skill-test\\vendor\\laravel\\framework\\src\\Illuminate\\Routing\\Router.php(891): Illuminate\\Routing\\Router::toResponse(Object(Illuminate\\Http\\Request), Object(Inertia\\Response))
#17 C:\\laragon\\www\\laravel-skill-test\\vendor\\laravel\\framework\\src\\Illuminate\\Routing\\Router.php(807): Illuminate\\Routing\\Router->prepareResponse(Object(Illuminate\\Http\\Request), Object(Inertia\\Response))
#18 C:\\laragon\\www\\laravel-skill-test\\vendor\\laravel\\framework\\src\\Illuminate\\Pipeline\\Pipeline.php(169): Illuminate\\Routing\\Router->{closure:Illuminate\\Routing\\Router::runRouteWithinStack():807}(Object(Illuminate\\Http\\Request))
#19 C:\\laragon\\www\\laravel-skill-test\\vendor\\laravel\\framework\\src\\Illuminate\\Auth\\Middleware\\RedirectIfAuthenticated.php(35): Illuminate\\Pipeline\\Pipeline->{closure:Illuminate\\Pipeline\\Pipeline::prepareDestination():167}(Object(Illuminate\\Http\\Request))
#20 C:\\laragon\\www\\laravel-skill-test\\vendor\\laravel\\framework\\src\\Illuminate\\Pipeline\\Pipeline.php(208): Illuminate\\Auth\\Middleware\\RedirectIfAuthenticated->handle(Object(Illuminate\\Http\\Request), Object(Closure))
#21 C:\\laragon\\www\\laravel-skill-test\\vendor\\barryvdh\\laravel-debugbar\\src\\Middleware\\InjectDebugbar.php(66): Illuminate\\Pipeline\\Pipeline->{closure:{closure:Illuminate\\Pipeline\\Pipeline::carry():183}:184}(Object(Illuminate\\Http\\Request))
#22 C:\\laragon\\www\\laravel-skill-test\\vendor\\laravel\\framework\\src\\Illuminate\\Pipeline\\Pipeline.php(208): Barryvdh\\Debugbar\\Middleware\\InjectDebugbar->handle(Object(Illuminate\\Http\\Request), Object(Closure))
#23 C:\\laragon\\www\\laravel-skill-test\\vendor\\laravel\\framework\\src\\Illuminate\\Http\\Middleware\\AddLinkHeadersForPreloadedAssets.php(32): Illuminate\\Pipeline\\Pipeline->{closure:{closure:Illuminate\\Pipeline\\Pipeline::carry():183}:184}(Object(Illuminate\\Http\\Request))
#24 C:\\laragon\\www\\laravel-skill-test\\vendor\\laravel\\framework\\src\\Illuminate\\Pipeline\\Pipeline.php(208): Illuminate\\Http\\Middleware\\AddLinkHeadersForPreloadedAssets->handle(Object(Illuminate\\Http\\Request), Object(Closure))
#25 C:\\laragon\\www\\laravel-skill-test\\vendor\\inertiajs\\inertia-laravel\\src\\Middleware.php(86): Illuminate\\Pipeline\\Pipeline->{closure:{closure:Illuminate\\Pipeline\\Pipeline::carry():183}:184}(Object(Illuminate\\Http\\Request))
#26 C:\\laragon\\www\\laravel-skill-test\\vendor\\laravel\\framework\\src\\Illuminate\\Pipeline\\Pipeline.php(208): Inertia\\Middleware->handle(Object(Illuminate\\Http\\Request), Object(Closure))
#27 C:\\laragon\\www\\laravel-skill-test\\app\\Http\\Middleware\\HandleAppearance.php(21): Illuminate\\Pipeline\\Pipeline->{closure:{closure:Illuminate\\Pipeline\\Pipeline::carry():183}:184}(Object(Illuminate\\Http\\Request))
#28 C:\\laragon\\www\\laravel-skill-test\\vendor\\laravel\\framework\\src\\Illuminate\\Pipeline\\Pipeline.php(208): App\\Http\\Middleware\\HandleAppearance->handle(Object(Illuminate\\Http\\Request), Object(Closure))
#29 C:\\laragon\\www\\laravel-skill-test\\vendor\\laravel\\framework\\src\\Illuminate\\Routing\\Middleware\\SubstituteBindings.php(50): Illuminate\\Pipeline\\Pipeline->{closure:{closure:Illuminate\\Pipeline\\Pipeline::carry():183}:184}(Object(Illuminate\\Http\\Request))
#30 C:\\laragon\\www\\laravel-skill-test\\vendor\\laravel\\framework\\src\\Illuminate\\Pipeline\\Pipeline.php(208): Illuminate\\Routing\\Middleware\\SubstituteBindings->handle(Object(Illuminate\\Http\\Request), Object(Closure))
#31 C:\\laragon\\www\\laravel-skill-test\\vendor\\laravel\\framework\\src\\Illuminate\\Foundation\\Http\\Middleware\\VerifyCsrfToken.php(87): Illuminate\\Pipeline\\Pipeline->{closure:{closure:Illuminate\\Pipeline\\Pipeline::carry():183}:184}(Object(Illuminate\\Http\\Request))
#32 C:\\laragon\\www\\laravel-skill-test\\vendor\\laravel\\framework\\src\\Illuminate\\Pipeline\\Pipeline.php(208): Illuminate\\Foundation\\Http\\Middleware\\VerifyCsrfToken->handle(Object(Illuminate\\Http\\Request), Object(Closure))
#33 C:\\laragon\\www\\laravel-skill-test\\vendor\\laravel\\framework\\src\\Illuminate\\View\\Middleware\\ShareErrorsFromSession.php(48): Illuminate\\Pipeline\\Pipeline->{closure:{closure:Illuminate\\Pipeline\\Pipeline::carry():183}:184}(Object(Illuminate\\Http\\Request))
#34 C:\\laragon\\www\\laravel-skill-test\\vendor\\laravel\\framework\\src\\Illuminate\\Pipeline\\Pipeline.php(208): Illuminate\\View\\Middleware\\ShareErrorsFromSession->handle(Object(Illuminate\\Http\\Request), Object(Closure))
#35 C:\\laragon\\www\\laravel-skill-test\\vendor\\laravel\\framework\\src\\Illuminate\\Session\\Middleware\\StartSession.php(120): Illuminate\\Pipeline\\Pipeline->{closure:{closure:Illuminate\\Pipeline\\Pipeline::carry():183}:184}(Object(Illuminate\\Http\\Request))
#36 C:\\laragon\\www\\laravel-skill-test\\vendor\\laravel\\framework\\src\\Illuminate\\Session\\Middleware\\StartSession.php(63): Illuminate\\Session\\Middleware\\StartSession->handleStatefulRequest(Object(Illuminate\\Http\\Request), Object(Illuminate\\Session\\Store), Object(Closure))
#37 C:\\laragon\\www\\laravel-skill-test\\vendor\\laravel\\framework\\src\\Illuminate\\Pipeline\\Pipeline.php(208): Illuminate\\Session\\Middleware\\StartSession->handle(Object(Illuminate\\Http\\Request), Object(Closure))
#38 C:\\laragon\\www\\laravel-skill-test\\vendor\\laravel\\framework\\src\\Illuminate\\Cookie\\Middleware\\AddQueuedCookiesToResponse.php(36): Illuminate\\Pipeline\\Pipeline->{closure:{closure:Illuminate\\Pipeline\\Pipeline::carry():183}:184}(Object(Illuminate\\Http\\Request))
#39 C:\\laragon\\www\\laravel-skill-test\\vendor\\laravel\\framework\\src\\Illuminate\\Pipeline\\Pipeline.php(208): Illuminate\\Cookie\\Middleware\\AddQueuedCookiesToResponse->handle(Object(Illuminate\\Http\\Request), Object(Closure))
#40 C:\\laragon\\www\\laravel-skill-test\\vendor\\laravel\\framework\\src\\Illuminate\\Cookie\\Middleware\\EncryptCookies.php(74): Illuminate\\Pipeline\\Pipeline->{closure:{closure:Illuminate\\Pipeline\\Pipeline::carry():183}:184}(Object(Illuminate\\Http\\Request))
#41 C:\\laragon\\www\\laravel-skill-test\\vendor\\laravel\\framework\\src\\Illuminate\\Pipeline\\Pipeline.php(208): Illuminate\\Cookie\\Middleware\\EncryptCookies->handle(Object(Illuminate\\Http\\Request), Object(Closure))
#42 C:\\laragon\\www\\laravel-skill-test\\vendor\\laravel\\framework\\src\\Illuminate\\Pipeline\\Pipeline.php(126): Illuminate\\Pipeline\\Pipeline->{closure:{closure:Illuminate\\Pipeline\\Pipeline::carry():183}:184}(Object(Illuminate\\Http\\Request))
#43 C:\\laragon\\www\\laravel-skill-test\\vendor\\laravel\\framework\\src\\Illuminate\\Routing\\Router.php(807): Illuminate\\Pipeline\\Pipeline->then(Object(Closure))
#44 C:\\laragon\\www\\laravel-skill-test\\vendor\\laravel\\framework\\src\\Illuminate\\Routing\\Router.php(786): Illuminate\\Routing\\Router->runRouteWithinStack(Object(Illuminate\\Routing\\Route), Object(Illuminate\\Http\\Request))
#45 C:\\laragon\\www\\laravel-skill-test\\vendor\\laravel\\framework\\src\\Illuminate\\Routing\\Router.php(750): Illuminate\\Routing\\Router->runRoute(Object(Illuminate\\Http\\Request), Object(Illuminate\\Routing\\Route))
#46 C:\\laragon\\www\\laravel-skill-test\\vendor\\laravel\\framework\\src\\Illuminate\\Routing\\Router.php(739): Illuminate\\Routing\\Router->dispatchToRoute(Object(Illuminate\\Http\\Request))
#47 C:\\laragon\\www\\laravel-skill-test\\vendor\\laravel\\framework\\src\\Illuminate\\Foundation\\Http\\Kernel.php(200): Illuminate\\Routing\\Router->dispatch(Object(Illuminate\\Http\\Request))
#48 C:\\laragon\\www\\laravel-skill-test\\vendor\\laravel\\framework\\src\\Illuminate\\Pipeline\\Pipeline.php(169): Illuminate\\Foundation\\Http\\Kernel->{closure:Illuminate\\Foundation\\Http\\Kernel::dispatchToRouter():197}(Object(Illuminate\\Http\\Request))
#49 C:\\laragon\\www\\laravel-skill-test\\vendor\\barryvdh\\laravel-debugbar\\src\\Middleware\\InjectDebugbar.php(66): Illuminate\\Pipeline\\Pipeline->{closure:Illuminate\\Pipeline\\Pipeline::prepareDestination():167}(Object(Illuminate\\Http\\Request))
#50 C:\\laragon\\www\\laravel-skill-test\\vendor\\laravel\\framework\\src\\Illuminate\\Pipeline\\Pipeline.php(208): Barryvdh\\Debugbar\\Middleware\\InjectDebugbar->handle(Object(Illuminate\\Http\\Request), Object(Closure))
#51 C:\\laragon\\www\\laravel-skill-test\\vendor\\laravel\\framework\\src\\Illuminate\\Foundation\\Http\\Middleware\\TransformsRequest.php(21): Illuminate\\Pipeline\\Pipeline->{closure:{closure:Illuminate\\Pipeline\\Pipeline::carry():183}:184}(Object(Illuminate\\Http\\Request))
#52 C:\\laragon\\www\\laravel-skill-test\\vendor\\laravel\\framework\\src\\Illuminate\\Foundation\\Http\\Middleware\\ConvertEmptyStringsToNull.php(31): Illuminate\\Foundation\\Http\\Middleware\\TransformsRequest->handle(Object(Illuminate\\Http\\Request), Object(Closure))
#53 C:\\laragon\\www\\laravel-skill-test\\vendor\\laravel\\framework\\src\\Illuminate\\Pipeline\\Pipeline.php(208): Illuminate\\Foundation\\Http\\Middleware\\ConvertEmptyStringsToNull->handle(Object(Illuminate\\Http\\Request), Object(Closure))
#54 C:\\laragon\\www\\laravel-skill-test\\vendor\\laravel\\framework\\src\\Illuminate\\Foundation\\Http\\Middleware\\TransformsRequest.php(21): Illuminate\\Pipeline\\Pipeline->{closure:{closure:Illuminate\\Pipeline\\Pipeline::carry():183}:184}(Object(Illuminate\\Http\\Request))
#55 C:\\laragon\\www\\laravel-skill-test\\vendor\\laravel\\framework\\src\\Illuminate\\Foundation\\Http\\Middleware\\TrimStrings.php(51): Illuminate\\Foundation\\Http\\Middleware\\TransformsRequest->handle(Object(Illuminate\\Http\\Request), Object(Closure))
#56 C:\\laragon\\www\\laravel-skill-test\\vendor\\laravel\\framework\\src\\Illuminate\\Pipeline\\Pipeline.php(208): Illuminate\\Foundation\\Http\\Middleware\\TrimStrings->handle(Object(Illuminate\\Http\\Request), Object(Closure))
#57 C:\\laragon\\www\\laravel-skill-test\\vendor\\laravel\\framework\\src\\Illuminate\\Http\\Middleware\\ValidatePostSize.php(27): Illuminate\\Pipeline\\Pipeline->{closure:{closure:Illuminate\\Pipeline\\Pipeline::carry():183}:184}(Object(Illuminate\\Http\\Request))
#58 C:\\laragon\\www\\laravel-skill-test\\vendor\\laravel\\framework\\src\\Illuminate\\Pipeline\\Pipeline.php(208): Illuminate\\Http\\Middleware\\ValidatePostSize->handle(Object(Illuminate\\Http\\Request), Object(Closure))
#59 C:\\laragon\\www\\laravel-skill-test\\vendor\\laravel\\framework\\src\\Illuminate\\Foundation\\Http\\Middleware\\PreventRequestsDuringMaintenance.php(109): Illuminate\\Pipeline\\Pipeline->{closure:{closure:Illuminate\\Pipeline\\Pipeline::carry():183}:184}(Object(Illuminate\\Http\\Request))
#60 C:\\laragon\\www\\laravel-skill-test\\vendor\\laravel\\framework\\src\\Illuminate\\Pipeline\\Pipeline.php(208): Illuminate\\Foundation\\Http\\Middleware\\PreventRequestsDuringMaintenance->handle(Object(Illuminate\\Http\\Request), Object(Closure))
#61 C:\\laragon\\www\\laravel-skill-test\\vendor\\laravel\\framework\\src\\Illuminate\\Http\\Middleware\\HandleCors.php(48): Illuminate\\Pipeline\\Pipeline->{closure:{closure:Illuminate\\Pipeline\\Pipeline::carry():183}:184}(Object(Illuminate\\Http\\Request))
#62 C:\\laragon\\www\\laravel-skill-test\\vendor\\laravel\\framework\\src\\Illuminate\\Pipeline\\Pipeline.php(208): Illuminate\\Http\\Middleware\\HandleCors->handle(Object(Illuminate\\Http\\Request), Object(Closure))
#63 C:\\laragon\\www\\laravel-skill-test\\vendor\\laravel\\framework\\src\\Illuminate\\Http\\Middleware\\TrustProxies.php(58): Illuminate\\Pipeline\\Pipeline->{closure:{closure:Illuminate\\Pipeline\\Pipeline::carry():183}:184}(Object(Illuminate\\Http\\Request))
#64 C:\\laragon\\www\\laravel-skill-test\\vendor\\laravel\\framework\\src\\Illuminate\\Pipeline\\Pipeline.php(208): Illuminate\\Http\\Middleware\\TrustProxies->handle(Object(Illuminate\\Http\\Request), Object(Closure))
#65 C:\\laragon\\www\\laravel-skill-test\\vendor\\laravel\\framework\\src\\Illuminate\\Foundation\\Http\\Middleware\\InvokeDeferredCallbacks.php(22): Illuminate\\Pipeline\\Pipeline->{closure:{closure:Illuminate\\Pipeline\\Pipeline::carry():183}:184}(Object(Illuminate\\Http\\Request))
#66 C:\\laragon\\www\\laravel-skill-test\\vendor\\laravel\\framework\\src\\Illuminate\\Pipeline\\Pipeline.php(208): Illuminate\\Foundation\\Http\\Middleware\\InvokeDeferredCallbacks->handle(Object(Illuminate\\Http\\Request), Object(Closure))
#67 C:\\laragon\\www\\laravel-skill-test\\vendor\\laravel\\framework\\src\\Illuminate\\Http\\Middleware\\ValidatePathEncoding.php(26): Illuminate\\Pipeline\\Pipeline->{closure:{closure:Illuminate\\Pipeline\\Pipeline::carry():183}:184}(Object(Illuminate\\Http\\Request))
#68 C:\\laragon\\www\\laravel-skill-test\\vendor\\laravel\\framework\\src\\Illuminate\\Pipeline\\Pipeline.php(208): Illuminate\\Http\\Middleware\\ValidatePathEncoding->handle(Object(Illuminate\\Http\\Request), Object(Closure))
#69 C:\\laragon\\www\\laravel-skill-test\\vendor\\laravel\\framework\\src\\Illuminate\\Pipeline\\Pipeline.php(126): Illuminate\\Pipeline\\Pipeline->{closure:{closure:Illuminate\\Pipeline\\Pipeline::carry():183}:184}(Object(Illuminate\\Http\\Request))
#70 C:\\laragon\\www\\laravel-skill-test\\vendor\\laravel\\framework\\src\\Illuminate\\Foundation\\Http\\Kernel.php(175): Illuminate\\Pipeline\\Pipeline->then(Object(Closure))
#71 C:\\laragon\\www\\laravel-skill-test\\vendor\\laravel\\framework\\src\\Illuminate\\Foundation\\Http\\Kernel.php(144): Illuminate\\Foundation\\Http\\Kernel->sendRequestThroughRouter(Object(Illuminate\\Http\\Request))
#72 C:\\laragon\\www\\laravel-skill-test\\vendor\\laravel\\framework\\src\\Illuminate\\Foundation\\Application.php(1219): Illuminate\\Foundation\\Http\\Kernel->handle(Object(Illuminate\\Http\\Request))
#73 C:\\laragon\\www\\laravel-skill-test\\public\\index.php(20): Illuminate\\Foundation\\Application->handleRequest(Object(Illuminate\\Http\\Request))
#74 C:\\laragon\\www\\laravel-skill-test\\vendor\\laravel\\framework\\src\\Illuminate\\Foundation\\resources\\server.php(23): require_once('C:\\\\laragon\\\\www\\\\...')
#75 {main}
"} 
[2026-02-09 05:30:50] local.ERROR: Vite manifest not found at: C:\laragon\www\laravel-skill-test\public\build/manifest.json (View: C:\laragon\www\laravel-skill-test\resources\views\app.blade.php) {"exception":"[object] (Illuminate\\View\\ViewException(code: 0): Vite manifest not found at: C:\\laragon\\www\\laravel-skill-test\\public\\build/manifest.json (View: C:\\laragon\\www\\laravel-skill-test\\resources\\views\\app.blade.php) at C:\\laragon\\www\\laravel-skill-test\\vendor\\laravel\\framework\\src\\Illuminate\\Foundation\\Vite.php:934)
[stacktrace]
#0 C:\\laragon\\www\\laravel-skill-test\\vendor\\laravel\\framework\\src\\Illuminate\\View\\Engines\\PhpEngine.php(59): Illuminate\\View\\Engines\\CompilerEngine->handleViewException(Object(Illuminate\\Foundation\\ViteManifestNotFoundException), 1)
#1 C:\\laragon\\www\\laravel-skill-test\\vendor\\laravel\\framework\\src\\Illuminate\\View\\Engines\\CompilerEngine.php(74): Illuminate\\View\\Engines\\PhpEngine->evaluatePath('C:\\\\laragon\\\\www\\\\...', Array)
#2 C:\\laragon\\www\\laravel-skill-test\\vendor\\laravel\\framework\\src\\Illuminate\\View\\View.php(208): Illuminate\\View\\Engines\\CompilerEngine->get('C:\\\\laragon\\\\www\\\\...', Array)
#3 C:\\laragon\\www\\laravel-skill-test\\vendor\\laravel\\framework\\src\\Illuminate\\View\\View.php(191): Illuminate\\View\\View->getContents()
#4 C:\\laragon\\www\\laravel-skill-test\\vendor\\laravel\\framework\\src\\Illuminate\\View\\View.php(160): Illuminate\\View\\View->renderContents()
#5 C:\\laragon\\www\\laravel-skill-test\\vendor\\laravel\\framework\\src\\Illuminate\\Http\\Response.php(78): Illuminate\\View\\View->render()
#6 C:\\laragon\\www\\laravel-skill-test\\vendor\\laravel\\framework\\src\\Illuminate\\Http\\Response.php(34): Illuminate\\Http\\Response->setContent(Object(Illuminate\\View\\View))
#7 C:\\laragon\\www\\laravel-skill-test\\vendor\\laravel\\framework\\src\\Illuminate\\Routing\\ResponseFactory.php(61): Illuminate\\Http\\Response->__construct(Object(Illuminate\\View\\View), 200, Array)
#8 C:\\laragon\\www\\laravel-skill-test\\vendor\\laravel\\framework\\src\\Illuminate\\Routing\\ResponseFactory.php(91): Illuminate\\Routing\\ResponseFactory->make(Object(Illuminate\\View\\View), 200, Array)
#9 C:\\laragon\\www\\laravel-skill-test\\vendor\\laravel\\framework\\src\\Illuminate\\Support\\Facades\\Facade.php(361): Illuminate\\Routing\\ResponseFactory->view('app', Array)
#10 C:\\laragon\\www\\laravel-skill-test\\vendor\\inertiajs\\inertia-laravel\\src\\Response.php(126): Illuminate\\Support\\Facades\\Facade::__callStatic('view', Array)
#11 C:\\laragon\\www\\laravel-skill-test\\vendor\\laravel\\framework\\src\\Illuminate\\Routing\\Router.php(906): Inertia\\Response->toResponse(Object(Illuminate\\Http\\Request))
#12 C:\\laragon\\www\\laravel-skill-test\\vendor\\laravel\\framework\\src\\Illuminate\\Routing\\Router.php(891): Illuminate\\Routing\\Router::toResponse(Object(Illuminate\\Http\\Request), Object(Inertia\\Response))
#13 C:\\laragon\\www\\laravel-skill-test\\vendor\\laravel\\framework\\src\\Illuminate\\Routing\\Router.php(807): Illuminate\\Routing\\Router->prepareResponse(Object(Illuminate\\Http\\Request), Object(Inertia\\Response))
#14 C:\\laragon\\www\\laravel-skill-test\\vendor\\laravel\\framework\\src\\Illuminate\\Pipeline\\Pipeline.php(169): Illuminate\\Routing\\Router->{closure:Illuminate\\Routing\\Router::runRouteWithinStack():807}(Object(Illuminate\\Http\\Request))
#15 C:\\laragon\\www\\laravel-skill-test\\vendor\\laravel\\framework\\src\\Illuminate\\Auth\\Middleware\\RedirectIfAuthenticated.php(35): Illuminate\\Pipeline\\Pipeline->{closure:Illuminate\\Pipeline\\Pipeline::prepareDestination():167}(Object(Illuminate\\Http\\Request))
#16 C:\\laragon\\www\\laravel-skill-test\\vendor\\laravel\\framework\\src\\Illuminate\\Pipeline\\Pipeline.php(208): Illuminate\\Auth\\Middleware\\RedirectIfAuthenticated->handle(Object(Illuminate\\Http\\Request), Object(Closure))
#17 C:\\laragon\\www\\laravel-skill-test\\vendor\\barryvdh\\laravel-debugbar\\src\\Middleware\\InjectDebugbar.php(66): Illuminate\\Pipeline\\Pipeline->{closure:{closure:Illuminate\\Pipeline\\Pipeline::carry():183}:184}(Object(Illuminate\\Http\\Request))
#18 C:\\laragon\\www\\laravel-skill-test\\vendor\\laravel\\framework\\src\\Illuminate\\Pipeline\\Pipeline.php(208): Barryvdh\\Debugbar\\Middleware\\InjectDebugbar->handle(Object(Illuminate\\Http\\Request), Object(Closure))
#19 C:\\laragon\\www\\laravel-skill-test\\vendor\\laravel\\framework\\src\\Illuminate\\Http\\Middleware\\AddLinkHeadersForPreloadedAssets.php(32): Illuminate\\Pipeline\\Pipeline->{closure:{closure:Illuminate\\Pipeline\\Pipeline::carry():183}:184}(Object(Illuminate\\Http\\Request))
#20 C:\\laragon\\www\\laravel-skill-test\\vendor\\laravel\\framework\\src\\Illuminate\\Pipeline\\Pipeline.php(208): Illuminate\\Http\\Middleware\\AddLinkHeadersForPreloadedAssets->handle(Object(Illuminate\\Http\\Request), Object(Closure))
#21 C:\\laragon\\www\\laravel-skill-test\\vendor\\inertiajs\\inertia-laravel\\src\\Middleware.php(86): Illuminate\\Pipeline\\Pipeline->{closure:{closure:Illuminate\\Pipeline\\Pipeline::carry():183}:184}(Object(Illuminate\\Http\\Request))
#22 C:\\laragon\\www\\laravel-skill-test\\vendor\\laravel\\framework\\src\\Illuminate\\Pipeline\\Pipeline.php(208): Inertia\\Middleware->handle(Object(Illuminate\\Http\\Request), Object(Closure))
#23 C:\\laragon\\www\\laravel-skill-test\\app\\Http\\Middleware\\HandleAppearance.php(21): Illuminate\\Pipeline\\Pipeline->{closure:{closure:Illuminate\\Pipeline\\Pipeline::carry():183}:184}(Object(Illuminate\\Http\\Request))
#24 C:\\laragon\\www\\laravel-skill-test\\vendor\\laravel\\framework\\src\\Illuminate\\Pipeline\\Pipeline.php(208): App\\Http\\Middleware\\HandleAppearance->handle(Object(Illuminate\\Http\\Request), Object(Closure))
#25 C:\\laragon\\www\\laravel-skill-test\\vendor\\laravel\\framework\\src\\Illuminate\\Routing\\Middleware\\SubstituteBindings.php(50): Illuminate\\Pipeline\\Pipeline->{closure:{closure:Illuminate\\Pipeline\\Pipeline::carry():183}:184}(Object(Illuminate\\Http\\Request))
#26 C:\\laragon\\www\\laravel-skill-test\\vendor\\laravel\\framework\\src\\Illuminate\\Pipeline\\Pipeline.php(208): Illuminate\\Routing\\Middleware\\SubstituteBindings->handle(Object(Illuminate\\Http\\Request), Object(Closure))
#27 C:\\laragon\\www\\laravel-skill-test\\vendor\\laravel\\framework\\src\\Illuminate\\Foundation\\Http\\Middleware\\VerifyCsrfToken.php(87): Illuminate\\Pipeline\\Pipeline->{closure:{closure:Illuminate\\Pipeline\\Pipeline::carry():183}:184}(Object(Illuminate\\Http\\Request))
#28 C:\\laragon\\www\\laravel-skill-test\\vendor\\laravel\\framework\\src\\Illuminate\\Pipeline\\Pipeline.php(208): Illuminate\\Foundation\\Http\\Middleware\\VerifyCsrfToken->handle(Object(Illuminate\\Http\\Request), Object(Closure))
#29 C:\\laragon\\www\\laravel-skill-test\\vendor\\laravel\\framework\\src\\Illuminate\\View\\Middleware\\ShareErrorsFromSession.php(48): Illuminate\\Pipeline\\Pipeline->{closure:{closure:Illuminate\\Pipeline\\Pipeline::carry():183}:184}(Object(Illuminate\\Http\\Request))
#30 C:\\laragon\\www\\laravel-skill-test\\vendor\\laravel\\framework\\src\\Illuminate\\Pipeline\\Pipeline.php(208): Illuminate\\View\\Middleware\\ShareErrorsFromSession->handle(Object(Illuminate\\Http\\Request), Object(Closure))
#31 C:\\laragon\\www\\laravel-skill-test\\vendor\\laravel\\framework\\src\\Illuminate\\Session\\Middleware\\StartSession.php(120): Illuminate\\Pipeline\\Pipeline->{closure:{closure:Illuminate\\Pipeline\\Pipeline::carry():183}:184}(Object(Illuminate\\Http\\Request))
#32 C:\\laragon\\www\\laravel-skill-test\\vendor\\laravel\\framework\\src\\Illuminate\\Session\\Middleware\\StartSession.php(63): Illuminate\\Session\\Middleware\\StartSession->handleStatefulRequest(Object(Illuminate\\Http\\Request), Object(Illuminate\\Session\\Store), Object(Closure))
#33 C:\\laragon\\www\\laravel-skill-test\\vendor\\laravel\\framework\\src\\Illuminate\\Pipeline\\Pipeline.php(208): Illuminate\\Session\\Middleware\\StartSession->handle(Object(Illuminate\\Http\\Request), Object(Closure))
#34 C:\\laragon\\www\\laravel-skill-test\\vendor\\laravel\\framework\\src\\Illuminate\\Cookie\\Middleware\\AddQueuedCookiesToResponse.php(36): Illuminate\\Pipeline\\Pipeline->{closure:{closure:Illuminate\\Pipeline\\Pipeline::carry():183}:184}(Object(Illuminate\\Http\\Request))
#35 C:\\laragon\\www\\laravel-skill-test\\vendor\\laravel\\framework\\src\\Illuminate\\Pipeline\\Pipeline.php(208): Illuminate\\Cookie\\Middleware\\AddQueuedCookiesToResponse->handle(Object(Illuminate\\Http\\Request), Object(Closure))
#36 C:\\laragon\\www\\laravel-skill-test\\vendor\\laravel\\framework\\src\\Illuminate\\Cookie\\Middleware\\EncryptCookies.php(74): Illuminate\\Pipeline\\Pipeline->{closure:{closure:Illuminate\\Pipeline\\Pipeline::carry():183}:184}(Object(Illuminate\\Http\\Request))
#37 C:\\laragon\\www\\laravel-skill-test\\vendor\\laravel\\framework\\src\\Illuminate\\Pipeline\\Pipeline.php(208): Illuminate\\Cookie\\Middleware\\EncryptCookies->handle(Object(Illuminate\\Http\\Request), Object(Closure))
#38 C:\\laragon\\www\\laravel-skill-test\\vendor\\laravel\\framework\\src\\Illuminate\\Pipeline\\Pipeline.php(126): Illuminate\\Pipeline\\Pipeline->{closure:{closure:Illuminate\\Pipeline\\Pipeline::carry():183}:184}(Object(Illuminate\\Http\\Request))
#39 C:\\laragon\\www\\laravel-skill-test\\vendor\\laravel\\framework\\src\\Illuminate\\Routing\\Router.php(807): Illuminate\\Pipeline\\Pipeline->then(Object(Closure))
#40 C:\\laragon\\www\\laravel-skill-test\\vendor\\laravel\\framework\\src\\Illuminate\\Routing\\Router.php(786): Illuminate\\Routing\\Router->runRouteWithinStack(Object(Illuminate\\Routing\\Route), Object(Illuminate\\Http\\Request))
#41 C:\\laragon\\www\\laravel-skill-test\\vendor\\laravel\\framework\\src\\Illuminate\\Routing\\Router.php(750): Illuminate\\Routing\\Router->runRoute(Object(Illuminate\\Http\\Request), Object(Illuminate\\Routing\\Route))
#42 C:\\laragon\\www\\laravel-skill-test\\vendor\\laravel\\framework\\src\\Illuminate\\Routing\\Router.php(739): Illuminate\\Routing\\Router->dispatchToRoute(Object(Illuminate\\Http\\Request))
#43 C:\\laragon\\www\\laravel-skill-test\\vendor\\laravel\\framework\\src\\Illuminate\\Foundation\\Http\\Kernel.php(200): Illuminate\\Routing\\Router->dispatch(Object(Illuminate\\Http\\Request))
#44 C:\\laragon\\www\\laravel-skill-test\\vendor\\laravel\\framework\\src\\Illuminate\\Pipeline\\Pipeline.php(169): Illuminate\\Foundation\\Http\\Kernel->{closure:Illuminate\\Foundation\\Http\\Kernel::dispatchToRouter():197}(Object(Illuminate\\Http\\Request))
#45 C:\\laragon\\www\\laravel-skill-test\\vendor\\barryvdh\\laravel-debugbar\\src\\Middleware\\InjectDebugbar.php(66): Illuminate\\Pipeline\\Pipeline->{closure:Illuminate\\Pipeline\\Pipeline::prepareDestination():167}(Object(Illuminate\\Http\\Request))
#46 C:\\laragon\\www\\laravel-skill-test\\vendor\\laravel\\framework\\src\\Illuminate\\Pipeline\\Pipeline.php(208): Barryvdh\\Debugbar\\Middleware\\InjectDebugbar->handle(Object(Illuminate\\Http\\Request), Object(Closure))
#47 C:\\laragon\\www\\laravel-skill-test\\vendor\\laravel\\framework\\src\\Illuminate\\Foundation\\Http\\Middleware\\TransformsRequest.php(21): Illuminate\\Pipeline\\Pipeline->{closure:{closure:Illuminate\\Pipeline\\Pipeline::carry():183}:184}(Object(Illuminate\\Http\\Request))
#48 C:\\laragon\\www\\laravel-skill-test\\vendor\\laravel\\framework\\src\\Illuminate\\Foundation\\Http\\Middleware\\ConvertEmptyStringsToNull.php(31): Illuminate\\Foundation\\Http\\Middleware\\TransformsRequest->handle(Object(Illuminate\\Http\\Request), Object(Closure))
#49 C:\\laragon\\www\\laravel-skill-test\\vendor\\laravel\\framework\\src\\Illuminate\\Pipeline\\Pipeline.php(208): Illuminate\\Foundation\\Http\\Middleware\\ConvertEmptyStringsToNull->handle(Object(Illuminate\\Http\\Request), Object(Closure))
#50 C:\\laragon\\www\\laravel-skill-test\\vendor\\laravel\\framework\\src\\Illuminate\\Foundation\\Http\\Middleware\\TransformsRequest.php(21): Illuminate\\Pipeline\\Pipeline->{closure:{closure:Illuminate\\Pipeline\\Pipeline::carry():183}:184}(Object(Illuminate\\Http\\Request))
#51 C:\\laragon\\www\\laravel-skill-test\\vendor\\laravel\\framework\\src\\Illuminate\\Foundation\\Http\\Middleware\\TrimStrings.php(51): Illuminate\\Foundation\\Http\\Middleware\\TransformsRequest->handle(Object(Illuminate\\Http\\Request), Object(Closure))
#52 C:\\laragon\\www\\laravel-skill-test\\vendor\\laravel\\framework\\src\\Illuminate\\Pipeline\\Pipeline.php(208): Illuminate\\Foundation\\Http\\Middleware\\TrimStrings->handle(Object(Illuminate\\Http\\Request), Object(Closure))
#53 C:\\laragon\\www\\laravel-skill-test\\vendor\\laravel\\framework\\src\\Illuminate\\Http\\Middleware\\ValidatePostSize.php(27): Illuminate\\Pipeline\\Pipeline->{closure:{closure:Illuminate\\Pipeline\\Pipeline::carry():183}:184}(Object(Illuminate\\Http\\Request))
#54 C:\\laragon\\www\\laravel-skill-test\\vendor\\laravel\\framework\\src\\Illuminate\\Pipeline\\Pipeline.php(208): Illuminate\\Http\\Middleware\\ValidatePostSize->handle(Object(Illuminate\\Http\\Request), Object(Closure))
#55 C:\\laragon\\www\\laravel-skill-test\\vendor\\laravel\\framework\\src\\Illuminate\\Foundation\\Http\\Middleware\\PreventRequestsDuringMaintenance.php(109): Illuminate\\Pipeline\\Pipeline->{closure:{closure:Illuminate\\Pipeline\\Pipeline::carry():183}:184}(Object(Illuminate\\Http\\Request))
#56 C:\\laragon\\www\\laravel-skill-test\\vendor\\laravel\\framework\\src\\Illuminate\\Pipeline\\Pipeline.php(208): Illuminate\\Foundation\\Http\\Middleware\\PreventRequestsDuringMaintenance->handle(Object(Illuminate\\Http\\Request), Object(Closure))
#57 C:\\laragon\\www\\laravel-skill-test\\vendor\\laravel\\framework\\src\\Illuminate\\Http\\Middleware\\HandleCors.php(48): Illuminate\\Pipeline\\Pipeline->{closure:{closure:Illuminate\\Pipeline\\Pipeline::carry():183}:184}(Object(Illuminate\\Http\\Request))
#58 C:\\laragon\\www\\laravel-skill-test\\vendor\\laravel\\framework\\src\\Illuminate\\Pipeline\\Pipeline.php(208): Illuminate\\Http\\Middleware\\HandleCors->handle(Object(Illuminate\\Http\\Request), Object(Closure))
#59 C:\\laragon\\www\\laravel-skill-test\\vendor\\laravel\\framework\\src\\Illuminate\\Http\\Middleware\\TrustProxies.php(58): Illuminate\\Pipeline\\Pipeline->{closure:{closure:Illuminate\\Pipeline\\Pipeline::carry():183}:184}(Object(Illuminate\\Http\\Request))
#60 C:\\laragon\\www\\laravel-skill-test\\vendor\\laravel\\framework\\src\\Illuminate\\Pipeline\\Pipeline.php(208): Illuminate\\Http\\Middleware\\TrustProxies->handle(Object(Illuminate\\Http\\Request), Object(Closure))
#61 C:\\laragon\\www\\laravel-skill-test\\vendor\\laravel\\framework\\src\\Illuminate\\Foundation\\Http\\Middleware\\InvokeDeferredCallbacks.php(22): Illuminate\\Pipeline\\Pipeline->{closure:{closure:Illuminate\\Pipeline\\Pipeline::carry():183}:184}(Object(Illuminate\\Http\\Request))
#62 C:\\laragon\\www\\laravel-skill-test\\vendor\\laravel\\framework\\src\\Illuminate\\Pipeline\\Pipeline.php(208): Illuminate\\Foundation\\Http\\Middleware\\InvokeDeferredCallbacks->handle(Object(Illuminate\\Http\\Request), Object(Closure))
#63 C:\\laragon\\www\\laravel-skill-test\\vendor\\laravel\\framework\\src\\Illuminate\\Http\\Middleware\\ValidatePathEncoding.php(26): Illuminate\\Pipeline\\Pipeline->{closure:{closure:Illuminate\\Pipeline\\Pipeline::carry():183}:184}(Object(Illuminate\\Http\\Request))
#64 C:\\laragon\\www\\laravel-skill-test\\vendor\\laravel\\framework\\src\\Illuminate\\Pipeline\\Pipeline.php(208): Illuminate\\Http\\Middleware\\ValidatePathEncoding->handle(Object(Illuminate\\Http\\Request), Object(Closure))
#65 C:\\laragon\\www\\laravel-skill-test\\vendor\\laravel\\framework\\src\\Illuminate\\Pipeline\\Pipeline.php(126): Illuminate\\Pipeline\\Pipeline->{closure:{closure:Illuminate\\Pipeline\\Pipeline::carry():183}:184}(Object(Illuminate\\Http\\Request))
#66 C:\\laragon\\www\\laravel-skill-test\\vendor\\laravel\\framework\\src\\Illuminate\\Foundation\\Http\\Kernel.php(175): Illuminate\\Pipeline\\Pipeline->then(Object(Closure))
#67 C:\\laragon\\www\\laravel-skill-test\\vendor\\laravel\\framework\\src\\Illuminate\\Foundation\\Http\\Kernel.php(144): Illuminate\\Foundation\\Http\\Kernel->sendRequestThroughRouter(Object(Illuminate\\Http\\Request))
#68 C:\\laragon\\www\\laravel-skill-test\\vendor\\laravel\\framework\\src\\Illuminate\\Foundation\\Application.php(1219): Illuminate\\Foundation\\Http\\Kernel->handle(Object(Illuminate\\Http\\Request))
#69 C:\\laragon\\www\\laravel-skill-test\\public\\index.php(20): Illuminate\\Foundation\\Application->handleRequest(Object(Illuminate\\Http\\Request))
#70 C:\\laragon\\www\\laravel-skill-test\\vendor\\laravel\\framework\\src\\Illuminate\\Foundation\\resources\\server.php(23): require_once('C:\\\\laragon\\\\www\\\\...')
#71 {main}

[previous exception] [object] (Illuminate\\Foundation\\ViteManifestNotFoundException(code: 0): Vite manifest not found at: C:\\laragon\\www\\laravel-skill-test\\public\\build/manifest.json at C:\\laragon\\www\\laravel-skill-test\\vendor\\laravel\\framework\\src\\Illuminate\\Foundation\\Vite.php:934)
[stacktrace]
#0 C:\\laragon\\www\\laravel-skill-test\\vendor\\laravel\\framework\\src\\Illuminate\\Foundation\\Vite.php(384): Illuminate\\Foundation\\Vite->manifest('build')
#1 C:\\laragon\\www\\laravel-skill-test\\storage\\framework\\views\\db2f67760d49a9664cfc56e3191ad150.php(40): Illuminate\\Foundation\\Vite->__invoke(Object(Illuminate\\Support\\Collection))
#2 C:\\laragon\\www\\laravel-skill-test\\vendor\\laravel\\framework\\src\\Illuminate\\Filesystem\\Filesystem.php(123): require('C:\\\\laragon\\\\www\\\\...')
#3 C:\\laragon\\www\\laravel-skill-test\\vendor\\laravel\\framework\\src\\Illuminate\\Filesystem\\Filesystem.php(124): Illuminate\\Filesystem\\Filesystem::{closure:Illuminate\\Filesystem\\Filesystem::getRequire():120}()
#4 C:\\laragon\\www\\laravel-skill-test\\vendor\\laravel\\framework\\src\\Illuminate\\View\\Engines\\PhpEngine.php(57): Illuminate\\Filesystem\\Filesystem->getRequire('C:\\\\laragon\\\\www\\\\...', Array)
#5 C:\\laragon\\www\\laravel-skill-test\\vendor\\laravel\\framework\\src\\Illuminate\\View\\Engines\\CompilerEngine.php(74): Illuminate\\View\\Engines\\PhpEngine->evaluatePath('C:\\\\laragon\\\\www\\\\...', Array)
#6 C:\\laragon\\www\\laravel-skill-test\\vendor\\laravel\\framework\\src\\Illuminate\\View\\View.php(208): Illuminate\\View\\Engines\\CompilerEngine->get('C:\\\\laragon\\\\www\\\\...', Array)
#7 C:\\laragon\\www\\laravel-skill-test\\vendor\\laravel\\framework\\src\\Illuminate\\View\\View.php(191): Illuminate\\View\\View->getContents()
#8 C:\\laragon\\www\\laravel-skill-test\\vendor\\laravel\\framework\\src\\Illuminate\\View\\View.php(160): Illuminate\\View\\View->renderContents()
#9 C:\\laragon\\www\\laravel-skill-test\\vendor\\laravel\\framework\\src\\Illuminate\\Http\\Response.php(78): Illuminate\\View\\View->render()
#10 C:\\laragon\\www\\laravel-skill-test\\vendor\\laravel\\framework\\src\\Illuminate\\Http\\Response.php(34): Illuminate\\Http\\Response->setContent(Object(Illuminate\\View\\View))
#11 C:\\laragon\\www\\laravel-skill-test\\vendor\\laravel\\framework\\src\\Illuminate\\Routing\\ResponseFactory.php(61): Illuminate\\Http\\Response->__construct(Object(Illuminate\\View\\View), 200, Array)
#12 C:\\laragon\\www\\laravel-skill-test\\vendor\\laravel\\framework\\src\\Illuminate\\Routing\\ResponseFactory.php(91): Illuminate\\Routing\\ResponseFactory->make(Object(Illuminate\\View\\View), 200, Array)
#13 C:\\laragon\\www\\laravel-skill-test\\vendor\\laravel\\framework\\src\\Illuminate\\Support\\Facades\\Facade.php(361): Illuminate\\Routing\\ResponseFactory->view('app', Array)
#14 C:\\laragon\\www\\laravel-skill-test\\vendor\\inertiajs\\inertia-laravel\\src\\Response.php(126): Illuminate\\Support\\Facades\\Facade::__callStatic('view', Array)
#15 C:\\laragon\\www\\laravel-skill-test\\vendor\\laravel\\framework\\src\\Illuminate\\Routing\\Router.php(906): Inertia\\Response->toResponse(Object(Illuminate\\Http\\Request))
#16 C:\\laragon\\www\\laravel-skill-test\\vendor\\laravel\\framework\\src\\Illuminate\\Routing\\Router.php(891): Illuminate\\Routing\\Router::toResponse(Object(Illuminate\\Http\\Request), Object(Inertia\\Response))
#17 C:\\laragon\\www\\laravel-skill-test\\vendor\\laravel\\framework\\src\\Illuminate\\Routing\\Router.php(807): Illuminate\\Routing\\Router->prepareResponse(Object(Illuminate\\Http\\Request), Object(Inertia\\Response))
#18 C:\\laragon\\www\\laravel-skill-test\\vendor\\laravel\\framework\\src\\Illuminate\\Pipeline\\Pipeline.php(169): Illuminate\\Routing\\Router->{closure:Illuminate\\Routing\\Router::runRouteWithinStack():807}(Object(Illuminate\\Http\\Request))
#19 C:\\laragon\\www\\laravel-skill-test\\vendor\\laravel\\framework\\src\\Illuminate\\Auth\\Middleware\\RedirectIfAuthenticated.php(35): Illuminate\\Pipeline\\Pipeline->{closure:Illuminate\\Pipeline\\Pipeline::prepareDestination():167}(Object(Illuminate\\Http\\Request))
#20 C:\\laragon\\www\\laravel-skill-test\\vendor\\laravel\\framework\\src\\Illuminate\\Pipeline\\Pipeline.php(208): Illuminate\\Auth\\Middleware\\RedirectIfAuthenticated->handle(Object(Illuminate\\Http\\Request), Object(Closure))
#21 C:\\laragon\\www\\laravel-skill-test\\vendor\\barryvdh\\laravel-debugbar\\src\\Middleware\\InjectDebugbar.php(66): Illuminate\\Pipeline\\Pipeline->{closure:{closure:Illuminate\\Pipeline\\Pipeline::carry():183}:184}(Object(Illuminate\\Http\\Request))
#22 C:\\laragon\\www\\laravel-skill-test\\vendor\\laravel\\framework\\src\\Illuminate\\Pipeline\\Pipeline.php(208): Barryvdh\\Debugbar\\Middleware\\InjectDebugbar->handle(Object(Illuminate\\Http\\Request), Object(Closure))
#23 C:\\laragon\\www\\laravel-skill-test\\vendor\\laravel\\framework\\src\\Illuminate\\Http\\Middleware\\AddLinkHeadersForPreloadedAssets.php(32): Illuminate\\Pipeline\\Pipeline->{closure:{closure:Illuminate\\Pipeline\\Pipeline::carry():183}:184}(Object(Illuminate\\Http\\Request))
#24 C:\\laragon\\www\\laravel-skill-test\\vendor\\laravel\\framework\\src\\Illuminate\\Pipeline\\Pipeline.php(208): Illuminate\\Http\\Middleware\\AddLinkHeadersForPreloadedAssets->handle(Object(Illuminate\\Http\\Request), Object(Closure))
#25 C:\\laragon\\www\\laravel-skill-test\\vendor\\inertiajs\\inertia-laravel\\src\\Middleware.php(86): Illuminate\\Pipeline\\Pipeline->{closure:{closure:Illuminate\\Pipeline\\Pipeline::carry():183}:184}(Object(Illuminate\\Http\\Request))
#26 C:\\laragon\\www\\laravel-skill-test\\vendor\\laravel\\framework\\src\\Illuminate\\Pipeline\\Pipeline.php(208): Inertia\\Middleware->handle(Object(Illuminate\\Http\\Request), Object(Closure))
#27 C:\\laragon\\www\\laravel-skill-test\\app\\Http\\Middleware\\HandleAppearance.php(21): Illuminate\\Pipeline\\Pipeline->{closure:{closure:Illuminate\\Pipeline\\Pipeline::carry():183}:184}(Object(Illuminate\\Http\\Request))
#28 C:\\laragon\\www\\laravel-skill-test\\vendor\\laravel\\framework\\src\\Illuminate\\Pipeline\\Pipeline.php(208): App\\Http\\Middleware\\HandleAppearance->handle(Object(Illuminate\\Http\\Request), Object(Closure))
#29 C:\\laragon\\www\\laravel-skill-test\\vendor\\laravel\\framework\\src\\Illuminate\\Routing\\Middleware\\SubstituteBindings.php(50): Illuminate\\Pipeline\\Pipeline->{closure:{closure:Illuminate\\Pipeline\\Pipeline::carry():183}:184}(Object(Illuminate\\Http\\Request))
#30 C:\\laragon\\www\\laravel-skill-test\\vendor\\laravel\\framework\\src\\Illuminate\\Pipeline\\Pipeline.php(208): Illuminate\\Routing\\Middleware\\SubstituteBindings->handle(Object(Illuminate\\Http\\Request), Object(Closure))
#31 C:\\laragon\\www\\laravel-skill-test\\vendor\\laravel\\framework\\src\\Illuminate\\Foundation\\Http\\Middleware\\VerifyCsrfToken.php(87): Illuminate\\Pipeline\\Pipeline->{closure:{closure:Illuminate\\Pipeline\\Pipeline::carry():183}:184}(Object(Illuminate\\Http\\Request))
#32 C:\\laragon\\www\\laravel-skill-test\\vendor\\laravel\\framework\\src\\Illuminate\\Pipeline\\Pipeline.php(208): Illuminate\\Foundation\\Http\\Middleware\\VerifyCsrfToken->handle(Object(Illuminate\\Http\\Request), Object(Closure))
#33 C:\\laragon\\www\\laravel-skill-test\\vendor\\laravel\\framework\\src\\Illuminate\\View\\Middleware\\ShareErrorsFromSession.php(48): Illuminate\\Pipeline\\Pipeline->{closure:{closure:Illuminate\\Pipeline\\Pipeline::carry():183}:184}(Object(Illuminate\\Http\\Request))
#34 C:\\laragon\\www\\laravel-skill-test\\vendor\\laravel\\framework\\src\\Illuminate\\Pipeline\\Pipeline.php(208): Illuminate\\View\\Middleware\\ShareErrorsFromSession->handle(Object(Illuminate\\Http\\Request), Object(Closure))
#35 C:\\laragon\\www\\laravel-skill-test\\vendor\\laravel\\framework\\src\\Illuminate\\Session\\Middleware\\StartSession.php(120): Illuminate\\Pipeline\\Pipeline->{closure:{closure:Illuminate\\Pipeline\\Pipeline::carry():183}:184}(Object(Illuminate\\Http\\Request))
#36 C:\\laragon\\www\\laravel-skill-test\\vendor\\laravel\\framework\\src\\Illuminate\\Session\\Middleware\\StartSession.php(63): Illuminate\\Session\\Middleware\\StartSession->handleStatefulRequest(Object(Illuminate\\Http\\Request), Object(Illuminate\\Session\\Store), Object(Closure))
#37 C:\\laragon\\www\\laravel-skill-test\\vendor\\laravel\\framework\\src\\Illuminate\\Pipeline\\Pipeline.php(208): Illuminate\\Session\\Middleware\\StartSession->handle(Object(Illuminate\\Http\\Request), Object(Closure))
#38 C:\\laragon\\www\\laravel-skill-test\\vendor\\laravel\\framework\\src\\Illuminate\\Cookie\\Middleware\\AddQueuedCookiesToResponse.php(36): Illuminate\\Pipeline\\Pipeline->{closure:{closure:Illuminate\\Pipeline\\Pipeline::carry():183}:184}(Object(Illuminate\\Http\\Request))
#39 C:\\laragon\\www\\laravel-skill-test\\vendor\\laravel\\framework\\src\\Illuminate\\Pipeline\\Pipeline.php(208): Illuminate\\Cookie\\Middleware\\AddQueuedCookiesToResponse->handle(Object(Illuminate\\Http\\Request), Object(Closure))
#40 C:\\laragon\\www\\laravel-skill-test\\vendor\\laravel\\framework\\src\\Illuminate\\Cookie\\Middleware\\EncryptCookies.php(74): Illuminate\\Pipeline\\Pipeline->{closure:{closure:Illuminate\\Pipeline\\Pipeline::carry():183}:184}(Object(Illuminate\\Http\\Request))
#41 C:\\laragon\\www\\laravel-skill-test\\vendor\\laravel\\framework\\src\\Illuminate\\Pipeline\\Pipeline.php(208): Illuminate\\Cookie\\Middleware\\EncryptCookies->handle(Object(Illuminate\\Http\\Request), Object(Closure))
#42 C:\\laragon\\www\\laravel-skill-test\\vendor\\laravel\\framework\\src\\Illuminate\\Pipeline\\Pipeline.php(126): Illuminate\\Pipeline\\Pipeline->{closure:{closure:Illuminate\\Pipeline\\Pipeline::carry():183}:184}(Object(Illuminate\\Http\\Request))
#43 C:\\laragon\\www\\laravel-skill-test\\vendor\\laravel\\framework\\src\\Illuminate\\Routing\\Router.php(807): Illuminate\\Pipeline\\Pipeline->then(Object(Closure))
#44 C:\\laragon\\www\\laravel-skill-test\\vendor\\laravel\\framework\\src\\Illuminate\\Routing\\Router.php(786): Illuminate\\Routing\\Router->runRouteWithinStack(Object(Illuminate\\Routing\\Route), Object(Illuminate\\Http\\Request))
#45 C:\\laragon\\www\\laravel-skill-test\\vendor\\laravel\\framework\\src\\Illuminate\\Routing\\Router.php(750): Illuminate\\Routing\\Router->runRoute(Object(Illuminate\\Http\\Request), Object(Illuminate\\Routing\\Route))
#46 C:\\laragon\\www\\laravel-skill-test\\vendor\\laravel\\framework\\src\\Illuminate\\Routing\\Router.php(739): Illuminate\\Routing\\Router->dispatchToRoute(Object(Illuminate\\Http\\Request))
#47 C:\\laragon\\www\\laravel-skill-test\\vendor\\laravel\\framework\\src\\Illuminate\\Foundation\\Http\\Kernel.php(200): Illuminate\\Routing\\Router->dispatch(Object(Illuminate\\Http\\Request))
#48 C:\\laragon\\www\\laravel-skill-test\\vendor\\laravel\\framework\\src\\Illuminate\\Pipeline\\Pipeline.php(169): Illuminate\\Foundation\\Http\\Kernel->{closure:Illuminate\\Foundation\\Http\\Kernel::dispatchToRouter():197}(Object(Illuminate\\Http\\Request))
#49 C:\\laragon\\www\\laravel-skill-test\\vendor\\barryvdh\\laravel-debugbar\\src\\Middleware\\InjectDebugbar.php(66): Illuminate\\Pipeline\\Pipeline->{closure:Illuminate\\Pipeline\\Pipeline::prepareDestination():167}(Object(Illuminate\\Http\\Request))
#50 C:\\laragon\\www\\laravel-skill-test\\vendor\\laravel\\framework\\src\\Illuminate\\Pipeline\\Pipeline.php(208): Barryvdh\\Debugbar\\Middleware\\InjectDebugbar->handle(Object(Illuminate\\Http\\Request), Object(Closure))
#51 C:\\laragon\\www\\laravel-skill-test\\vendor\\laravel\\framework\\src\\Illuminate\\Foundation\\Http\\Middleware\\TransformsRequest.php(21): Illuminate\\Pipeline\\Pipeline->{closure:{closure:Illuminate\\Pipeline\\Pipeline::carry():183}:184}(Object(Illuminate\\Http\\Request))
#52 C:\\laragon\\www\\laravel-skill-test\\vendor\\laravel\\framework\\src\\Illuminate\\Foundation\\Http\\Middleware\\ConvertEmptyStringsToNull.php(31): Illuminate\\Foundation\\Http\\Middleware\\TransformsRequest->handle(Object(Illuminate\\Http\\Request), Object(Closure))
#53 C:\\laragon\\www\\laravel-skill-test\\vendor\\laravel\\framework\\src\\Illuminate\\Pipeline\\Pipeline.php(208): Illuminate\\Foundation\\Http\\Middleware\\ConvertEmptyStringsToNull->handle(Object(Illuminate\\Http\\Request), Object(Closure))
#54 C:\\laragon\\www\\laravel-skill-test\\vendor\\laravel\\framework\\src\\Illuminate\\Foundation\\Http\\Middleware\\TransformsRequest.php(21): Illuminate\\Pipeline\\Pipeline->{closure:{closure:Illuminate\\Pipeline\\Pipeline::carry():183}:184}(Object(Illuminate\\Http\\Request))
#55 C:\\laragon\\www\\laravel-skill-test\\vendor\\laravel\\framework\\src\\Illuminate\\Foundation\\Http\\Middleware\\TrimStrings.php(51): Illuminate\\Foundation\\Http\\Middleware\\TransformsRequest->handle(Object(Illuminate\\Http\\Request), Object(Closure))
#56 C:\\laragon\\www\\laravel-skill-test\\vendor\\laravel\\framework\\src\\Illuminate\\Pipeline\\Pipeline.php(208): Illuminate\\Foundation\\Http\\Middleware\\TrimStrings->handle(Object(Illuminate\\Http\\Request), Object(Closure))
#57 C:\\laragon\\www\\laravel-skill-test\\vendor\\laravel\\framework\\src\\Illuminate\\Http\\Middleware\\ValidatePostSize.php(27): Illuminate\\Pipeline\\Pipeline->{closure:{closure:Illuminate\\Pipeline\\Pipeline::carry():183}:184}(Object(Illuminate\\Http\\Request))
#58 C:\\laragon\\www\\laravel-skill-test\\vendor\\laravel\\framework\\src\\Illuminate\\Pipeline\\Pipeline.php(208): Illuminate\\Http\\Middleware\\ValidatePostSize->handle(Object(Illuminate\\Http\\Request), Object(Closure))
#59 C:\\laragon\\www\\laravel-skill-test\\vendor\\laravel\\framework\\src\\Illuminate\\Foundation\\Http\\Middleware\\PreventRequestsDuringMaintenance.php(109): Illuminate\\Pipeline\\Pipeline->{closure:{closure:Illuminate\\Pipeline\\Pipeline::carry():183}:184}(Object(Illuminate\\Http\\Request))
#60 C:\\laragon\\www\\laravel-skill-test\\vendor\\laravel\\framework\\src\\Illuminate\\Pipeline\\Pipeline.php(208): Illuminate\\Foundation\\Http\\Middleware\\PreventRequestsDuringMaintenance->handle(Object(Illuminate\\Http\\Request), Object(Closure))
#61 C:\\laragon\\www\\laravel-skill-test\\vendor\\laravel\\framework\\src\\Illuminate\\Http\\Middleware\\HandleCors.php(48): Illuminate\\Pipeline\\Pipeline->{closure:{closure:Illuminate\\Pipeline\\Pipeline::carry():183}:184}(Object(Illuminate\\Http\\Request))
#62 C:\\laragon\\www\\laravel-skill-test\\vendor\\laravel\\framework\\src\\Illuminate\\Pipeline\\Pipeline.php(208): Illuminate\\Http\\Middleware\\HandleCors->handle(Object(Illuminate\\Http\\Request), Object(Closure))
#63 C:\\laragon\\www\\laravel-skill-test\\vendor\\laravel\\framework\\src\\Illuminate\\Http\\Middleware\\TrustProxies.php(58): Illuminate\\Pipeline\\Pipeline->{closure:{closure:Illuminate\\Pipeline\\Pipeline::carry():183}:184}(Object(Illuminate\\Http\\Request))
#64 C:\\laragon\\www\\laravel-skill-test\\vendor\\laravel\\framework\\src\\Illuminate\\Pipeline\\Pipeline.php(208): Illuminate\\Http\\Middleware\\TrustProxies->handle(Object(Illuminate\\Http\\Request), Object(Closure))
#65 C:\\laragon\\www\\laravel-skill-test\\vendor\\laravel\\framework\\src\\Illuminate\\Foundation\\Http\\Middleware\\InvokeDeferredCallbacks.php(22): Illuminate\\Pipeline\\Pipeline->{closure:{closure:Illuminate\\Pipeline\\Pipeline::carry():183}:184}(Object(Illuminate\\Http\\Request))
#66 C:\\laragon\\www\\laravel-skill-test\\vendor\\laravel\\framework\\src\\Illuminate\\Pipeline\\Pipeline.php(208): Illuminate\\Foundation\\Http\\Middleware\\InvokeDeferredCallbacks->handle(Object(Illuminate\\Http\\Request), Object(Closure))
#67 C:\\laragon\\www\\laravel-skill-test\\vendor\\laravel\\framework\\src\\Illuminate\\Http\\Middleware\\ValidatePathEncoding.php(26): Illuminate\\Pipeline\\Pipeline->{closure:{closure:Illuminate\\Pipeline\\Pipeline::carry():183}:184}(Object(Illuminate\\Http\\Request))
#68 C:\\laragon\\www\\laravel-skill-test\\vendor\\laravel\\framework\\src\\Illuminate\\Pipeline\\Pipeline.php(208): Illuminate\\Http\\Middleware\\ValidatePathEncoding->handle(Object(Illuminate\\Http\\Request), Object(Closure))
#69 C:\\laragon\\www\\laravel-skill-test\\vendor\\laravel\\framework\\src\\Illuminate\\Pipeline\\Pipeline.php(126): Illuminate\\Pipeline\\Pipeline->{closure:{closure:Illuminate\\Pipeline\\Pipeline::carry():183}:184}(Object(Illuminate\\Http\\Request))
#70 C:\\laragon\\www\\laravel-skill-test\\vendor\\laravel\\framework\\src\\Illuminate\\Foundation\\Http\\Kernel.php(175): Illuminate\\Pipeline\\Pipeline->then(Object(Closure))
#71 C:\\laragon\\www\\laravel-skill-test\\vendor\\laravel\\framework\\src\\Illuminate\\Foundation\\Http\\Kernel.php(144): Illuminate\\Foundation\\Http\\Kernel->sendRequestThroughRouter(Object(Illuminate\\Http\\Request))
#72 C:\\laragon\\www\\laravel-skill-test\\vendor\\laravel\\framework\\src\\Illuminate\\Foundation\\Application.php(1219): Illuminate\\Foundation\\Http\\Kernel->handle(Object(Illuminate\\Http\\Request))
#73 C:\\laragon\\www\\laravel-skill-test\\public\\index.php(20): Illuminate\\Foundation\\Application->handleRequest(Object(Illuminate\\Http\\Request))
#74 C:\\laragon\\www\\laravel-skill-test\\vendor\\laravel\\framework\\src\\Illuminate\\Foundation\\resources\\server.php(23): require_once('C:\\\\laragon\\\\www\\\\...')
#75 {main}
"} 
[2026-02-09 06:12:29] local.ERROR: __VSCODE_LARAVEL_STARTUP_ERROR__: Undefined variable $middleware {"exception":"[object] (Error(code: 0): __VSCODE_LARAVEL_STARTUP_ERROR__: Undefined variable $middleware at C:\\laragon\\www\\laravel-skill-test\\vendor\\_laravel_ide\\discover-f5442aeac73a6a9021bd7ce113d6a606.php:33)
[stacktrace]
#0 C:\\laragon\\www\\laravel-skill-test\\vendor\\_laravel_ide\\discover-f5442aeac73a6a9021bd7ce113d6a606.php(62): LaravelVsCode::startupError(Object(ErrorException))
#1 {main}
"} 
[2026-02-09 06:12:32] local.ERROR: Undefined variable $middleware {"exception":"[object] (ErrorException(code: 0): Undefined variable $middleware at C:\\laragon\\www\\laravel-skill-test\\bootstrap\\app.php:27)
[stacktrace]
#0 C:\\laragon\\www\\laravel-skill-test\\vendor\\laravel\\framework\\src\\Illuminate\\Foundation\\Bootstrap\\HandleExceptions.php(256): Illuminate\\Foundation\\Bootstrap\\HandleExceptions->handleError(2, 'Undefined varia...', 'C:\\\\laragon\\\\www\\\\...', 27)
#1 C:\\laragon\\www\\laravel-skill-test\\bootstrap\\app.php(27): Illuminate\\Foundation\\Bootstrap\\HandleExceptions->{closure:Illuminate\\Foundation\\Bootstrap\\HandleExceptions::forwardsTo():255}(2, 'Undefined varia...', 'C:\\\\laragon\\\\www\\\\...', 27)
#2 C:\\laragon\\www\\laravel-skill-test\\vendor\\laravel\\framework\\src\\Illuminate\\Foundation\\Configuration\\ApplicationBuilder.php(380): {closure:C:\\laragon\\www\\laravel-skill-test\\bootstrap\\app.php:26}(Object(Illuminate\\Foundation\\Configuration\\Exceptions))
#3 C:\\laragon\\www\\laravel-skill-test\\vendor\\laravel\\framework\\src\\Illuminate\\Container\\Container.php(1495): Illuminate\\Foundation\\Configuration\\ApplicationBuilder->{closure:Illuminate\\Foundation\\Configuration\\ApplicationBuilder::withExceptions():380}(Object(Illuminate\\Foundation\\Exceptions\\Handler), Object(Illuminate\\Foundation\\Application))
#4 C:\\laragon\\www\\laravel-skill-test\\vendor\\laravel\\framework\\src\\Illuminate\\Container\\Container.php(1431): Illuminate\\Container\\Container->fireCallbackArray(Object(Illuminate\\Foundation\\Exceptions\\Handler), Array)
#5 C:\\laragon\\www\\laravel-skill-test\\vendor\\laravel\\framework\\src\\Illuminate\\Container\\Container.php(1417): Illuminate\\Container\\Container->fireAfterResolvingCallbacks('Illuminate\\\\Cont...', Object(Illuminate\\Foundation\\Exceptions\\Handler))
#6 C:\\laragon\\www\\laravel-skill-test\\vendor\\laravel\\framework\\src\\Illuminate\\Container\\Container.php(908): Illuminate\\Container\\Container->fireResolvingCallbacks('Illuminate\\\\Cont...', Object(Illuminate\\Foundation\\Exceptions\\Handler))
#7 C:\\laragon\\www\\laravel-skill-test\\vendor\\laravel\\framework\\src\\Illuminate\\Foundation\\Application.php(1077): Illuminate\\Container\\Container->resolve('Illuminate\\\\Cont...', Array, true)
#8 C:\\laragon\\www\\laravel-skill-test\\vendor\\laravel\\framework\\src\\Illuminate\\Container\\Container.php(821): Illuminate\\Foundation\\Application->resolve('Illuminate\\\\Cont...', Array)
#9 C:\\laragon\\www\\laravel-skill-test\\vendor\\laravel\\framework\\src\\Illuminate\\Foundation\\Application.php(1057): Illuminate\\Container\\Container->make('Illuminate\\\\Cont...', Array)
#10 C:\\laragon\\www\\laravel-skill-test\\vendor\\laravel\\framework\\src\\Illuminate\\Routing\\Pipeline.php(47): Illuminate\\Foundation\\Application->make('Illuminate\\\\Cont...')
#11 C:\\laragon\\www\\laravel-skill-test\\vendor\\laravel\\framework\\src\\Illuminate\\Pipeline\\Pipeline.php(171): Illuminate\\Routing\\Pipeline->handleException(Object(Illuminate\\Http\\Request), Object(Symfony\\Component\\HttpKernel\\Exception\\NotFoundHttpException))
#12 C:\\laragon\\www\\laravel-skill-test\\vendor\\barryvdh\\laravel-debugbar\\src\\Middleware\\InjectDebugbar.php(66): Illuminate\\Pipeline\\Pipeline->{closure:Illuminate\\Pipeline\\Pipeline::prepareDestination():167}(Object(Illuminate\\Http\\Request))
#13 C:\\laragon\\www\\laravel-skill-test\\vendor\\laravel\\framework\\src\\Illuminate\\Pipeline\\Pipeline.php(208): Barryvdh\\Debugbar\\Middleware\\InjectDebugbar->handle(Object(Illuminate\\Http\\Request), Object(Closure))
#14 C:\\laragon\\www\\laravel-skill-test\\vendor\\laravel\\framework\\src\\Illuminate\\Foundation\\Http\\Middleware\\TransformsRequest.php(21): Illuminate\\Pipeline\\Pipeline->{closure:{closure:Illuminate\\Pipeline\\Pipeline::carry():183}:184}(Object(Illuminate\\Http\\Request))
#15 C:\\laragon\\www\\laravel-skill-test\\vendor\\laravel\\framework\\src\\Illuminate\\Foundation\\Http\\Middleware\\ConvertEmptyStringsToNull.php(31): Illuminate\\Foundation\\Http\\Middleware\\TransformsRequest->handle(Object(Illuminate\\Http\\Request), Object(Closure))
#16 C:\\laragon\\www\\laravel-skill-test\\vendor\\laravel\\framework\\src\\Illuminate\\Pipeline\\Pipeline.php(208): Illuminate\\Foundation\\Http\\Middleware\\ConvertEmptyStringsToNull->handle(Object(Illuminate\\Http\\Request), Object(Closure))
#17 C:\\laragon\\www\\laravel-skill-test\\vendor\\laravel\\framework\\src\\Illuminate\\Foundation\\Http\\Middleware\\TransformsRequest.php(21): Illuminate\\Pipeline\\Pipeline->{closure:{closure:Illuminate\\Pipeline\\Pipeline::carry():183}:184}(Object(Illuminate\\Http\\Request))
#18 C:\\laragon\\www\\laravel-skill-test\\vendor\\laravel\\framework\\src\\Illuminate\\Foundation\\Http\\Middleware\\TrimStrings.php(51): Illuminate\\Foundation\\Http\\Middleware\\TransformsRequest->handle(Object(Illuminate\\Http\\Request), Object(Closure))
#19 C:\\laragon\\www\\laravel-skill-test\\vendor\\laravel\\framework\\src\\Illuminate\\Pipeline\\Pipeline.php(208): Illuminate\\Foundation\\Http\\Middleware\\TrimStrings->handle(Object(Illuminate\\Http\\Request), Object(Closure))
#20 C:\\laragon\\www\\laravel-skill-test\\vendor\\laravel\\framework\\src\\Illuminate\\Http\\Middleware\\ValidatePostSize.php(27): Illuminate\\Pipeline\\Pipeline->{closure:{closure:Illuminate\\Pipeline\\Pipeline::carry():183}:184}(Object(Illuminate\\Http\\Request))
#21 C:\\laragon\\www\\laravel-skill-test\\vendor\\laravel\\framework\\src\\Illuminate\\Pipeline\\Pipeline.php(208): Illuminate\\Http\\Middleware\\ValidatePostSize->handle(Object(Illuminate\\Http\\Request), Object(Closure))
#22 C:\\laragon\\www\\laravel-skill-test\\vendor\\laravel\\framework\\src\\Illuminate\\Foundation\\Http\\Middleware\\PreventRequestsDuringMaintenance.php(109): Illuminate\\Pipeline\\Pipeline->{closure:{closure:Illuminate\\Pipeline\\Pipeline::carry():183}:184}(Object(Illuminate\\Http\\Request))
#23 C:\\laragon\\www\\laravel-skill-test\\vendor\\laravel\\framework\\src\\Illuminate\\Pipeline\\Pipeline.php(208): Illuminate\\Foundation\\Http\\Middleware\\PreventRequestsDuringMaintenance->handle(Object(Illuminate\\Http\\Request), Object(Closure))
#24 C:\\laragon\\www\\laravel-skill-test\\vendor\\laravel\\framework\\src\\Illuminate\\Http\\Middleware\\HandleCors.php(48): Illuminate\\Pipeline\\Pipeline->{closure:{closure:Illuminate\\Pipeline\\Pipeline::carry():183}:184}(Object(Illuminate\\Http\\Request))
#25 C:\\laragon\\www\\laravel-skill-test\\vendor\\laravel\\framework\\src\\Illuminate\\Pipeline\\Pipeline.php(208): Illuminate\\Http\\Middleware\\HandleCors->handle(Object(Illuminate\\Http\\Request), Object(Closure))
#26 C:\\laragon\\www\\laravel-skill-test\\vendor\\laravel\\framework\\src\\Illuminate\\Http\\Middleware\\TrustProxies.php(58): Illuminate\\Pipeline\\Pipeline->{closure:{closure:Illuminate\\Pipeline\\Pipeline::carry():183}:184}(Object(Illuminate\\Http\\Request))
#27 C:\\laragon\\www\\laravel-skill-test\\vendor\\laravel\\framework\\src\\Illuminate\\Pipeline\\Pipeline.php(208): Illuminate\\Http\\Middleware\\TrustProxies->handle(Object(Illuminate\\Http\\Request), Object(Closure))
#28 C:\\laragon\\www\\laravel-skill-test\\vendor\\laravel\\framework\\src\\Illuminate\\Foundation\\Http\\Middleware\\InvokeDeferredCallbacks.php(22): Illuminate\\Pipeline\\Pipeline->{closure:{closure:Illuminate\\Pipeline\\Pipeline::carry():183}:184}(Object(Illuminate\\Http\\Request))
#29 C:\\laragon\\www\\laravel-skill-test\\vendor\\laravel\\framework\\src\\Illuminate\\Pipeline\\Pipeline.php(208): Illuminate\\Foundation\\Http\\Middleware\\InvokeDeferredCallbacks->handle(Object(Illuminate\\Http\\Request), Object(Closure))
#30 C:\\laragon\\www\\laravel-skill-test\\vendor\\laravel\\framework\\src\\Illuminate\\Http\\Middleware\\ValidatePathEncoding.php(26): Illuminate\\Pipeline\\Pipeline->{closure:{closure:Illuminate\\Pipeline\\Pipeline::carry():183}:184}(Object(Illuminate\\Http\\Request))
#31 C:\\laragon\\www\\laravel-skill-test\\vendor\\laravel\\framework\\src\\Illuminate\\Pipeline\\Pipeline.php(208): Illuminate\\Http\\Middleware\\ValidatePathEncoding->handle(Object(Illuminate\\Http\\Request), Object(Closure))
#32 C:\\laragon\\www\\laravel-skill-test\\vendor\\laravel\\framework\\src\\Illuminate\\Pipeline\\Pipeline.php(126): Illuminate\\Pipeline\\Pipeline->{closure:{closure:Illuminate\\Pipeline\\Pipeline::carry():183}:184}(Object(Illuminate\\Http\\Request))
#33 C:\\laragon\\www\\laravel-skill-test\\vendor\\laravel\\framework\\src\\Illuminate\\Foundation\\Http\\Kernel.php(175): Illuminate\\Pipeline\\Pipeline->then(Object(Closure))
#34 C:\\laragon\\www\\laravel-skill-test\\vendor\\laravel\\framework\\src\\Illuminate\\Foundation\\Http\\Kernel.php(144): Illuminate\\Foundation\\Http\\Kernel->sendRequestThroughRouter(Object(Illuminate\\Http\\Request))
#35 C:\\laragon\\www\\laravel-skill-test\\vendor\\laravel\\framework\\src\\Illuminate\\Foundation\\Application.php(1219): Illuminate\\Foundation\\Http\\Kernel->handle(Object(Illuminate\\Http\\Request))
#36 C:\\laragon\\www\\laravel-skill-test\\public\\index.php(20): Illuminate\\Foundation\\Application->handleRequest(Object(Illuminate\\Http\\Request))
#37 C:\\laragon\\www\\laravel-skill-test\\vendor\\laravel\\framework\\src\\Illuminate\\Foundation\\resources\\server.php(23): require_once('C:\\\\laragon\\\\www\\\\...')
#38 {main}
"} 
[2026-02-09 06:19:48] local.ERROR: Call to a member function posts() on null {"exception":"[object] (Error(code: 0): Call to a member function posts() on null at C:\\laragon\\www\\laravel-skill-test\\app\\Http\\Controllers\\PostController.php:33)
[stacktrace]
#0 C:\\laragon\\www\\laravel-skill-test\\vendor\\laravel\\framework\\src\\Illuminate\\Routing\\ControllerDispatcher.php(46): App\\Http\\Controllers\\PostController->store(Object(Illuminate\\Http\\Request))
#1 C:\\laragon\\www\\laravel-skill-test\\vendor\\laravel\\framework\\src\\Illuminate\\Routing\\Route.php(265): Illuminate\\Routing\\ControllerDispatcher->dispatch(Object(Illuminate\\Routing\\Route), Object(App\\Http\\Controllers\\PostController), 'store')
#2 C:\\laragon\\www\\laravel-skill-test\\vendor\\laravel\\framework\\src\\Illuminate\\Routing\\Route.php(211): Illuminate\\Routing\\Route->runController()
#3 C:\\laragon\\www\\laravel-skill-test\\vendor\\laravel\\framework\\src\\Illuminate\\Routing\\Router.php(808): Illuminate\\Routing\\Route->run()
#4 C:\\laragon\\www\\laravel-skill-test\\vendor\\laravel\\framework\\src\\Illuminate\\Pipeline\\Pipeline.php(169): Illuminate\\Routing\\Router->{closure:Illuminate\\Routing\\Router::runRouteWithinStack():807}(Object(Illuminate\\Http\\Request))
#5 C:\\laragon\\www\\laravel-skill-test\\vendor\\barryvdh\\laravel-debugbar\\src\\Middleware\\InjectDebugbar.php(66): Illuminate\\Pipeline\\Pipeline->{closure:Illuminate\\Pipeline\\Pipeline::prepareDestination():167}(Object(Illuminate\\Http\\Request))
#6 C:\\laragon\\www\\laravel-skill-test\\vendor\\laravel\\framework\\src\\Illuminate\\Pipeline\\Pipeline.php(208): Barryvdh\\Debugbar\\Middleware\\InjectDebugbar->handle(Object(Illuminate\\Http\\Request), Object(Closure))
#7 C:\\laragon\\www\\laravel-skill-test\\vendor\\laravel\\framework\\src\\Illuminate\\Http\\Middleware\\AddLinkHeadersForPreloadedAssets.php(32): Illuminate\\Pipeline\\Pipeline->{closure:{closure:Illuminate\\Pipeline\\Pipeline::carry():183}:184}(Object(Illuminate\\Http\\Request))
#8 C:\\laragon\\www\\laravel-skill-test\\vendor\\laravel\\framework\\src\\Illuminate\\Pipeline\\Pipeline.php(208): Illuminate\\Http\\Middleware\\AddLinkHeadersForPreloadedAssets->handle(Object(Illuminate\\Http\\Request), Object(Closure))
#9 C:\\laragon\\www\\laravel-skill-test\\vendor\\inertiajs\\inertia-laravel\\src\\Middleware.php(86): Illuminate\\Pipeline\\Pipeline->{closure:{closure:Illuminate\\Pipeline\\Pipeline::carry():183}:184}(Object(Illuminate\\Http\\Request))
#10 C:\\laragon\\www\\laravel-skill-test\\vendor\\laravel\\framework\\src\\Illuminate\\Pipeline\\Pipeline.php(208): Inertia\\Middleware->handle(Object(Illuminate\\Http\\Request), Object(Closure))
#11 C:\\laragon\\www\\laravel-skill-test\\app\\Http\\Middleware\\HandleAppearance.php(21): Illuminate\\Pipeline\\Pipeline->{closure:{closure:Illuminate\\Pipeline\\Pipeline::carry():183}:184}(Object(Illuminate\\Http\\Request))
#12 C:\\laragon\\www\\laravel-skill-test\\vendor\\laravel\\framework\\src\\Illuminate\\Pipeline\\Pipeline.php(208): App\\Http\\Middleware\\HandleAppearance->handle(Object(Illuminate\\Http\\Request), Object(Closure))
#13 C:\\laragon\\www\\laravel-skill-test\\vendor\\laravel\\framework\\src\\Illuminate\\Routing\\Middleware\\SubstituteBindings.php(50): Illuminate\\Pipeline\\Pipeline->{closure:{closure:Illuminate\\Pipeline\\Pipeline::carry():183}:184}(Object(Illuminate\\Http\\Request))
#14 C:\\laragon\\www\\laravel-skill-test\\vendor\\laravel\\framework\\src\\Illuminate\\Pipeline\\Pipeline.php(208): Illuminate\\Routing\\Middleware\\SubstituteBindings->handle(Object(Illuminate\\Http\\Request), Object(Closure))
#15 C:\\laragon\\www\\laravel-skill-test\\vendor\\laravel\\framework\\src\\Illuminate\\Foundation\\Http\\Middleware\\VerifyCsrfToken.php(87): Illuminate\\Pipeline\\Pipeline->{closure:{closure:Illuminate\\Pipeline\\Pipeline::carry():183}:184}(Object(Illuminate\\Http\\Request))
#16 C:\\laragon\\www\\laravel-skill-test\\vendor\\laravel\\framework\\src\\Illuminate\\Pipeline\\Pipeline.php(208): Illuminate\\Foundation\\Http\\Middleware\\VerifyCsrfToken->handle(Object(Illuminate\\Http\\Request), Object(Closure))
#17 C:\\laragon\\www\\laravel-skill-test\\vendor\\laravel\\framework\\src\\Illuminate\\View\\Middleware\\ShareErrorsFromSession.php(48): Illuminate\\Pipeline\\Pipeline->{closure:{closure:Illuminate\\Pipeline\\Pipeline::carry():183}:184}(Object(Illuminate\\Http\\Request))
#18 C:\\laragon\\www\\laravel-skill-test\\vendor\\laravel\\framework\\src\\Illuminate\\Pipeline\\Pipeline.php(208): Illuminate\\View\\Middleware\\ShareErrorsFromSession->handle(Object(Illuminate\\Http\\Request), Object(Closure))
#19 C:\\laragon\\www\\laravel-skill-test\\vendor\\laravel\\framework\\src\\Illuminate\\Session\\Middleware\\StartSession.php(120): Illuminate\\Pipeline\\Pipeline->{closure:{closure:Illuminate\\Pipeline\\Pipeline::carry():183}:184}(Object(Illuminate\\Http\\Request))
#20 C:\\laragon\\www\\laravel-skill-test\\vendor\\laravel\\framework\\src\\Illuminate\\Session\\Middleware\\StartSession.php(63): Illuminate\\Session\\Middleware\\StartSession->handleStatefulRequest(Object(Illuminate\\Http\\Request), Object(Illuminate\\Session\\Store), Object(Closure))
#21 C:\\laragon\\www\\laravel-skill-test\\vendor\\laravel\\framework\\src\\Illuminate\\Pipeline\\Pipeline.php(208): Illuminate\\Session\\Middleware\\StartSession->handle(Object(Illuminate\\Http\\Request), Object(Closure))
#22 C:\\laragon\\www\\laravel-skill-test\\vendor\\laravel\\framework\\src\\Illuminate\\Cookie\\Middleware\\AddQueuedCookiesToResponse.php(36): Illuminate\\Pipeline\\Pipeline->{closure:{closure:Illuminate\\Pipeline\\Pipeline::carry():183}:184}(Object(Illuminate\\Http\\Request))
#23 C:\\laragon\\www\\laravel-skill-test\\vendor\\laravel\\framework\\src\\Illuminate\\Pipeline\\Pipeline.php(208): Illuminate\\Cookie\\Middleware\\AddQueuedCookiesToResponse->handle(Object(Illuminate\\Http\\Request), Object(Closure))
#24 C:\\laragon\\www\\laravel-skill-test\\vendor\\laravel\\framework\\src\\Illuminate\\Cookie\\Middleware\\EncryptCookies.php(74): Illuminate\\Pipeline\\Pipeline->{closure:{closure:Illuminate\\Pipeline\\Pipeline::carry():183}:184}(Object(Illuminate\\Http\\Request))
#25 C:\\laragon\\www\\laravel-skill-test\\vendor\\laravel\\framework\\src\\Illuminate\\Pipeline\\Pipeline.php(208): Illuminate\\Cookie\\Middleware\\EncryptCookies->handle(Object(Illuminate\\Http\\Request), Object(Closure))
#26 C:\\laragon\\www\\laravel-skill-test\\vendor\\laravel\\framework\\src\\Illuminate\\Pipeline\\Pipeline.php(126): Illuminate\\Pipeline\\Pipeline->{closure:{closure:Illuminate\\Pipeline\\Pipeline::carry():183}:184}(Object(Illuminate\\Http\\Request))
#27 C:\\laragon\\www\\laravel-skill-test\\vendor\\laravel\\framework\\src\\Illuminate\\Routing\\Router.php(807): Illuminate\\Pipeline\\Pipeline->then(Object(Closure))
#28 C:\\laragon\\www\\laravel-skill-test\\vendor\\laravel\\framework\\src\\Illuminate\\Routing\\Router.php(786): Illuminate\\Routing\\Router->runRouteWithinStack(Object(Illuminate\\Routing\\Route), Object(Illuminate\\Http\\Request))
#29 C:\\laragon\\www\\laravel-skill-test\\vendor\\laravel\\framework\\src\\Illuminate\\Routing\\Router.php(750): Illuminate\\Routing\\Router->runRoute(Object(Illuminate\\Http\\Request), Object(Illuminate\\Routing\\Route))
#30 C:\\laragon\\www\\laravel-skill-test\\vendor\\laravel\\framework\\src\\Illuminate\\Routing\\Router.php(739): Illuminate\\Routing\\Router->dispatchToRoute(Object(Illuminate\\Http\\Request))
#31 C:\\laragon\\www\\laravel-skill-test\\vendor\\laravel\\framework\\src\\Illuminate\\Foundation\\Http\\Kernel.php(200): Illuminate\\Routing\\Router->dispatch(Object(Illuminate\\Http\\Request))
#32 C:\\laragon\\www\\laravel-skill-test\\vendor\\laravel\\framework\\src\\Illuminate\\Pipeline\\Pipeline.php(169): Illuminate\\Foundation\\Http\\Kernel->{closure:Illuminate\\Foundation\\Http\\Kernel::dispatchToRouter():197}(Object(Illuminate\\Http\\Request))
#33 C:\\laragon\\www\\laravel-skill-test\\vendor\\barryvdh\\laravel-debugbar\\src\\Middleware\\InjectDebugbar.php(66): Illuminate\\Pipeline\\Pipeline->{closure:Illuminate\\Pipeline\\Pipeline::prepareDestination():167}(Object(Illuminate\\Http\\Request))
#34 C:\\laragon\\www\\laravel-skill-test\\vendor\\laravel\\framework\\src\\Illuminate\\Pipeline\\Pipeline.php(208): Barryvdh\\Debugbar\\Middleware\\InjectDebugbar->handle(Object(Illuminate\\Http\\Request), Object(Closure))
#35 C:\\laragon\\www\\laravel-skill-test\\vendor\\laravel\\framework\\src\\Illuminate\\Foundation\\Http\\Middleware\\TransformsRequest.php(21): Illuminate\\Pipeline\\Pipeline->{closure:{closure:Illuminate\\Pipeline\\Pipeline::carry():183}:184}(Object(Illuminate\\Http\\Request))
#36 C:\\laragon\\www\\laravel-skill-test\\vendor\\laravel\\framework\\src\\Illuminate\\Foundation\\Http\\Middleware\\ConvertEmptyStringsToNull.php(31): Illuminate\\Foundation\\Http\\Middleware\\TransformsRequest->handle(Object(Illuminate\\Http\\Request), Object(Closure))
#37 C:\\laragon\\www\\laravel-skill-test\\vendor\\laravel\\framework\\src\\Illuminate\\Pipeline\\Pipeline.php(208): Illuminate\\Foundation\\Http\\Middleware\\ConvertEmptyStringsToNull->handle(Object(Illuminate\\Http\\Request), Object(Closure))
#38 C:\\laragon\\www\\laravel-skill-test\\vendor\\laravel\\framework\\src\\Illuminate\\Foundation\\Http\\Middleware\\TransformsRequest.php(21): Illuminate\\Pipeline\\Pipeline->{closure:{closure:Illuminate\\Pipeline\\Pipeline::carry():183}:184}(Object(Illuminate\\Http\\Request))
#39 C:\\laragon\\www\\laravel-skill-test\\vendor\\laravel\\framework\\src\\Illuminate\\Foundation\\Http\\Middleware\\TrimStrings.php(51): Illuminate\\Foundation\\Http\\Middleware\\TransformsRequest->handle(Object(Illuminate\\Http\\Request), Object(Closure))
#40 C:\\laragon\\www\\laravel-skill-test\\vendor\\laravel\\framework\\src\\Illuminate\\Pipeline\\Pipeline.php(208): Illuminate\\Foundation\\Http\\Middleware\\TrimStrings->handle(Object(Illuminate\\Http\\Request), Object(Closure))
#41 C:\\laragon\\www\\laravel-skill-test\\vendor\\laravel\\framework\\src\\Illuminate\\Http\\Middleware\\ValidatePostSize.php(27): Illuminate\\Pipeline\\Pipeline->{closure:{closure:Illuminate\\Pipeline\\Pipeline::carry():183}:184}(Object(Illuminate\\Http\\Request))
#42 C:\\laragon\\www\\laravel-skill-test\\vendor\\laravel\\framework\\src\\Illuminate\\Pipeline\\Pipeline.php(208): Illuminate\\Http\\Middleware\\ValidatePostSize->handle(Object(Illuminate\\Http\\Request), Object(Closure))
#43 C:\\laragon\\www\\laravel-skill-test\\vendor\\laravel\\framework\\src\\Illuminate\\Foundation\\Http\\Middleware\\PreventRequestsDuringMaintenance.php(109): Illuminate\\Pipeline\\Pipeline->{closure:{closure:Illuminate\\Pipeline\\Pipeline::carry():183}:184}(Object(Illuminate\\Http\\Request))
#44 C:\\laragon\\www\\laravel-skill-test\\vendor\\laravel\\framework\\src\\Illuminate\\Pipeline\\Pipeline.php(208): Illuminate\\Foundation\\Http\\Middleware\\PreventRequestsDuringMaintenance->handle(Object(Illuminate\\Http\\Request), Object(Closure))
#45 C:\\laragon\\www\\laravel-skill-test\\vendor\\laravel\\framework\\src\\Illuminate\\Http\\Middleware\\HandleCors.php(48): Illuminate\\Pipeline\\Pipeline->{closure:{closure:Illuminate\\Pipeline\\Pipeline::carry():183}:184}(Object(Illuminate\\Http\\Request))
#46 C:\\laragon\\www\\laravel-skill-test\\vendor\\laravel\\framework\\src\\Illuminate\\Pipeline\\Pipeline.php(208): Illuminate\\Http\\Middleware\\HandleCors->handle(Object(Illuminate\\Http\\Request), Object(Closure))
#47 C:\\laragon\\www\\laravel-skill-test\\vendor\\laravel\\framework\\src\\Illuminate\\Http\\Middleware\\TrustProxies.php(58): Illuminate\\Pipeline\\Pipeline->{closure:{closure:Illuminate\\Pipeline\\Pipeline::carry():183}:184}(Object(Illuminate\\Http\\Request))
#48 C:\\laragon\\www\\laravel-skill-test\\vendor\\laravel\\framework\\src\\Illuminate\\Pipeline\\Pipeline.php(208): Illuminate\\Http\\Middleware\\TrustProxies->handle(Object(Illuminate\\Http\\Request), Object(Closure))
#49 C:\\laragon\\www\\laravel-skill-test\\vendor\\laravel\\framework\\src\\Illuminate\\Foundation\\Http\\Middleware\\InvokeDeferredCallbacks.php(22): Illuminate\\Pipeline\\Pipeline->{closure:{closure:Illuminate\\Pipeline\\Pipeline::carry():183}:184}(Object(Illuminate\\Http\\Request))
#50 C:\\laragon\\www\\laravel-skill-test\\vendor\\laravel\\framework\\src\\Illuminate\\Pipeline\\Pipeline.php(208): Illuminate\\Foundation\\Http\\Middleware\\InvokeDeferredCallbacks->handle(Object(Illuminate\\Http\\Request), Object(Closure))
#51 C:\\laragon\\www\\laravel-skill-test\\vendor\\laravel\\framework\\src\\Illuminate\\Http\\Middleware\\ValidatePathEncoding.php(26): Illuminate\\Pipeline\\Pipeline->{closure:{closure:Illuminate\\Pipeline\\Pipeline::carry():183}:184}(Object(Illuminate\\Http\\Request))
#52 C:\\laragon\\www\\laravel-skill-test\\vendor\\laravel\\framework\\src\\Illuminate\\Pipeline\\Pipeline.php(208): Illuminate\\Http\\Middleware\\ValidatePathEncoding->handle(Object(Illuminate\\Http\\Request), Object(Closure))
#53 C:\\laragon\\www\\laravel-skill-test\\vendor\\laravel\\framework\\src\\Illuminate\\Pipeline\\Pipeline.php(126): Illuminate\\Pipeline\\Pipeline->{closure:{closure:Illuminate\\Pipeline\\Pipeline::carry():183}:184}(Object(Illuminate\\Http\\Request))
#54 C:\\laragon\\www\\laravel-skill-test\\vendor\\laravel\\framework\\src\\Illuminate\\Foundation\\Http\\Kernel.php(175): Illuminate\\Pipeline\\Pipeline->then(Object(Closure))
#55 C:\\laragon\\www\\laravel-skill-test\\vendor\\laravel\\framework\\src\\Illuminate\\Foundation\\Http\\Kernel.php(144): Illuminate\\Foundation\\Http\\Kernel->sendRequestThroughRouter(Object(Illuminate\\Http\\Request))
#56 C:\\laragon\\www\\laravel-skill-test\\vendor\\laravel\\framework\\src\\Illuminate\\Foundation\\Application.php(1219): Illuminate\\Foundation\\Http\\Kernel->handle(Object(Illuminate\\Http\\Request))
#57 C:\\laragon\\www\\laravel-skill-test\\public\\index.php(20): Illuminate\\Foundation\\Application->handleRequest(Object(Illuminate\\Http\\Request))
#58 C:\\laragon\\www\\laravel-skill-test\\vendor\\laravel\\framework\\src\\Illuminate\\Foundation\\resources\\server.php(23): require_once('C:\\\\laragon\\\\www\\\\...')
#59 {main}
"} 
[2026-02-09 06:23:42] local.ERROR: Call to a member function posts() on null {"exception":"[object] (Error(code: 0): Call to a member function posts() on null at C:\\laragon\\www\\laravel-skill-test\\app\\Http\\Controllers\\PostController.php:33)
[stacktrace]
#0 C:\\laragon\\www\\laravel-skill-test\\vendor\\laravel\\framework\\src\\Illuminate\\Routing\\ControllerDispatcher.php(46): App\\Http\\Controllers\\PostController->store(Object(Illuminate\\Http\\Request))
#1 C:\\laragon\\www\\laravel-skill-test\\vendor\\laravel\\framework\\src\\Illuminate\\Routing\\Route.php(265): Illuminate\\Routing\\ControllerDispatcher->dispatch(Object(Illuminate\\Routing\\Route), Object(App\\Http\\Controllers\\PostController), 'store')
#2 C:\\laragon\\www\\laravel-skill-test\\vendor\\laravel\\framework\\src\\Illuminate\\Routing\\Route.php(211): Illuminate\\Routing\\Route->runController()
#3 C:\\laragon\\www\\laravel-skill-test\\vendor\\laravel\\framework\\src\\Illuminate\\Routing\\Router.php(808): Illuminate\\Routing\\Route->run()
#4 C:\\laragon\\www\\laravel-skill-test\\vendor\\laravel\\framework\\src\\Illuminate\\Pipeline\\Pipeline.php(169): Illuminate\\Routing\\Router->{closure:Illuminate\\Routing\\Router::runRouteWithinStack():807}(Object(Illuminate\\Http\\Request))
#5 C:\\laragon\\www\\laravel-skill-test\\vendor\\barryvdh\\laravel-debugbar\\src\\Middleware\\InjectDebugbar.php(66): Illuminate\\Pipeline\\Pipeline->{closure:Illuminate\\Pipeline\\Pipeline::prepareDestination():167}(Object(Illuminate\\Http\\Request))
#6 C:\\laragon\\www\\laravel-skill-test\\vendor\\laravel\\framework\\src\\Illuminate\\Pipeline\\Pipeline.php(208): Barryvdh\\Debugbar\\Middleware\\InjectDebugbar->handle(Object(Illuminate\\Http\\Request), Object(Closure))
#7 C:\\laragon\\www\\laravel-skill-test\\vendor\\laravel\\framework\\src\\Illuminate\\Http\\Middleware\\AddLinkHeadersForPreloadedAssets.php(32): Illuminate\\Pipeline\\Pipeline->{closure:{closure:Illuminate\\Pipeline\\Pipeline::carry():183}:184}(Object(Illuminate\\Http\\Request))
#8 C:\\laragon\\www\\laravel-skill-test\\vendor\\laravel\\framework\\src\\Illuminate\\Pipeline\\Pipeline.php(208): Illuminate\\Http\\Middleware\\AddLinkHeadersForPreloadedAssets->handle(Object(Illuminate\\Http\\Request), Object(Closure))
#9 C:\\laragon\\www\\laravel-skill-test\\vendor\\inertiajs\\inertia-laravel\\src\\Middleware.php(86): Illuminate\\Pipeline\\Pipeline->{closure:{closure:Illuminate\\Pipeline\\Pipeline::carry():183}:184}(Object(Illuminate\\Http\\Request))
#10 C:\\laragon\\www\\laravel-skill-test\\vendor\\laravel\\framework\\src\\Illuminate\\Pipeline\\Pipeline.php(208): Inertia\\Middleware->handle(Object(Illuminate\\Http\\Request), Object(Closure))
#11 C:\\laragon\\www\\laravel-skill-test\\app\\Http\\Middleware\\HandleAppearance.php(21): Illuminate\\Pipeline\\Pipeline->{closure:{closure:Illuminate\\Pipeline\\Pipeline::carry():183}:184}(Object(Illuminate\\Http\\Request))
#12 C:\\laragon\\www\\laravel-skill-test\\vendor\\laravel\\framework\\src\\Illuminate\\Pipeline\\Pipeline.php(208): App\\Http\\Middleware\\HandleAppearance->handle(Object(Illuminate\\Http\\Request), Object(Closure))
#13 C:\\laragon\\www\\laravel-skill-test\\vendor\\laravel\\framework\\src\\Illuminate\\Routing\\Middleware\\SubstituteBindings.php(50): Illuminate\\Pipeline\\Pipeline->{closure:{closure:Illuminate\\Pipeline\\Pipeline::carry():183}:184}(Object(Illuminate\\Http\\Request))
#14 C:\\laragon\\www\\laravel-skill-test\\vendor\\laravel\\framework\\src\\Illuminate\\Pipeline\\Pipeline.php(208): Illuminate\\Routing\\Middleware\\SubstituteBindings->handle(Object(Illuminate\\Http\\Request), Object(Closure))
#15 C:\\laragon\\www\\laravel-skill-test\\vendor\\laravel\\framework\\src\\Illuminate\\Foundation\\Http\\Middleware\\VerifyCsrfToken.php(87): Illuminate\\Pipeline\\Pipeline->{closure:{closure:Illuminate\\Pipeline\\Pipeline::carry():183}:184}(Object(Illuminate\\Http\\Request))
#16 C:\\laragon\\www\\laravel-skill-test\\vendor\\laravel\\framework\\src\\Illuminate\\Pipeline\\Pipeline.php(208): Illuminate\\Foundation\\Http\\Middleware\\VerifyCsrfToken->handle(Object(Illuminate\\Http\\Request), Object(Closure))
#17 C:\\laragon\\www\\laravel-skill-test\\vendor\\laravel\\framework\\src\\Illuminate\\View\\Middleware\\ShareErrorsFromSession.php(48): Illuminate\\Pipeline\\Pipeline->{closure:{closure:Illuminate\\Pipeline\\Pipeline::carry():183}:184}(Object(Illuminate\\Http\\Request))
#18 C:\\laragon\\www\\laravel-skill-test\\vendor\\laravel\\framework\\src\\Illuminate\\Pipeline\\Pipeline.php(208): Illuminate\\View\\Middleware\\ShareErrorsFromSession->handle(Object(Illuminate\\Http\\Request), Object(Closure))
#19 C:\\laragon\\www\\laravel-skill-test\\vendor\\laravel\\framework\\src\\Illuminate\\Session\\Middleware\\StartSession.php(120): Illuminate\\Pipeline\\Pipeline->{closure:{closure:Illuminate\\Pipeline\\Pipeline::carry():183}:184}(Object(Illuminate\\Http\\Request))
#20 C:\\laragon\\www\\laravel-skill-test\\vendor\\laravel\\framework\\src\\Illuminate\\Session\\Middleware\\StartSession.php(63): Illuminate\\Session\\Middleware\\StartSession->handleStatefulRequest(Object(Illuminate\\Http\\Request), Object(Illuminate\\Session\\Store), Object(Closure))
#21 C:\\laragon\\www\\laravel-skill-test\\vendor\\laravel\\framework\\src\\Illuminate\\Pipeline\\Pipeline.php(208): Illuminate\\Session\\Middleware\\StartSession->handle(Object(Illuminate\\Http\\Request), Object(Closure))
#22 C:\\laragon\\www\\laravel-skill-test\\vendor\\laravel\\framework\\src\\Illuminate\\Cookie\\Middleware\\AddQueuedCookiesToResponse.php(36): Illuminate\\Pipeline\\Pipeline->{closure:{closure:Illuminate\\Pipeline\\Pipeline::carry():183}:184}(Object(Illuminate\\Http\\Request))
#23 C:\\laragon\\www\\laravel-skill-test\\vendor\\laravel\\framework\\src\\Illuminate\\Pipeline\\Pipeline.php(208): Illuminate\\Cookie\\Middleware\\AddQueuedCookiesToResponse->handle(Object(Illuminate\\Http\\Request), Object(Closure))
#24 C:\\laragon\\www\\laravel-skill-test\\vendor\\laravel\\framework\\src\\Illuminate\\Cookie\\Middleware\\EncryptCookies.php(74): Illuminate\\Pipeline\\Pipeline->{closure:{closure:Illuminate\\Pipeline\\Pipeline::carry():183}:184}(Object(Illuminate\\Http\\Request))
#25 C:\\laragon\\www\\laravel-skill-test\\vendor\\laravel\\framework\\src\\Illuminate\\Pipeline\\Pipeline.php(208): Illuminate\\Cookie\\Middleware\\EncryptCookies->handle(Object(Illuminate\\Http\\Request), Object(Closure))
#26 C:\\laragon\\www\\laravel-skill-test\\vendor\\laravel\\framework\\src\\Illuminate\\Pipeline\\Pipeline.php(126): Illuminate\\Pipeline\\Pipeline->{closure:{closure:Illuminate\\Pipeline\\Pipeline::carry():183}:184}(Object(Illuminate\\Http\\Request))
#27 C:\\laragon\\www\\laravel-skill-test\\vendor\\laravel\\framework\\src\\Illuminate\\Routing\\Router.php(807): Illuminate\\Pipeline\\Pipeline->then(Object(Closure))
#28 C:\\laragon\\www\\laravel-skill-test\\vendor\\laravel\\framework\\src\\Illuminate\\Routing\\Router.php(786): Illuminate\\Routing\\Router->runRouteWithinStack(Object(Illuminate\\Routing\\Route), Object(Illuminate\\Http\\Request))
#29 C:\\laragon\\www\\laravel-skill-test\\vendor\\laravel\\framework\\src\\Illuminate\\Routing\\Router.php(750): Illuminate\\Routing\\Router->runRoute(Object(Illuminate\\Http\\Request), Object(Illuminate\\Routing\\Route))
#30 C:\\laragon\\www\\laravel-skill-test\\vendor\\laravel\\framework\\src\\Illuminate\\Routing\\Router.php(739): Illuminate\\Routing\\Router->dispatchToRoute(Object(Illuminate\\Http\\Request))
#31 C:\\laragon\\www\\laravel-skill-test\\vendor\\laravel\\framework\\src\\Illuminate\\Foundation\\Http\\Kernel.php(200): Illuminate\\Routing\\Router->dispatch(Object(Illuminate\\Http\\Request))
#32 C:\\laragon\\www\\laravel-skill-test\\vendor\\laravel\\framework\\src\\Illuminate\\Pipeline\\Pipeline.php(169): Illuminate\\Foundation\\Http\\Kernel->{closure:Illuminate\\Foundation\\Http\\Kernel::dispatchToRouter():197}(Object(Illuminate\\Http\\Request))
#33 C:\\laragon\\www\\laravel-skill-test\\vendor\\barryvdh\\laravel-debugbar\\src\\Middleware\\InjectDebugbar.php(66): Illuminate\\Pipeline\\Pipeline->{closure:Illuminate\\Pipeline\\Pipeline::prepareDestination():167}(Object(Illuminate\\Http\\Request))
#34 C:\\laragon\\www\\laravel-skill-test\\vendor\\laravel\\framework\\src\\Illuminate\\Pipeline\\Pipeline.php(208): Barryvdh\\Debugbar\\Middleware\\InjectDebugbar->handle(Object(Illuminate\\Http\\Request), Object(Closure))
#35 C:\\laragon\\www\\laravel-skill-test\\vendor\\laravel\\framework\\src\\Illuminate\\Foundation\\Http\\Middleware\\TransformsRequest.php(21): Illuminate\\Pipeline\\Pipeline->{closure:{closure:Illuminate\\Pipeline\\Pipeline::carry():183}:184}(Object(Illuminate\\Http\\Request))
#36 C:\\laragon\\www\\laravel-skill-test\\vendor\\laravel\\framework\\src\\Illuminate\\Foundation\\Http\\Middleware\\ConvertEmptyStringsToNull.php(31): Illuminate\\Foundation\\Http\\Middleware\\TransformsRequest->handle(Object(Illuminate\\Http\\Request), Object(Closure))
#37 C:\\laragon\\www\\laravel-skill-test\\vendor\\laravel\\framework\\src\\Illuminate\\Pipeline\\Pipeline.php(208): Illuminate\\Foundation\\Http\\Middleware\\ConvertEmptyStringsToNull->handle(Object(Illuminate\\Http\\Request), Object(Closure))
#38 C:\\laragon\\www\\laravel-skill-test\\vendor\\laravel\\framework\\src\\Illuminate\\Foundation\\Http\\Middleware\\TransformsRequest.php(21): Illuminate\\Pipeline\\Pipeline->{closure:{closure:Illuminate\\Pipeline\\Pipeline::carry():183}:184}(Object(Illuminate\\Http\\Request))
#39 C:\\laragon\\www\\laravel-skill-test\\vendor\\laravel\\framework\\src\\Illuminate\\Foundation\\Http\\Middleware\\TrimStrings.php(51): Illuminate\\Foundation\\Http\\Middleware\\TransformsRequest->handle(Object(Illuminate\\Http\\Request), Object(Closure))
#40 C:\\laragon\\www\\laravel-skill-test\\vendor\\laravel\\framework\\src\\Illuminate\\Pipeline\\Pipeline.php(208): Illuminate\\Foundation\\Http\\Middleware\\TrimStrings->handle(Object(Illuminate\\Http\\Request), Object(Closure))
#41 C:\\laragon\\www\\laravel-skill-test\\vendor\\laravel\\framework\\src\\Illuminate\\Http\\Middleware\\ValidatePostSize.php(27): Illuminate\\Pipeline\\Pipeline->{closure:{closure:Illuminate\\Pipeline\\Pipeline::carry():183}:184}(Object(Illuminate\\Http\\Request))
#42 C:\\laragon\\www\\laravel-skill-test\\vendor\\laravel\\framework\\src\\Illuminate\\Pipeline\\Pipeline.php(208): Illuminate\\Http\\Middleware\\ValidatePostSize->handle(Object(Illuminate\\Http\\Request), Object(Closure))
#43 C:\\laragon\\www\\laravel-skill-test\\vendor\\laravel\\framework\\src\\Illuminate\\Foundation\\Http\\Middleware\\PreventRequestsDuringMaintenance.php(109): Illuminate\\Pipeline\\Pipeline->{closure:{closure:Illuminate\\Pipeline\\Pipeline::carry():183}:184}(Object(Illuminate\\Http\\Request))
#44 C:\\laragon\\www\\laravel-skill-test\\vendor\\laravel\\framework\\src\\Illuminate\\Pipeline\\Pipeline.php(208): Illuminate\\Foundation\\Http\\Middleware\\PreventRequestsDuringMaintenance->handle(Object(Illuminate\\Http\\Request), Object(Closure))
#45 C:\\laragon\\www\\laravel-skill-test\\vendor\\laravel\\framework\\src\\Illuminate\\Http\\Middleware\\HandleCors.php(48): Illuminate\\Pipeline\\Pipeline->{closure:{closure:Illuminate\\Pipeline\\Pipeline::carry():183}:184}(Object(Illuminate\\Http\\Request))
#46 C:\\laragon\\www\\laravel-skill-test\\vendor\\laravel\\framework\\src\\Illuminate\\Pipeline\\Pipeline.php(208): Illuminate\\Http\\Middleware\\HandleCors->handle(Object(Illuminate\\Http\\Request), Object(Closure))
#47 C:\\laragon\\www\\laravel-skill-test\\vendor\\laravel\\framework\\src\\Illuminate\\Http\\Middleware\\TrustProxies.php(58): Illuminate\\Pipeline\\Pipeline->{closure:{closure:Illuminate\\Pipeline\\Pipeline::carry():183}:184}(Object(Illuminate\\Http\\Request))
#48 C:\\laragon\\www\\laravel-skill-test\\vendor\\laravel\\framework\\src\\Illuminate\\Pipeline\\Pipeline.php(208): Illuminate\\Http\\Middleware\\TrustProxies->handle(Object(Illuminate\\Http\\Request), Object(Closure))
#49 C:\\laragon\\www\\laravel-skill-test\\vendor\\laravel\\framework\\src\\Illuminate\\Foundation\\Http\\Middleware\\InvokeDeferredCallbacks.php(22): Illuminate\\Pipeline\\Pipeline->{closure:{closure:Illuminate\\Pipeline\\Pipeline::carry():183}:184}(Object(Illuminate\\Http\\Request))
#50 C:\\laragon\\www\\laravel-skill-test\\vendor\\laravel\\framework\\src\\Illuminate\\Pipeline\\Pipeline.php(208): Illuminate\\Foundation\\Http\\Middleware\\InvokeDeferredCallbacks->handle(Object(Illuminate\\Http\\Request), Object(Closure))
#51 C:\\laragon\\www\\laravel-skill-test\\vendor\\laravel\\framework\\src\\Illuminate\\Http\\Middleware\\ValidatePathEncoding.php(26): Illuminate\\Pipeline\\Pipeline->{closure:{closure:Illuminate\\Pipeline\\Pipeline::carry():183}:184}(Object(Illuminate\\Http\\Request))
#52 C:\\laragon\\www\\laravel-skill-test\\vendor\\laravel\\framework\\src\\Illuminate\\Pipeline\\Pipeline.php(208): Illuminate\\Http\\Middleware\\ValidatePathEncoding->handle(Object(Illuminate\\Http\\Request), Object(Closure))
#53 C:\\laragon\\www\\laravel-skill-test\\vendor\\laravel\\framework\\src\\Illuminate\\Pipeline\\Pipeline.php(126): Illuminate\\Pipeline\\Pipeline->{closure:{closure:Illuminate\\Pipeline\\Pipeline::carry():183}:184}(Object(Illuminate\\Http\\Request))
#54 C:\\laragon\\www\\laravel-skill-test\\vendor\\laravel\\framework\\src\\Illuminate\\Foundation\\Http\\Kernel.php(175): Illuminate\\Pipeline\\Pipeline->then(Object(Closure))
#55 C:\\laragon\\www\\laravel-skill-test\\vendor\\laravel\\framework\\src\\Illuminate\\Foundation\\Http\\Kernel.php(144): Illuminate\\Foundation\\Http\\Kernel->sendRequestThroughRouter(Object(Illuminate\\Http\\Request))
#56 C:\\laragon\\www\\laravel-skill-test\\vendor\\laravel\\framework\\src\\Illuminate\\Foundation\\Application.php(1219): Illuminate\\Foundation\\Http\\Kernel->handle(Object(Illuminate\\Http\\Request))
#57 C:\\laragon\\www\\laravel-skill-test\\public\\index.php(20): Illuminate\\Foundation\\Application->handleRequest(Object(Illuminate\\Http\\Request))
#58 C:\\laragon\\www\\laravel-skill-test\\vendor\\laravel\\framework\\src\\Illuminate\\Foundation\\resources\\server.php(23): require_once('C:\\\\laragon\\\\www\\\\...')
#59 {main}
"} 
[2026-02-09 06:47:52] local.ERROR: Call to undefined method App\Http\Controllers\PostController::authorize() {"userId":1,"exception":"[object] (Error(code: 0): Call to undefined method App\\Http\\Controllers\\PostController::authorize() at C:\\laragon\\www\\laravel-skill-test\\app\\Http\\Controllers\\PostController.php:67)
[stacktrace]
#0 C:\\laragon\\www\\laravel-skill-test\\vendor\\laravel\\framework\\src\\Illuminate\\Routing\\ControllerDispatcher.php(46): App\\Http\\Controllers\\PostController->edit(Object(App\\Models\\Post))
#1 C:\\laragon\\www\\laravel-skill-test\\vendor\\laravel\\framework\\src\\Illuminate\\Routing\\Route.php(265): Illuminate\\Routing\\ControllerDispatcher->dispatch(Object(Illuminate\\Routing\\Route), Object(App\\Http\\Controllers\\PostController), 'edit')
#2 C:\\laragon\\www\\laravel-skill-test\\vendor\\laravel\\framework\\src\\Illuminate\\Routing\\Route.php(211): Illuminate\\Routing\\Route->runController()
#3 C:\\laragon\\www\\laravel-skill-test\\vendor\\laravel\\framework\\src\\Illuminate\\Routing\\Router.php(808): Illuminate\\Routing\\Route->run()
#4 C:\\laragon\\www\\laravel-skill-test\\vendor\\laravel\\framework\\src\\Illuminate\\Pipeline\\Pipeline.php(169): Illuminate\\Routing\\Router->{closure:Illuminate\\Routing\\Router::runRouteWithinStack():807}(Object(Illuminate\\Http\\Request))
#5 C:\\laragon\\www\\laravel-skill-test\\vendor\\barryvdh\\laravel-debugbar\\src\\Middleware\\InjectDebugbar.php(66): Illuminate\\Pipeline\\Pipeline->{closure:Illuminate\\Pipeline\\Pipeline::prepareDestination():167}(Object(Illuminate\\Http\\Request))
#6 C:\\laragon\\www\\laravel-skill-test\\vendor\\laravel\\framework\\src\\Illuminate\\Pipeline\\Pipeline.php(208): Barryvdh\\Debugbar\\Middleware\\InjectDebugbar->handle(Object(Illuminate\\Http\\Request), Object(Closure))
#7 C:\\laragon\\www\\laravel-skill-test\\vendor\\laravel\\framework\\src\\Illuminate\\Http\\Middleware\\AddLinkHeadersForPreloadedAssets.php(32): Illuminate\\Pipeline\\Pipeline->{closure:{closure:Illuminate\\Pipeline\\Pipeline::carry():183}:184}(Object(Illuminate\\Http\\Request))
#8 C:\\laragon\\www\\laravel-skill-test\\vendor\\laravel\\framework\\src\\Illuminate\\Pipeline\\Pipeline.php(208): Illuminate\\Http\\Middleware\\AddLinkHeadersForPreloadedAssets->handle(Object(Illuminate\\Http\\Request), Object(Closure))
#9 C:\\laragon\\www\\laravel-skill-test\\vendor\\inertiajs\\inertia-laravel\\src\\Middleware.php(86): Illuminate\\Pipeline\\Pipeline->{closure:{closure:Illuminate\\Pipeline\\Pipeline::carry():183}:184}(Object(Illuminate\\Http\\Request))
#10 C:\\laragon\\www\\laravel-skill-test\\vendor\\laravel\\framework\\src\\Illuminate\\Pipeline\\Pipeline.php(208): Inertia\\Middleware->handle(Object(Illuminate\\Http\\Request), Object(Closure))
#11 C:\\laragon\\www\\laravel-skill-test\\app\\Http\\Middleware\\HandleAppearance.php(21): Illuminate\\Pipeline\\Pipeline->{closure:{closure:Illuminate\\Pipeline\\Pipeline::carry():183}:184}(Object(Illuminate\\Http\\Request))
#12 C:\\laragon\\www\\laravel-skill-test\\vendor\\laravel\\framework\\src\\Illuminate\\Pipeline\\Pipeline.php(208): App\\Http\\Middleware\\HandleAppearance->handle(Object(Illuminate\\Http\\Request), Object(Closure))
#13 C:\\laragon\\www\\laravel-skill-test\\vendor\\laravel\\framework\\src\\Illuminate\\Routing\\Middleware\\SubstituteBindings.php(50): Illuminate\\Pipeline\\Pipeline->{closure:{closure:Illuminate\\Pipeline\\Pipeline::carry():183}:184}(Object(Illuminate\\Http\\Request))
#14 C:\\laragon\\www\\laravel-skill-test\\vendor\\laravel\\framework\\src\\Illuminate\\Pipeline\\Pipeline.php(208): Illuminate\\Routing\\Middleware\\SubstituteBindings->handle(Object(Illuminate\\Http\\Request), Object(Closure))
#15 C:\\laragon\\www\\laravel-skill-test\\vendor\\laravel\\framework\\src\\Illuminate\\Auth\\Middleware\\Authenticate.php(63): Illuminate\\Pipeline\\Pipeline->{closure:{closure:Illuminate\\Pipeline\\Pipeline::carry():183}:184}(Object(Illuminate\\Http\\Request))
#16 C:\\laragon\\www\\laravel-skill-test\\vendor\\laravel\\framework\\src\\Illuminate\\Pipeline\\Pipeline.php(208): Illuminate\\Auth\\Middleware\\Authenticate->handle(Object(Illuminate\\Http\\Request), Object(Closure))
#17 C:\\laragon\\www\\laravel-skill-test\\vendor\\laravel\\framework\\src\\Illuminate\\Foundation\\Http\\Middleware\\VerifyCsrfToken.php(87): Illuminate\\Pipeline\\Pipeline->{closure:{closure:Illuminate\\Pipeline\\Pipeline::carry():183}:184}(Object(Illuminate\\Http\\Request))
#18 C:\\laragon\\www\\laravel-skill-test\\vendor\\laravel\\framework\\src\\Illuminate\\Pipeline\\Pipeline.php(208): Illuminate\\Foundation\\Http\\Middleware\\VerifyCsrfToken->handle(Object(Illuminate\\Http\\Request), Object(Closure))
#19 C:\\laragon\\www\\laravel-skill-test\\vendor\\laravel\\framework\\src\\Illuminate\\View\\Middleware\\ShareErrorsFromSession.php(48): Illuminate\\Pipeline\\Pipeline->{closure:{closure:Illuminate\\Pipeline\\Pipeline::carry():183}:184}(Object(Illuminate\\Http\\Request))
#20 C:\\laragon\\www\\laravel-skill-test\\vendor\\laravel\\framework\\src\\Illuminate\\Pipeline\\Pipeline.php(208): Illuminate\\View\\Middleware\\ShareErrorsFromSession->handle(Object(Illuminate\\Http\\Request), Object(Closure))
#21 C:\\laragon\\www\\laravel-skill-test\\vendor\\laravel\\framework\\src\\Illuminate\\Session\\Middleware\\StartSession.php(120): Illuminate\\Pipeline\\Pipeline->{closure:{closure:Illuminate\\Pipeline\\Pipeline::carry():183}:184}(Object(Illuminate\\Http\\Request))
#22 C:\\laragon\\www\\laravel-skill-test\\vendor\\laravel\\framework\\src\\Illuminate\\Session\\Middleware\\StartSession.php(63): Illuminate\\Session\\Middleware\\StartSession->handleStatefulRequest(Object(Illuminate\\Http\\Request), Object(Illuminate\\Session\\Store), Object(Closure))
#23 C:\\laragon\\www\\laravel-skill-test\\vendor\\laravel\\framework\\src\\Illuminate\\Pipeline\\Pipeline.php(208): Illuminate\\Session\\Middleware\\StartSession->handle(Object(Illuminate\\Http\\Request), Object(Closure))
#24 C:\\laragon\\www\\laravel-skill-test\\vendor\\laravel\\framework\\src\\Illuminate\\Cookie\\Middleware\\AddQueuedCookiesToResponse.php(36): Illuminate\\Pipeline\\Pipeline->{closure:{closure:Illuminate\\Pipeline\\Pipeline::carry():183}:184}(Object(Illuminate\\Http\\Request))
#25 C:\\laragon\\www\\laravel-skill-test\\vendor\\laravel\\framework\\src\\Illuminate\\Pipeline\\Pipeline.php(208): Illuminate\\Cookie\\Middleware\\AddQueuedCookiesToResponse->handle(Object(Illuminate\\Http\\Request), Object(Closure))
#26 C:\\laragon\\www\\laravel-skill-test\\vendor\\laravel\\framework\\src\\Illuminate\\Cookie\\Middleware\\EncryptCookies.php(74): Illuminate\\Pipeline\\Pipeline->{closure:{closure:Illuminate\\Pipeline\\Pipeline::carry():183}:184}(Object(Illuminate\\Http\\Request))
#27 C:\\laragon\\www\\laravel-skill-test\\vendor\\laravel\\framework\\src\\Illuminate\\Pipeline\\Pipeline.php(208): Illuminate\\Cookie\\Middleware\\EncryptCookies->handle(Object(Illuminate\\Http\\Request), Object(Closure))
#28 C:\\laragon\\www\\laravel-skill-test\\vendor\\laravel\\framework\\src\\Illuminate\\Pipeline\\Pipeline.php(126): Illuminate\\Pipeline\\Pipeline->{closure:{closure:Illuminate\\Pipeline\\Pipeline::carry():183}:184}(Object(Illuminate\\Http\\Request))
#29 C:\\laragon\\www\\laravel-skill-test\\vendor\\laravel\\framework\\src\\Illuminate\\Routing\\Router.php(807): Illuminate\\Pipeline\\Pipeline->then(Object(Closure))
#30 C:\\laragon\\www\\laravel-skill-test\\vendor\\laravel\\framework\\src\\Illuminate\\Routing\\Router.php(786): Illuminate\\Routing\\Router->runRouteWithinStack(Object(Illuminate\\Routing\\Route), Object(Illuminate\\Http\\Request))
#31 C:\\laragon\\www\\laravel-skill-test\\vendor\\laravel\\framework\\src\\Illuminate\\Routing\\Router.php(750): Illuminate\\Routing\\Router->runRoute(Object(Illuminate\\Http\\Request), Object(Illuminate\\Routing\\Route))
#32 C:\\laragon\\www\\laravel-skill-test\\vendor\\laravel\\framework\\src\\Illuminate\\Routing\\Router.php(739): Illuminate\\Routing\\Router->dispatchToRoute(Object(Illuminate\\Http\\Request))
#33 C:\\laragon\\www\\laravel-skill-test\\vendor\\laravel\\framework\\src\\Illuminate\\Foundation\\Http\\Kernel.php(200): Illuminate\\Routing\\Router->dispatch(Object(Illuminate\\Http\\Request))
#34 C:\\laragon\\www\\laravel-skill-test\\vendor\\laravel\\framework\\src\\Illuminate\\Pipeline\\Pipeline.php(169): Illuminate\\Foundation\\Http\\Kernel->{closure:Illuminate\\Foundation\\Http\\Kernel::dispatchToRouter():197}(Object(Illuminate\\Http\\Request))
#35 C:\\laragon\\www\\laravel-skill-test\\vendor\\barryvdh\\laravel-debugbar\\src\\Middleware\\InjectDebugbar.php(66): Illuminate\\Pipeline\\Pipeline->{closure:Illuminate\\Pipeline\\Pipeline::prepareDestination():167}(Object(Illuminate\\Http\\Request))
#36 C:\\laragon\\www\\laravel-skill-test\\vendor\\laravel\\framework\\src\\Illuminate\\Pipeline\\Pipeline.php(208): Barryvdh\\Debugbar\\Middleware\\InjectDebugbar->handle(Object(Illuminate\\Http\\Request), Object(Closure))
#37 C:\\laragon\\www\\laravel-skill-test\\vendor\\laravel\\framework\\src\\Illuminate\\Foundation\\Http\\Middleware\\TransformsRequest.php(21): Illuminate\\Pipeline\\Pipeline->{closure:{closure:Illuminate\\Pipeline\\Pipeline::carry():183}:184}(Object(Illuminate\\Http\\Request))
#38 C:\\laragon\\www\\laravel-skill-test\\vendor\\laravel\\framework\\src\\Illuminate\\Foundation\\Http\\Middleware\\ConvertEmptyStringsToNull.php(31): Illuminate\\Foundation\\Http\\Middleware\\TransformsRequest->handle(Object(Illuminate\\Http\\Request), Object(Closure))
#39 C:\\laragon\\www\\laravel-skill-test\\vendor\\laravel\\framework\\src\\Illuminate\\Pipeline\\Pipeline.php(208): Illuminate\\Foundation\\Http\\Middleware\\ConvertEmptyStringsToNull->handle(Object(Illuminate\\Http\\Request), Object(Closure))
#40 C:\\laragon\\www\\laravel-skill-test\\vendor\\laravel\\framework\\src\\Illuminate\\Foundation\\Http\\Middleware\\TransformsRequest.php(21): Illuminate\\Pipeline\\Pipeline->{closure:{closure:Illuminate\\Pipeline\\Pipeline::carry():183}:184}(Object(Illuminate\\Http\\Request))
#41 C:\\laragon\\www\\laravel-skill-test\\vendor\\laravel\\framework\\src\\Illuminate\\Foundation\\Http\\Middleware\\TrimStrings.php(51): Illuminate\\Foundation\\Http\\Middleware\\TransformsRequest->handle(Object(Illuminate\\Http\\Request), Object(Closure))
#42 C:\\laragon\\www\\laravel-skill-test\\vendor\\laravel\\framework\\src\\Illuminate\\Pipeline\\Pipeline.php(208): Illuminate\\Foundation\\Http\\Middleware\\TrimStrings->handle(Object(Illuminate\\Http\\Request), Object(Closure))
#43 C:\\laragon\\www\\laravel-skill-test\\vendor\\laravel\\framework\\src\\Illuminate\\Http\\Middleware\\ValidatePostSize.php(27): Illuminate\\Pipeline\\Pipeline->{closure:{closure:Illuminate\\Pipeline\\Pipeline::carry():183}:184}(Object(Illuminate\\Http\\Request))
#44 C:\\laragon\\www\\laravel-skill-test\\vendor\\laravel\\framework\\src\\Illuminate\\Pipeline\\Pipeline.php(208): Illuminate\\Http\\Middleware\\ValidatePostSize->handle(Object(Illuminate\\Http\\Request), Object(Closure))
#45 C:\\laragon\\www\\laravel-skill-test\\vendor\\laravel\\framework\\src\\Illuminate\\Foundation\\Http\\Middleware\\PreventRequestsDuringMaintenance.php(109): Illuminate\\Pipeline\\Pipeline->{closure:{closure:Illuminate\\Pipeline\\Pipeline::carry():183}:184}(Object(Illuminate\\Http\\Request))
#46 C:\\laragon\\www\\laravel-skill-test\\vendor\\laravel\\framework\\src\\Illuminate\\Pipeline\\Pipeline.php(208): Illuminate\\Foundation\\Http\\Middleware\\PreventRequestsDuringMaintenance->handle(Object(Illuminate\\Http\\Request), Object(Closure))
#47 C:\\laragon\\www\\laravel-skill-test\\vendor\\laravel\\framework\\src\\Illuminate\\Http\\Middleware\\HandleCors.php(48): Illuminate\\Pipeline\\Pipeline->{closure:{closure:Illuminate\\Pipeline\\Pipeline::carry():183}:184}(Object(Illuminate\\Http\\Request))
#48 C:\\laragon\\www\\laravel-skill-test\\vendor\\laravel\\framework\\src\\Illuminate\\Pipeline\\Pipeline.php(208): Illuminate\\Http\\Middleware\\HandleCors->handle(Object(Illuminate\\Http\\Request), Object(Closure))
#49 C:\\laragon\\www\\laravel-skill-test\\vendor\\laravel\\framework\\src\\Illuminate\\Http\\Middleware\\TrustProxies.php(58): Illuminate\\Pipeline\\Pipeline->{closure:{closure:Illuminate\\Pipeline\\Pipeline::carry():183}:184}(Object(Illuminate\\Http\\Request))
#50 C:\\laragon\\www\\laravel-skill-test\\vendor\\laravel\\framework\\src\\Illuminate\\Pipeline\\Pipeline.php(208): Illuminate\\Http\\Middleware\\TrustProxies->handle(Object(Illuminate\\Http\\Request), Object(Closure))
#51 C:\\laragon\\www\\laravel-skill-test\\vendor\\laravel\\framework\\src\\Illuminate\\Foundation\\Http\\Middleware\\InvokeDeferredCallbacks.php(22): Illuminate\\Pipeline\\Pipeline->{closure:{closure:Illuminate\\Pipeline\\Pipeline::carry():183}:184}(Object(Illuminate\\Http\\Request))
#52 C:\\laragon\\www\\laravel-skill-test\\vendor\\laravel\\framework\\src\\Illuminate\\Pipeline\\Pipeline.php(208): Illuminate\\Foundation\\Http\\Middleware\\InvokeDeferredCallbacks->handle(Object(Illuminate\\Http\\Request), Object(Closure))
#53 C:\\laragon\\www\\laravel-skill-test\\vendor\\laravel\\framework\\src\\Illuminate\\Http\\Middleware\\ValidatePathEncoding.php(26): Illuminate\\Pipeline\\Pipeline->{closure:{closure:Illuminate\\Pipeline\\Pipeline::carry():183}:184}(Object(Illuminate\\Http\\Request))
#54 C:\\laragon\\www\\laravel-skill-test\\vendor\\laravel\\framework\\src\\Illuminate\\Pipeline\\Pipeline.php(208): Illuminate\\Http\\Middleware\\ValidatePathEncoding->handle(Object(Illuminate\\Http\\Request), Object(Closure))
#55 C:\\laragon\\www\\laravel-skill-test\\vendor\\laravel\\framework\\src\\Illuminate\\Pipeline\\Pipeline.php(126): Illuminate\\Pipeline\\Pipeline->{closure:{closure:Illuminate\\Pipeline\\Pipeline::carry():183}:184}(Object(Illuminate\\Http\\Request))
#56 C:\\laragon\\www\\laravel-skill-test\\vendor\\laravel\\framework\\src\\Illuminate\\Foundation\\Http\\Kernel.php(175): Illuminate\\Pipeline\\Pipeline->then(Object(Closure))
#57 C:\\laragon\\www\\laravel-skill-test\\vendor\\laravel\\framework\\src\\Illuminate\\Foundation\\Http\\Kernel.php(144): Illuminate\\Foundation\\Http\\Kernel->sendRequestThroughRouter(Object(Illuminate\\Http\\Request))
#58 C:\\laragon\\www\\laravel-skill-test\\vendor\\laravel\\framework\\src\\Illuminate\\Foundation\\Application.php(1219): Illuminate\\Foundation\\Http\\Kernel->handle(Object(Illuminate\\Http\\Request))
#59 C:\\laragon\\www\\laravel-skill-test\\public\\index.php(20): Illuminate\\Foundation\\Application->handleRequest(Object(Illuminate\\Http\\Request))
#60 C:\\laragon\\www\\laravel-skill-test\\vendor\\laravel\\framework\\src\\Illuminate\\Foundation\\resources\\server.php(23): require_once('C:\\\\laragon\\\\www\\\\...')
#61 {main}
"} 
[2026-02-09 06:49:10] local.ERROR: Call to undefined method App\Http\Controllers\PostController::authorize() {"userId":1,"exception":"[object] (Error(code: 0): Call to undefined method App\\Http\\Controllers\\PostController::authorize() at C:\\laragon\\www\\laravel-skill-test\\app\\Http\\Controllers\\PostController.php:68)
[stacktrace]
#0 C:\\laragon\\www\\laravel-skill-test\\vendor\\laravel\\framework\\src\\Illuminate\\Routing\\ControllerDispatcher.php(46): App\\Http\\Controllers\\PostController->edit(Object(App\\Models\\Post))
#1 C:\\laragon\\www\\laravel-skill-test\\vendor\\laravel\\framework\\src\\Illuminate\\Routing\\Route.php(265): Illuminate\\Routing\\ControllerDispatcher->dispatch(Object(Illuminate\\Routing\\Route), Object(App\\Http\\Controllers\\PostController), 'edit')
#2 C:\\laragon\\www\\laravel-skill-test\\vendor\\laravel\\framework\\src\\Illuminate\\Routing\\Route.php(211): Illuminate\\Routing\\Route->runController()
#3 C:\\laragon\\www\\laravel-skill-test\\vendor\\laravel\\framework\\src\\Illuminate\\Routing\\Router.php(808): Illuminate\\Routing\\Route->run()
#4 C:\\laragon\\www\\laravel-skill-test\\vendor\\laravel\\framework\\src\\Illuminate\\Pipeline\\Pipeline.php(169): Illuminate\\Routing\\Router->{closure:Illuminate\\Routing\\Router::runRouteWithinStack():807}(Object(Illuminate\\Http\\Request))
#5 C:\\laragon\\www\\laravel-skill-test\\vendor\\barryvdh\\laravel-debugbar\\src\\Middleware\\InjectDebugbar.php(66): Illuminate\\Pipeline\\Pipeline->{closure:Illuminate\\Pipeline\\Pipeline::prepareDestination():167}(Object(Illuminate\\Http\\Request))
#6 C:\\laragon\\www\\laravel-skill-test\\vendor\\laravel\\framework\\src\\Illuminate\\Pipeline\\Pipeline.php(208): Barryvdh\\Debugbar\\Middleware\\InjectDebugbar->handle(Object(Illuminate\\Http\\Request), Object(Closure))
#7 C:\\laragon\\www\\laravel-skill-test\\vendor\\laravel\\framework\\src\\Illuminate\\Http\\Middleware\\AddLinkHeadersForPreloadedAssets.php(32): Illuminate\\Pipeline\\Pipeline->{closure:{closure:Illuminate\\Pipeline\\Pipeline::carry():183}:184}(Object(Illuminate\\Http\\Request))
#8 C:\\laragon\\www\\laravel-skill-test\\vendor\\laravel\\framework\\src\\Illuminate\\Pipeline\\Pipeline.php(208): Illuminate\\Http\\Middleware\\AddLinkHeadersForPreloadedAssets->handle(Object(Illuminate\\Http\\Request), Object(Closure))
#9 C:\\laragon\\www\\laravel-skill-test\\vendor\\inertiajs\\inertia-laravel\\src\\Middleware.php(86): Illuminate\\Pipeline\\Pipeline->{closure:{closure:Illuminate\\Pipeline\\Pipeline::carry():183}:184}(Object(Illuminate\\Http\\Request))
#10 C:\\laragon\\www\\laravel-skill-test\\vendor\\laravel\\framework\\src\\Illuminate\\Pipeline\\Pipeline.php(208): Inertia\\Middleware->handle(Object(Illuminate\\Http\\Request), Object(Closure))
#11 C:\\laragon\\www\\laravel-skill-test\\app\\Http\\Middleware\\HandleAppearance.php(21): Illuminate\\Pipeline\\Pipeline->{closure:{closure:Illuminate\\Pipeline\\Pipeline::carry():183}:184}(Object(Illuminate\\Http\\Request))
#12 C:\\laragon\\www\\laravel-skill-test\\vendor\\laravel\\framework\\src\\Illuminate\\Pipeline\\Pipeline.php(208): App\\Http\\Middleware\\HandleAppearance->handle(Object(Illuminate\\Http\\Request), Object(Closure))
#13 C:\\laragon\\www\\laravel-skill-test\\vendor\\laravel\\framework\\src\\Illuminate\\Routing\\Middleware\\SubstituteBindings.php(50): Illuminate\\Pipeline\\Pipeline->{closure:{closure:Illuminate\\Pipeline\\Pipeline::carry():183}:184}(Object(Illuminate\\Http\\Request))
#14 C:\\laragon\\www\\laravel-skill-test\\vendor\\laravel\\framework\\src\\Illuminate\\Pipeline\\Pipeline.php(208): Illuminate\\Routing\\Middleware\\SubstituteBindings->handle(Object(Illuminate\\Http\\Request), Object(Closure))
#15 C:\\laragon\\www\\laravel-skill-test\\vendor\\laravel\\framework\\src\\Illuminate\\Auth\\Middleware\\Authenticate.php(63): Illuminate\\Pipeline\\Pipeline->{closure:{closure:Illuminate\\Pipeline\\Pipeline::carry():183}:184}(Object(Illuminate\\Http\\Request))
#16 C:\\laragon\\www\\laravel-skill-test\\vendor\\laravel\\framework\\src\\Illuminate\\Pipeline\\Pipeline.php(208): Illuminate\\Auth\\Middleware\\Authenticate->handle(Object(Illuminate\\Http\\Request), Object(Closure))
#17 C:\\laragon\\www\\laravel-skill-test\\vendor\\laravel\\framework\\src\\Illuminate\\Foundation\\Http\\Middleware\\VerifyCsrfToken.php(87): Illuminate\\Pipeline\\Pipeline->{closure:{closure:Illuminate\\Pipeline\\Pipeline::carry():183}:184}(Object(Illuminate\\Http\\Request))
#18 C:\\laragon\\www\\laravel-skill-test\\vendor\\laravel\\framework\\src\\Illuminate\\Pipeline\\Pipeline.php(208): Illuminate\\Foundation\\Http\\Middleware\\VerifyCsrfToken->handle(Object(Illuminate\\Http\\Request), Object(Closure))
#19 C:\\laragon\\www\\laravel-skill-test\\vendor\\laravel\\framework\\src\\Illuminate\\View\\Middleware\\ShareErrorsFromSession.php(48): Illuminate\\Pipeline\\Pipeline->{closure:{closure:Illuminate\\Pipeline\\Pipeline::carry():183}:184}(Object(Illuminate\\Http\\Request))
#20 C:\\laragon\\www\\laravel-skill-test\\vendor\\laravel\\framework\\src\\Illuminate\\Pipeline\\Pipeline.php(208): Illuminate\\View\\Middleware\\ShareErrorsFromSession->handle(Object(Illuminate\\Http\\Request), Object(Closure))
#21 C:\\laragon\\www\\laravel-skill-test\\vendor\\laravel\\framework\\src\\Illuminate\\Session\\Middleware\\StartSession.php(120): Illuminate\\Pipeline\\Pipeline->{closure:{closure:Illuminate\\Pipeline\\Pipeline::carry():183}:184}(Object(Illuminate\\Http\\Request))
#22 C:\\laragon\\www\\laravel-skill-test\\vendor\\laravel\\framework\\src\\Illuminate\\Session\\Middleware\\StartSession.php(63): Illuminate\\Session\\Middleware\\StartSession->handleStatefulRequest(Object(Illuminate\\Http\\Request), Object(Illuminate\\Session\\Store), Object(Closure))
#23 C:\\laragon\\www\\laravel-skill-test\\vendor\\laravel\\framework\\src\\Illuminate\\Pipeline\\Pipeline.php(208): Illuminate\\Session\\Middleware\\StartSession->handle(Object(Illuminate\\Http\\Request), Object(Closure))
#24 C:\\laragon\\www\\laravel-skill-test\\vendor\\laravel\\framework\\src\\Illuminate\\Cookie\\Middleware\\AddQueuedCookiesToResponse.php(36): Illuminate\\Pipeline\\Pipeline->{closure:{closure:Illuminate\\Pipeline\\Pipeline::carry():183}:184}(Object(Illuminate\\Http\\Request))
#25 C:\\laragon\\www\\laravel-skill-test\\vendor\\laravel\\framework\\src\\Illuminate\\Pipeline\\Pipeline.php(208): Illuminate\\Cookie\\Middleware\\AddQueuedCookiesToResponse->handle(Object(Illuminate\\Http\\Request), Object(Closure))
#26 C:\\laragon\\www\\laravel-skill-test\\vendor\\laravel\\framework\\src\\Illuminate\\Cookie\\Middleware\\EncryptCookies.php(74): Illuminate\\Pipeline\\Pipeline->{closure:{closure:Illuminate\\Pipeline\\Pipeline::carry():183}:184}(Object(Illuminate\\Http\\Request))
#27 C:\\laragon\\www\\laravel-skill-test\\vendor\\laravel\\framework\\src\\Illuminate\\Pipeline\\Pipeline.php(208): Illuminate\\Cookie\\Middleware\\EncryptCookies->handle(Object(Illuminate\\Http\\Request), Object(Closure))
#28 C:\\laragon\\www\\laravel-skill-test\\vendor\\laravel\\framework\\src\\Illuminate\\Pipeline\\Pipeline.php(126): Illuminate\\Pipeline\\Pipeline->{closure:{closure:Illuminate\\Pipeline\\Pipeline::carry():183}:184}(Object(Illuminate\\Http\\Request))
#29 C:\\laragon\\www\\laravel-skill-test\\vendor\\laravel\\framework\\src\\Illuminate\\Routing\\Router.php(807): Illuminate\\Pipeline\\Pipeline->then(Object(Closure))
#30 C:\\laragon\\www\\laravel-skill-test\\vendor\\laravel\\framework\\src\\Illuminate\\Routing\\Router.php(786): Illuminate\\Routing\\Router->runRouteWithinStack(Object(Illuminate\\Routing\\Route), Object(Illuminate\\Http\\Request))
#31 C:\\laragon\\www\\laravel-skill-test\\vendor\\laravel\\framework\\src\\Illuminate\\Routing\\Router.php(750): Illuminate\\Routing\\Router->runRoute(Object(Illuminate\\Http\\Request), Object(Illuminate\\Routing\\Route))
#32 C:\\laragon\\www\\laravel-skill-test\\vendor\\laravel\\framework\\src\\Illuminate\\Routing\\Router.php(739): Illuminate\\Routing\\Router->dispatchToRoute(Object(Illuminate\\Http\\Request))
#33 C:\\laragon\\www\\laravel-skill-test\\vendor\\laravel\\framework\\src\\Illuminate\\Foundation\\Http\\Kernel.php(200): Illuminate\\Routing\\Router->dispatch(Object(Illuminate\\Http\\Request))
#34 C:\\laragon\\www\\laravel-skill-test\\vendor\\laravel\\framework\\src\\Illuminate\\Pipeline\\Pipeline.php(169): Illuminate\\Foundation\\Http\\Kernel->{closure:Illuminate\\Foundation\\Http\\Kernel::dispatchToRouter():197}(Object(Illuminate\\Http\\Request))
#35 C:\\laragon\\www\\laravel-skill-test\\vendor\\barryvdh\\laravel-debugbar\\src\\Middleware\\InjectDebugbar.php(66): Illuminate\\Pipeline\\Pipeline->{closure:Illuminate\\Pipeline\\Pipeline::prepareDestination():167}(Object(Illuminate\\Http\\Request))
#36 C:\\laragon\\www\\laravel-skill-test\\vendor\\laravel\\framework\\src\\Illuminate\\Pipeline\\Pipeline.php(208): Barryvdh\\Debugbar\\Middleware\\InjectDebugbar->handle(Object(Illuminate\\Http\\Request), Object(Closure))
#37 C:\\laragon\\www\\laravel-skill-test\\vendor\\laravel\\framework\\src\\Illuminate\\Foundation\\Http\\Middleware\\TransformsRequest.php(21): Illuminate\\Pipeline\\Pipeline->{closure:{closure:Illuminate\\Pipeline\\Pipeline::carry():183}:184}(Object(Illuminate\\Http\\Request))
#38 C:\\laragon\\www\\laravel-skill-test\\vendor\\laravel\\framework\\src\\Illuminate\\Foundation\\Http\\Middleware\\ConvertEmptyStringsToNull.php(31): Illuminate\\Foundation\\Http\\Middleware\\TransformsRequest->handle(Object(Illuminate\\Http\\Request), Object(Closure))
#39 C:\\laragon\\www\\laravel-skill-test\\vendor\\laravel\\framework\\src\\Illuminate\\Pipeline\\Pipeline.php(208): Illuminate\\Foundation\\Http\\Middleware\\ConvertEmptyStringsToNull->handle(Object(Illuminate\\Http\\Request), Object(Closure))
#40 C:\\laragon\\www\\laravel-skill-test\\vendor\\laravel\\framework\\src\\Illuminate\\Foundation\\Http\\Middleware\\TransformsRequest.php(21): Illuminate\\Pipeline\\Pipeline->{closure:{closure:Illuminate\\Pipeline\\Pipeline::carry():183}:184}(Object(Illuminate\\Http\\Request))
#41 C:\\laragon\\www\\laravel-skill-test\\vendor\\laravel\\framework\\src\\Illuminate\\Foundation\\Http\\Middleware\\TrimStrings.php(51): Illuminate\\Foundation\\Http\\Middleware\\TransformsRequest->handle(Object(Illuminate\\Http\\Request), Object(Closure))
#42 C:\\laragon\\www\\laravel-skill-test\\vendor\\laravel\\framework\\src\\Illuminate\\Pipeline\\Pipeline.php(208): Illuminate\\Foundation\\Http\\Middleware\\TrimStrings->handle(Object(Illuminate\\Http\\Request), Object(Closure))
#43 C:\\laragon\\www\\laravel-skill-test\\vendor\\laravel\\framework\\src\\Illuminate\\Http\\Middleware\\ValidatePostSize.php(27): Illuminate\\Pipeline\\Pipeline->{closure:{closure:Illuminate\\Pipeline\\Pipeline::carry():183}:184}(Object(Illuminate\\Http\\Request))
#44 C:\\laragon\\www\\laravel-skill-test\\vendor\\laravel\\framework\\src\\Illuminate\\Pipeline\\Pipeline.php(208): Illuminate\\Http\\Middleware\\ValidatePostSize->handle(Object(Illuminate\\Http\\Request), Object(Closure))
#45 C:\\laragon\\www\\laravel-skill-test\\vendor\\laravel\\framework\\src\\Illuminate\\Foundation\\Http\\Middleware\\PreventRequestsDuringMaintenance.php(109): Illuminate\\Pipeline\\Pipeline->{closure:{closure:Illuminate\\Pipeline\\Pipeline::carry():183}:184}(Object(Illuminate\\Http\\Request))
#46 C:\\laragon\\www\\laravel-skill-test\\vendor\\laravel\\framework\\src\\Illuminate\\Pipeline\\Pipeline.php(208): Illuminate\\Foundation\\Http\\Middleware\\PreventRequestsDuringMaintenance->handle(Object(Illuminate\\Http\\Request), Object(Closure))
#47 C:\\laragon\\www\\laravel-skill-test\\vendor\\laravel\\framework\\src\\Illuminate\\Http\\Middleware\\HandleCors.php(48): Illuminate\\Pipeline\\Pipeline->{closure:{closure:Illuminate\\Pipeline\\Pipeline::carry():183}:184}(Object(Illuminate\\Http\\Request))
#48 C:\\laragon\\www\\laravel-skill-test\\vendor\\laravel\\framework\\src\\Illuminate\\Pipeline\\Pipeline.php(208): Illuminate\\Http\\Middleware\\HandleCors->handle(Object(Illuminate\\Http\\Request), Object(Closure))
#49 C:\\laragon\\www\\laravel-skill-test\\vendor\\laravel\\framework\\src\\Illuminate\\Http\\Middleware\\TrustProxies.php(58): Illuminate\\Pipeline\\Pipeline->{closure:{closure:Illuminate\\Pipeline\\Pipeline::carry():183}:184}(Object(Illuminate\\Http\\Request))
#50 C:\\laragon\\www\\laravel-skill-test\\vendor\\laravel\\framework\\src\\Illuminate\\Pipeline\\Pipeline.php(208): Illuminate\\Http\\Middleware\\TrustProxies->handle(Object(Illuminate\\Http\\Request), Object(Closure))
#51 C:\\laragon\\www\\laravel-skill-test\\vendor\\laravel\\framework\\src\\Illuminate\\Foundation\\Http\\Middleware\\InvokeDeferredCallbacks.php(22): Illuminate\\Pipeline\\Pipeline->{closure:{closure:Illuminate\\Pipeline\\Pipeline::carry():183}:184}(Object(Illuminate\\Http\\Request))
#52 C:\\laragon\\www\\laravel-skill-test\\vendor\\laravel\\framework\\src\\Illuminate\\Pipeline\\Pipeline.php(208): Illuminate\\Foundation\\Http\\Middleware\\InvokeDeferredCallbacks->handle(Object(Illuminate\\Http\\Request), Object(Closure))
#53 C:\\laragon\\www\\laravel-skill-test\\vendor\\laravel\\framework\\src\\Illuminate\\Http\\Middleware\\ValidatePathEncoding.php(26): Illuminate\\Pipeline\\Pipeline->{closure:{closure:Illuminate\\Pipeline\\Pipeline::carry():183}:184}(Object(Illuminate\\Http\\Request))
#54 C:\\laragon\\www\\laravel-skill-test\\vendor\\laravel\\framework\\src\\Illuminate\\Pipeline\\Pipeline.php(208): Illuminate\\Http\\Middleware\\ValidatePathEncoding->handle(Object(Illuminate\\Http\\Request), Object(Closure))
#55 C:\\laragon\\www\\laravel-skill-test\\vendor\\laravel\\framework\\src\\Illuminate\\Pipeline\\Pipeline.php(126): Illuminate\\Pipeline\\Pipeline->{closure:{closure:Illuminate\\Pipeline\\Pipeline::carry():183}:184}(Object(Illuminate\\Http\\Request))
#56 C:\\laragon\\www\\laravel-skill-test\\vendor\\laravel\\framework\\src\\Illuminate\\Foundation\\Http\\Kernel.php(175): Illuminate\\Pipeline\\Pipeline->then(Object(Closure))
#57 C:\\laragon\\www\\laravel-skill-test\\vendor\\laravel\\framework\\src\\Illuminate\\Foundation\\Http\\Kernel.php(144): Illuminate\\Foundation\\Http\\Kernel->sendRequestThroughRouter(Object(Illuminate\\Http\\Request))
#58 C:\\laragon\\www\\laravel-skill-test\\vendor\\laravel\\framework\\src\\Illuminate\\Foundation\\Application.php(1219): Illuminate\\Foundation\\Http\\Kernel->handle(Object(Illuminate\\Http\\Request))
#59 C:\\laragon\\www\\laravel-skill-test\\public\\index.php(20): Illuminate\\Foundation\\Application->handleRequest(Object(Illuminate\\Http\\Request))
#60 C:\\laragon\\www\\laravel-skill-test\\vendor\\laravel\\framework\\src\\Illuminate\\Foundation\\resources\\server.php(23): require_once('C:\\\\laragon\\\\www\\\\...')
#61 {main}
"} 
[2026-02-09 06:49:48] local.ERROR: Class "App\Http\Controllers\Gate" not found {"userId":1,"exception":"[object] (Error(code: 0): Class \"App\\Http\\Controllers\\Gate\" not found at C:\\laragon\\www\\laravel-skill-test\\app\\Http\\Controllers\\PostController.php:68)
[stacktrace]
#0 C:\\laragon\\www\\laravel-skill-test\\vendor\\laravel\\framework\\src\\Illuminate\\Routing\\ControllerDispatcher.php(46): App\\Http\\Controllers\\PostController->edit(Object(App\\Models\\Post))
#1 C:\\laragon\\www\\laravel-skill-test\\vendor\\laravel\\framework\\src\\Illuminate\\Routing\\Route.php(265): Illuminate\\Routing\\ControllerDispatcher->dispatch(Object(Illuminate\\Routing\\Route), Object(App\\Http\\Controllers\\PostController), 'edit')
#2 C:\\laragon\\www\\laravel-skill-test\\vendor\\laravel\\framework\\src\\Illuminate\\Routing\\Route.php(211): Illuminate\\Routing\\Route->runController()
#3 C:\\laragon\\www\\laravel-skill-test\\vendor\\laravel\\framework\\src\\Illuminate\\Routing\\Router.php(808): Illuminate\\Routing\\Route->run()
#4 C:\\laragon\\www\\laravel-skill-test\\vendor\\laravel\\framework\\src\\Illuminate\\Pipeline\\Pipeline.php(169): Illuminate\\Routing\\Router->{closure:Illuminate\\Routing\\Router::runRouteWithinStack():807}(Object(Illuminate\\Http\\Request))
#5 C:\\laragon\\www\\laravel-skill-test\\vendor\\barryvdh\\laravel-debugbar\\src\\Middleware\\InjectDebugbar.php(66): Illuminate\\Pipeline\\Pipeline->{closure:Illuminate\\Pipeline\\Pipeline::prepareDestination():167}(Object(Illuminate\\Http\\Request))
#6 C:\\laragon\\www\\laravel-skill-test\\vendor\\laravel\\framework\\src\\Illuminate\\Pipeline\\Pipeline.php(208): Barryvdh\\Debugbar\\Middleware\\InjectDebugbar->handle(Object(Illuminate\\Http\\Request), Object(Closure))
#7 C:\\laragon\\www\\laravel-skill-test\\vendor\\laravel\\framework\\src\\Illuminate\\Http\\Middleware\\AddLinkHeadersForPreloadedAssets.php(32): Illuminate\\Pipeline\\Pipeline->{closure:{closure:Illuminate\\Pipeline\\Pipeline::carry():183}:184}(Object(Illuminate\\Http\\Request))
#8 C:\\laragon\\www\\laravel-skill-test\\vendor\\laravel\\framework\\src\\Illuminate\\Pipeline\\Pipeline.php(208): Illuminate\\Http\\Middleware\\AddLinkHeadersForPreloadedAssets->handle(Object(Illuminate\\Http\\Request), Object(Closure))
#9 C:\\laragon\\www\\laravel-skill-test\\vendor\\inertiajs\\inertia-laravel\\src\\Middleware.php(86): Illuminate\\Pipeline\\Pipeline->{closure:{closure:Illuminate\\Pipeline\\Pipeline::carry():183}:184}(Object(Illuminate\\Http\\Request))
#10 C:\\laragon\\www\\laravel-skill-test\\vendor\\laravel\\framework\\src\\Illuminate\\Pipeline\\Pipeline.php(208): Inertia\\Middleware->handle(Object(Illuminate\\Http\\Request), Object(Closure))
#11 C:\\laragon\\www\\laravel-skill-test\\app\\Http\\Middleware\\HandleAppearance.php(21): Illuminate\\Pipeline\\Pipeline->{closure:{closure:Illuminate\\Pipeline\\Pipeline::carry():183}:184}(Object(Illuminate\\Http\\Request))
#12 C:\\laragon\\www\\laravel-skill-test\\vendor\\laravel\\framework\\src\\Illuminate\\Pipeline\\Pipeline.php(208): App\\Http\\Middleware\\HandleAppearance->handle(Object(Illuminate\\Http\\Request), Object(Closure))
#13 C:\\laragon\\www\\laravel-skill-test\\vendor\\laravel\\framework\\src\\Illuminate\\Routing\\Middleware\\SubstituteBindings.php(50): Illuminate\\Pipeline\\Pipeline->{closure:{closure:Illuminate\\Pipeline\\Pipeline::carry():183}:184}(Object(Illuminate\\Http\\Request))
#14 C:\\laragon\\www\\laravel-skill-test\\vendor\\laravel\\framework\\src\\Illuminate\\Pipeline\\Pipeline.php(208): Illuminate\\Routing\\Middleware\\SubstituteBindings->handle(Object(Illuminate\\Http\\Request), Object(Closure))
#15 C:\\laragon\\www\\laravel-skill-test\\vendor\\laravel\\framework\\src\\Illuminate\\Auth\\Middleware\\Authenticate.php(63): Illuminate\\Pipeline\\Pipeline->{closure:{closure:Illuminate\\Pipeline\\Pipeline::carry():183}:184}(Object(Illuminate\\Http\\Request))
#16 C:\\laragon\\www\\laravel-skill-test\\vendor\\laravel\\framework\\src\\Illuminate\\Pipeline\\Pipeline.php(208): Illuminate\\Auth\\Middleware\\Authenticate->handle(Object(Illuminate\\Http\\Request), Object(Closure))
#17 C:\\laragon\\www\\laravel-skill-test\\vendor\\laravel\\framework\\src\\Illuminate\\Foundation\\Http\\Middleware\\VerifyCsrfToken.php(87): Illuminate\\Pipeline\\Pipeline->{closure:{closure:Illuminate\\Pipeline\\Pipeline::carry():183}:184}(Object(Illuminate\\Http\\Request))
#18 C:\\laragon\\www\\laravel-skill-test\\vendor\\laravel\\framework\\src\\Illuminate\\Pipeline\\Pipeline.php(208): Illuminate\\Foundation\\Http\\Middleware\\VerifyCsrfToken->handle(Object(Illuminate\\Http\\Request), Object(Closure))
#19 C:\\laragon\\www\\laravel-skill-test\\vendor\\laravel\\framework\\src\\Illuminate\\View\\Middleware\\ShareErrorsFromSession.php(48): Illuminate\\Pipeline\\Pipeline->{closure:{closure:Illuminate\\Pipeline\\Pipeline::carry():183}:184}(Object(Illuminate\\Http\\Request))
#20 C:\\laragon\\www\\laravel-skill-test\\vendor\\laravel\\framework\\src\\Illuminate\\Pipeline\\Pipeline.php(208): Illuminate\\View\\Middleware\\ShareErrorsFromSession->handle(Object(Illuminate\\Http\\Request), Object(Closure))
#21 C:\\laragon\\www\\laravel-skill-test\\vendor\\laravel\\framework\\src\\Illuminate\\Session\\Middleware\\StartSession.php(120): Illuminate\\Pipeline\\Pipeline->{closure:{closure:Illuminate\\Pipeline\\Pipeline::carry():183}:184}(Object(Illuminate\\Http\\Request))
#22 C:\\laragon\\www\\laravel-skill-test\\vendor\\laravel\\framework\\src\\Illuminate\\Session\\Middleware\\StartSession.php(63): Illuminate\\Session\\Middleware\\StartSession->handleStatefulRequest(Object(Illuminate\\Http\\Request), Object(Illuminate\\Session\\Store), Object(Closure))
#23 C:\\laragon\\www\\laravel-skill-test\\vendor\\laravel\\framework\\src\\Illuminate\\Pipeline\\Pipeline.php(208): Illuminate\\Session\\Middleware\\StartSession->handle(Object(Illuminate\\Http\\Request), Object(Closure))
#24 C:\\laragon\\www\\laravel-skill-test\\vendor\\laravel\\framework\\src\\Illuminate\\Cookie\\Middleware\\AddQueuedCookiesToResponse.php(36): Illuminate\\Pipeline\\Pipeline->{closure:{closure:Illuminate\\Pipeline\\Pipeline::carry():183}:184}(Object(Illuminate\\Http\\Request))
#25 C:\\laragon\\www\\laravel-skill-test\\vendor\\laravel\\framework\\src\\Illuminate\\Pipeline\\Pipeline.php(208): Illuminate\\Cookie\\Middleware\\AddQueuedCookiesToResponse->handle(Object(Illuminate\\Http\\Request), Object(Closure))
#26 C:\\laragon\\www\\laravel-skill-test\\vendor\\laravel\\framework\\src\\Illuminate\\Cookie\\Middleware\\EncryptCookies.php(74): Illuminate\\Pipeline\\Pipeline->{closure:{closure:Illuminate\\Pipeline\\Pipeline::carry():183}:184}(Object(Illuminate\\Http\\Request))
#27 C:\\laragon\\www\\laravel-skill-test\\vendor\\laravel\\framework\\src\\Illuminate\\Pipeline\\Pipeline.php(208): Illuminate\\Cookie\\Middleware\\EncryptCookies->handle(Object(Illuminate\\Http\\Request), Object(Closure))
#28 C:\\laragon\\www\\laravel-skill-test\\vendor\\laravel\\framework\\src\\Illuminate\\Pipeline\\Pipeline.php(126): Illuminate\\Pipeline\\Pipeline->{closure:{closure:Illuminate\\Pipeline\\Pipeline::carry():183}:184}(Object(Illuminate\\Http\\Request))
#29 C:\\laragon\\www\\laravel-skill-test\\vendor\\laravel\\framework\\src\\Illuminate\\Routing\\Router.php(807): Illuminate\\Pipeline\\Pipeline->then(Object(Closure))
#30 C:\\laragon\\www\\laravel-skill-test\\vendor\\laravel\\framework\\src\\Illuminate\\Routing\\Router.php(786): Illuminate\\Routing\\Router->runRouteWithinStack(Object(Illuminate\\Routing\\Route), Object(Illuminate\\Http\\Request))
#31 C:\\laragon\\www\\laravel-skill-test\\vendor\\laravel\\framework\\src\\Illuminate\\Routing\\Router.php(750): Illuminate\\Routing\\Router->runRoute(Object(Illuminate\\Http\\Request), Object(Illuminate\\Routing\\Route))
#32 C:\\laragon\\www\\laravel-skill-test\\vendor\\laravel\\framework\\src\\Illuminate\\Routing\\Router.php(739): Illuminate\\Routing\\Router->dispatchToRoute(Object(Illuminate\\Http\\Request))
#33 C:\\laragon\\www\\laravel-skill-test\\vendor\\laravel\\framework\\src\\Illuminate\\Foundation\\Http\\Kernel.php(200): Illuminate\\Routing\\Router->dispatch(Object(Illuminate\\Http\\Request))
#34 C:\\laragon\\www\\laravel-skill-test\\vendor\\laravel\\framework\\src\\Illuminate\\Pipeline\\Pipeline.php(169): Illuminate\\Foundation\\Http\\Kernel->{closure:Illuminate\\Foundation\\Http\\Kernel::dispatchToRouter():197}(Object(Illuminate\\Http\\Request))
#35 C:\\laragon\\www\\laravel-skill-test\\vendor\\barryvdh\\laravel-debugbar\\src\\Middleware\\InjectDebugbar.php(66): Illuminate\\Pipeline\\Pipeline->{closure:Illuminate\\Pipeline\\Pipeline::prepareDestination():167}(Object(Illuminate\\Http\\Request))
#36 C:\\laragon\\www\\laravel-skill-test\\vendor\\laravel\\framework\\src\\Illuminate\\Pipeline\\Pipeline.php(208): Barryvdh\\Debugbar\\Middleware\\InjectDebugbar->handle(Object(Illuminate\\Http\\Request), Object(Closure))
#37 C:\\laragon\\www\\laravel-skill-test\\vendor\\laravel\\framework\\src\\Illuminate\\Foundation\\Http\\Middleware\\TransformsRequest.php(21): Illuminate\\Pipeline\\Pipeline->{closure:{closure:Illuminate\\Pipeline\\Pipeline::carry():183}:184}(Object(Illuminate\\Http\\Request))
#38 C:\\laragon\\www\\laravel-skill-test\\vendor\\laravel\\framework\\src\\Illuminate\\Foundation\\Http\\Middleware\\ConvertEmptyStringsToNull.php(31): Illuminate\\Foundation\\Http\\Middleware\\TransformsRequest->handle(Object(Illuminate\\Http\\Request), Object(Closure))
#39 C:\\laragon\\www\\laravel-skill-test\\vendor\\laravel\\framework\\src\\Illuminate\\Pipeline\\Pipeline.php(208): Illuminate\\Foundation\\Http\\Middleware\\ConvertEmptyStringsToNull->handle(Object(Illuminate\\Http\\Request), Object(Closure))
#40 C:\\laragon\\www\\laravel-skill-test\\vendor\\laravel\\framework\\src\\Illuminate\\Foundation\\Http\\Middleware\\TransformsRequest.php(21): Illuminate\\Pipeline\\Pipeline->{closure:{closure:Illuminate\\Pipeline\\Pipeline::carry():183}:184}(Object(Illuminate\\Http\\Request))
#41 C:\\laragon\\www\\laravel-skill-test\\vendor\\laravel\\framework\\src\\Illuminate\\Foundation\\Http\\Middleware\\TrimStrings.php(51): Illuminate\\Foundation\\Http\\Middleware\\TransformsRequest->handle(Object(Illuminate\\Http\\Request), Object(Closure))
#42 C:\\laragon\\www\\laravel-skill-test\\vendor\\laravel\\framework\\src\\Illuminate\\Pipeline\\Pipeline.php(208): Illuminate\\Foundation\\Http\\Middleware\\TrimStrings->handle(Object(Illuminate\\Http\\Request), Object(Closure))
#43 C:\\laragon\\www\\laravel-skill-test\\vendor\\laravel\\framework\\src\\Illuminate\\Http\\Middleware\\ValidatePostSize.php(27): Illuminate\\Pipeline\\Pipeline->{closure:{closure:Illuminate\\Pipeline\\Pipeline::carry():183}:184}(Object(Illuminate\\Http\\Request))
#44 C:\\laragon\\www\\laravel-skill-test\\vendor\\laravel\\framework\\src\\Illuminate\\Pipeline\\Pipeline.php(208): Illuminate\\Http\\Middleware\\ValidatePostSize->handle(Object(Illuminate\\Http\\Request), Object(Closure))
#45 C:\\laragon\\www\\laravel-skill-test\\vendor\\laravel\\framework\\src\\Illuminate\\Foundation\\Http\\Middleware\\PreventRequestsDuringMaintenance.php(109): Illuminate\\Pipeline\\Pipeline->{closure:{closure:Illuminate\\Pipeline\\Pipeline::carry():183}:184}(Object(Illuminate\\Http\\Request))
#46 C:\\laragon\\www\\laravel-skill-test\\vendor\\laravel\\framework\\src\\Illuminate\\Pipeline\\Pipeline.php(208): Illuminate\\Foundation\\Http\\Middleware\\PreventRequestsDuringMaintenance->handle(Object(Illuminate\\Http\\Request), Object(Closure))
#47 C:\\laragon\\www\\laravel-skill-test\\vendor\\laravel\\framework\\src\\Illuminate\\Http\\Middleware\\HandleCors.php(48): Illuminate\\Pipeline\\Pipeline->{closure:{closure:Illuminate\\Pipeline\\Pipeline::carry():183}:184}(Object(Illuminate\\Http\\Request))
#48 C:\\laragon\\www\\laravel-skill-test\\vendor\\laravel\\framework\\src\\Illuminate\\Pipeline\\Pipeline.php(208): Illuminate\\Http\\Middleware\\HandleCors->handle(Object(Illuminate\\Http\\Request), Object(Closure))
#49 C:\\laragon\\www\\laravel-skill-test\\vendor\\laravel\\framework\\src\\Illuminate\\Http\\Middleware\\TrustProxies.php(58): Illuminate\\Pipeline\\Pipeline->{closure:{closure:Illuminate\\Pipeline\\Pipeline::carry():183}:184}(Object(Illuminate\\Http\\Request))
#50 C:\\laragon\\www\\laravel-skill-test\\vendor\\laravel\\framework\\src\\Illuminate\\Pipeline\\Pipeline.php(208): Illuminate\\Http\\Middleware\\TrustProxies->handle(Object(Illuminate\\Http\\Request), Object(Closure))
#51 C:\\laragon\\www\\laravel-skill-test\\vendor\\laravel\\framework\\src\\Illuminate\\Foundation\\Http\\Middleware\\InvokeDeferredCallbacks.php(22): Illuminate\\Pipeline\\Pipeline->{closure:{closure:Illuminate\\Pipeline\\Pipeline::carry():183}:184}(Object(Illuminate\\Http\\Request))
#52 C:\\laragon\\www\\laravel-skill-test\\vendor\\laravel\\framework\\src\\Illuminate\\Pipeline\\Pipeline.php(208): Illuminate\\Foundation\\Http\\Middleware\\InvokeDeferredCallbacks->handle(Object(Illuminate\\Http\\Request), Object(Closure))
#53 C:\\laragon\\www\\laravel-skill-test\\vendor\\laravel\\framework\\src\\Illuminate\\Http\\Middleware\\ValidatePathEncoding.php(26): Illuminate\\Pipeline\\Pipeline->{closure:{closure:Illuminate\\Pipeline\\Pipeline::carry():183}:184}(Object(Illuminate\\Http\\Request))
#54 C:\\laragon\\www\\laravel-skill-test\\vendor\\laravel\\framework\\src\\Illuminate\\Pipeline\\Pipeline.php(208): Illuminate\\Http\\Middleware\\ValidatePathEncoding->handle(Object(Illuminate\\Http\\Request), Object(Closure))
#55 C:\\laragon\\www\\laravel-skill-test\\vendor\\laravel\\framework\\src\\Illuminate\\Pipeline\\Pipeline.php(126): Illuminate\\Pipeline\\Pipeline->{closure:{closure:Illuminate\\Pipeline\\Pipeline::carry():183}:184}(Object(Illuminate\\Http\\Request))
#56 C:\\laragon\\www\\laravel-skill-test\\vendor\\laravel\\framework\\src\\Illuminate\\Foundation\\Http\\Kernel.php(175): Illuminate\\Pipeline\\Pipeline->then(Object(Closure))
#57 C:\\laragon\\www\\laravel-skill-test\\vendor\\laravel\\framework\\src\\Illuminate\\Foundation\\Http\\Kernel.php(144): Illuminate\\Foundation\\Http\\Kernel->sendRequestThroughRouter(Object(Illuminate\\Http\\Request))
#58 C:\\laragon\\www\\laravel-skill-test\\vendor\\laravel\\framework\\src\\Illuminate\\Foundation\\Application.php(1219): Illuminate\\Foundation\\Http\\Kernel->handle(Object(Illuminate\\Http\\Request))
#59 C:\\laragon\\www\\laravel-skill-test\\public\\index.php(20): Illuminate\\Foundation\\Application->handleRequest(Object(Illuminate\\Http\\Request))
#60 C:\\laragon\\www\\laravel-skill-test\\vendor\\laravel\\framework\\src\\Illuminate\\Foundation\\resources\\server.php(23): require_once('C:\\\\laragon\\\\www\\\\...')
#61 {main}
"} 
[2026-02-09 06:49:59] local.ERROR: Non-static method Illuminate\Auth\Access\Gate::authorize() cannot be called statically {"userId":1,"exception":"[object] (Error(code: 0): Non-static method Illuminate\\Auth\\Access\\Gate::authorize() cannot be called statically at C:\\laragon\\www\\laravel-skill-test\\app\\Http\\Controllers\\PostController.php:69)
[stacktrace]
#0 C:\\laragon\\www\\laravel-skill-test\\vendor\\laravel\\framework\\src\\Illuminate\\Routing\\ControllerDispatcher.php(46): App\\Http\\Controllers\\PostController->edit(Object(App\\Models\\Post))
#1 C:\\laragon\\www\\laravel-skill-test\\vendor\\laravel\\framework\\src\\Illuminate\\Routing\\Route.php(265): Illuminate\\Routing\\ControllerDispatcher->dispatch(Object(Illuminate\\Routing\\Route), Object(App\\Http\\Controllers\\PostController), 'edit')
#2 C:\\laragon\\www\\laravel-skill-test\\vendor\\laravel\\framework\\src\\Illuminate\\Routing\\Route.php(211): Illuminate\\Routing\\Route->runController()
#3 C:\\laragon\\www\\laravel-skill-test\\vendor\\laravel\\framework\\src\\Illuminate\\Routing\\Router.php(808): Illuminate\\Routing\\Route->run()
#4 C:\\laragon\\www\\laravel-skill-test\\vendor\\laravel\\framework\\src\\Illuminate\\Pipeline\\Pipeline.php(169): Illuminate\\Routing\\Router->{closure:Illuminate\\Routing\\Router::runRouteWithinStack():807}(Object(Illuminate\\Http\\Request))
#5 C:\\laragon\\www\\laravel-skill-test\\vendor\\barryvdh\\laravel-debugbar\\src\\Middleware\\InjectDebugbar.php(66): Illuminate\\Pipeline\\Pipeline->{closure:Illuminate\\Pipeline\\Pipeline::prepareDestination():167}(Object(Illuminate\\Http\\Request))
#6 C:\\laragon\\www\\laravel-skill-test\\vendor\\laravel\\framework\\src\\Illuminate\\Pipeline\\Pipeline.php(208): Barryvdh\\Debugbar\\Middleware\\InjectDebugbar->handle(Object(Illuminate\\Http\\Request), Object(Closure))
#7 C:\\laragon\\www\\laravel-skill-test\\vendor\\laravel\\framework\\src\\Illuminate\\Http\\Middleware\\AddLinkHeadersForPreloadedAssets.php(32): Illuminate\\Pipeline\\Pipeline->{closure:{closure:Illuminate\\Pipeline\\Pipeline::carry():183}:184}(Object(Illuminate\\Http\\Request))
#8 C:\\laragon\\www\\laravel-skill-test\\vendor\\laravel\\framework\\src\\Illuminate\\Pipeline\\Pipeline.php(208): Illuminate\\Http\\Middleware\\AddLinkHeadersForPreloadedAssets->handle(Object(Illuminate\\Http\\Request), Object(Closure))
#9 C:\\laragon\\www\\laravel-skill-test\\vendor\\inertiajs\\inertia-laravel\\src\\Middleware.php(86): Illuminate\\Pipeline\\Pipeline->{closure:{closure:Illuminate\\Pipeline\\Pipeline::carry():183}:184}(Object(Illuminate\\Http\\Request))
#10 C:\\laragon\\www\\laravel-skill-test\\vendor\\laravel\\framework\\src\\Illuminate\\Pipeline\\Pipeline.php(208): Inertia\\Middleware->handle(Object(Illuminate\\Http\\Request), Object(Closure))
#11 C:\\laragon\\www\\laravel-skill-test\\app\\Http\\Middleware\\HandleAppearance.php(21): Illuminate\\Pipeline\\Pipeline->{closure:{closure:Illuminate\\Pipeline\\Pipeline::carry():183}:184}(Object(Illuminate\\Http\\Request))
#12 C:\\laragon\\www\\laravel-skill-test\\vendor\\laravel\\framework\\src\\Illuminate\\Pipeline\\Pipeline.php(208): App\\Http\\Middleware\\HandleAppearance->handle(Object(Illuminate\\Http\\Request), Object(Closure))
#13 C:\\laragon\\www\\laravel-skill-test\\vendor\\laravel\\framework\\src\\Illuminate\\Routing\\Middleware\\SubstituteBindings.php(50): Illuminate\\Pipeline\\Pipeline->{closure:{closure:Illuminate\\Pipeline\\Pipeline::carry():183}:184}(Object(Illuminate\\Http\\Request))
#14 C:\\laragon\\www\\laravel-skill-test\\vendor\\laravel\\framework\\src\\Illuminate\\Pipeline\\Pipeline.php(208): Illuminate\\Routing\\Middleware\\SubstituteBindings->handle(Object(Illuminate\\Http\\Request), Object(Closure))
#15 C:\\laragon\\www\\laravel-skill-test\\vendor\\laravel\\framework\\src\\Illuminate\\Auth\\Middleware\\Authenticate.php(63): Illuminate\\Pipeline\\Pipeline->{closure:{closure:Illuminate\\Pipeline\\Pipeline::carry():183}:184}(Object(Illuminate\\Http\\Request))
#16 C:\\laragon\\www\\laravel-skill-test\\vendor\\laravel\\framework\\src\\Illuminate\\Pipeline\\Pipeline.php(208): Illuminate\\Auth\\Middleware\\Authenticate->handle(Object(Illuminate\\Http\\Request), Object(Closure))
#17 C:\\laragon\\www\\laravel-skill-test\\vendor\\laravel\\framework\\src\\Illuminate\\Foundation\\Http\\Middleware\\VerifyCsrfToken.php(87): Illuminate\\Pipeline\\Pipeline->{closure:{closure:Illuminate\\Pipeline\\Pipeline::carry():183}:184}(Object(Illuminate\\Http\\Request))
#18 C:\\laragon\\www\\laravel-skill-test\\vendor\\laravel\\framework\\src\\Illuminate\\Pipeline\\Pipeline.php(208): Illuminate\\Foundation\\Http\\Middleware\\VerifyCsrfToken->handle(Object(Illuminate\\Http\\Request), Object(Closure))
#19 C:\\laragon\\www\\laravel-skill-test\\vendor\\laravel\\framework\\src\\Illuminate\\View\\Middleware\\ShareErrorsFromSession.php(48): Illuminate\\Pipeline\\Pipeline->{closure:{closure:Illuminate\\Pipeline\\Pipeline::carry():183}:184}(Object(Illuminate\\Http\\Request))
#20 C:\\laragon\\www\\laravel-skill-test\\vendor\\laravel\\framework\\src\\Illuminate\\Pipeline\\Pipeline.php(208): Illuminate\\View\\Middleware\\ShareErrorsFromSession->handle(Object(Illuminate\\Http\\Request), Object(Closure))
#21 C:\\laragon\\www\\laravel-skill-test\\vendor\\laravel\\framework\\src\\Illuminate\\Session\\Middleware\\StartSession.php(120): Illuminate\\Pipeline\\Pipeline->{closure:{closure:Illuminate\\Pipeline\\Pipeline::carry():183}:184}(Object(Illuminate\\Http\\Request))
#22 C:\\laragon\\www\\laravel-skill-test\\vendor\\laravel\\framework\\src\\Illuminate\\Session\\Middleware\\StartSession.php(63): Illuminate\\Session\\Middleware\\StartSession->handleStatefulRequest(Object(Illuminate\\Http\\Request), Object(Illuminate\\Session\\Store), Object(Closure))
#23 C:\\laragon\\www\\laravel-skill-test\\vendor\\laravel\\framework\\src\\Illuminate\\Pipeline\\Pipeline.php(208): Illuminate\\Session\\Middleware\\StartSession->handle(Object(Illuminate\\Http\\Request), Object(Closure))
#24 C:\\laragon\\www\\laravel-skill-test\\vendor\\laravel\\framework\\src\\Illuminate\\Cookie\\Middleware\\AddQueuedCookiesToResponse.php(36): Illuminate\\Pipeline\\Pipeline->{closure:{closure:Illuminate\\Pipeline\\Pipeline::carry():183}:184}(Object(Illuminate\\Http\\Request))
#25 C:\\laragon\\www\\laravel-skill-test\\vendor\\laravel\\framework\\src\\Illuminate\\Pipeline\\Pipeline.php(208): Illuminate\\Cookie\\Middleware\\AddQueuedCookiesToResponse->handle(Object(Illuminate\\Http\\Request), Object(Closure))
#26 C:\\laragon\\www\\laravel-skill-test\\vendor\\laravel\\framework\\src\\Illuminate\\Cookie\\Middleware\\EncryptCookies.php(74): Illuminate\\Pipeline\\Pipeline->{closure:{closure:Illuminate\\Pipeline\\Pipeline::carry():183}:184}(Object(Illuminate\\Http\\Request))
#27 C:\\laragon\\www\\laravel-skill-test\\vendor\\laravel\\framework\\src\\Illuminate\\Pipeline\\Pipeline.php(208): Illuminate\\Cookie\\Middleware\\EncryptCookies->handle(Object(Illuminate\\Http\\Request), Object(Closure))
#28 C:\\laragon\\www\\laravel-skill-test\\vendor\\laravel\\framework\\src\\Illuminate\\Pipeline\\Pipeline.php(126): Illuminate\\Pipeline\\Pipeline->{closure:{closure:Illuminate\\Pipeline\\Pipeline::carry():183}:184}(Object(Illuminate\\Http\\Request))
#29 C:\\laragon\\www\\laravel-skill-test\\vendor\\laravel\\framework\\src\\Illuminate\\Routing\\Router.php(807): Illuminate\\Pipeline\\Pipeline->then(Object(Closure))
#30 C:\\laragon\\www\\laravel-skill-test\\vendor\\laravel\\framework\\src\\Illuminate\\Routing\\Router.php(786): Illuminate\\Routing\\Router->runRouteWithinStack(Object(Illuminate\\Routing\\Route), Object(Illuminate\\Http\\Request))
#31 C:\\laragon\\www\\laravel-skill-test\\vendor\\laravel\\framework\\src\\Illuminate\\Routing\\Router.php(750): Illuminate\\Routing\\Router->runRoute(Object(Illuminate\\Http\\Request), Object(Illuminate\\Routing\\Route))
#32 C:\\laragon\\www\\laravel-skill-test\\vendor\\laravel\\framework\\src\\Illuminate\\Routing\\Router.php(739): Illuminate\\Routing\\Router->dispatchToRoute(Object(Illuminate\\Http\\Request))
#33 C:\\laragon\\www\\laravel-skill-test\\vendor\\laravel\\framework\\src\\Illuminate\\Foundation\\Http\\Kernel.php(200): Illuminate\\Routing\\Router->dispatch(Object(Illuminate\\Http\\Request))
#34 C:\\laragon\\www\\laravel-skill-test\\vendor\\laravel\\framework\\src\\Illuminate\\Pipeline\\Pipeline.php(169): Illuminate\\Foundation\\Http\\Kernel->{closure:Illuminate\\Foundation\\Http\\Kernel::dispatchToRouter():197}(Object(Illuminate\\Http\\Request))
#35 C:\\laragon\\www\\laravel-skill-test\\vendor\\barryvdh\\laravel-debugbar\\src\\Middleware\\InjectDebugbar.php(66): Illuminate\\Pipeline\\Pipeline->{closure:Illuminate\\Pipeline\\Pipeline::prepareDestination():167}(Object(Illuminate\\Http\\Request))
#36 C:\\laragon\\www\\laravel-skill-test\\vendor\\laravel\\framework\\src\\Illuminate\\Pipeline\\Pipeline.php(208): Barryvdh\\Debugbar\\Middleware\\InjectDebugbar->handle(Object(Illuminate\\Http\\Request), Object(Closure))
#37 C:\\laragon\\www\\laravel-skill-test\\vendor\\laravel\\framework\\src\\Illuminate\\Foundation\\Http\\Middleware\\TransformsRequest.php(21): Illuminate\\Pipeline\\Pipeline->{closure:{closure:Illuminate\\Pipeline\\Pipeline::carry():183}:184}(Object(Illuminate\\Http\\Request))
#38 C:\\laragon\\www\\laravel-skill-test\\vendor\\laravel\\framework\\src\\Illuminate\\Foundation\\Http\\Middleware\\ConvertEmptyStringsToNull.php(31): Illuminate\\Foundation\\Http\\Middleware\\TransformsRequest->handle(Object(Illuminate\\Http\\Request), Object(Closure))
#39 C:\\laragon\\www\\laravel-skill-test\\vendor\\laravel\\framework\\src\\Illuminate\\Pipeline\\Pipeline.php(208): Illuminate\\Foundation\\Http\\Middleware\\ConvertEmptyStringsToNull->handle(Object(Illuminate\\Http\\Request), Object(Closure))
#40 C:\\laragon\\www\\laravel-skill-test\\vendor\\laravel\\framework\\src\\Illuminate\\Foundation\\Http\\Middleware\\TransformsRequest.php(21): Illuminate\\Pipeline\\Pipeline->{closure:{closure:Illuminate\\Pipeline\\Pipeline::carry():183}:184}(Object(Illuminate\\Http\\Request))
#41 C:\\laragon\\www\\laravel-skill-test\\vendor\\laravel\\framework\\src\\Illuminate\\Foundation\\Http\\Middleware\\TrimStrings.php(51): Illuminate\\Foundation\\Http\\Middleware\\TransformsRequest->handle(Object(Illuminate\\Http\\Request), Object(Closure))
#42 C:\\laragon\\www\\laravel-skill-test\\vendor\\laravel\\framework\\src\\Illuminate\\Pipeline\\Pipeline.php(208): Illuminate\\Foundation\\Http\\Middleware\\TrimStrings->handle(Object(Illuminate\\Http\\Request), Object(Closure))
#43 C:\\laragon\\www\\laravel-skill-test\\vendor\\laravel\\framework\\src\\Illuminate\\Http\\Middleware\\ValidatePostSize.php(27): Illuminate\\Pipeline\\Pipeline->{closure:{closure:Illuminate\\Pipeline\\Pipeline::carry():183}:184}(Object(Illuminate\\Http\\Request))
#44 C:\\laragon\\www\\laravel-skill-test\\vendor\\laravel\\framework\\src\\Illuminate\\Pipeline\\Pipeline.php(208): Illuminate\\Http\\Middleware\\ValidatePostSize->handle(Object(Illuminate\\Http\\Request), Object(Closure))
#45 C:\\laragon\\www\\laravel-skill-test\\vendor\\laravel\\framework\\src\\Illuminate\\Foundation\\Http\\Middleware\\PreventRequestsDuringMaintenance.php(109): Illuminate\\Pipeline\\Pipeline->{closure:{closure:Illuminate\\Pipeline\\Pipeline::carry():183}:184}(Object(Illuminate\\Http\\Request))
#46 C:\\laragon\\www\\laravel-skill-test\\vendor\\laravel\\framework\\src\\Illuminate\\Pipeline\\Pipeline.php(208): Illuminate\\Foundation\\Http\\Middleware\\PreventRequestsDuringMaintenance->handle(Object(Illuminate\\Http\\Request), Object(Closure))
#47 C:\\laragon\\www\\laravel-skill-test\\vendor\\laravel\\framework\\src\\Illuminate\\Http\\Middleware\\HandleCors.php(48): Illuminate\\Pipeline\\Pipeline->{closure:{closure:Illuminate\\Pipeline\\Pipeline::carry():183}:184}(Object(Illuminate\\Http\\Request))
#48 C:\\laragon\\www\\laravel-skill-test\\vendor\\laravel\\framework\\src\\Illuminate\\Pipeline\\Pipeline.php(208): Illuminate\\Http\\Middleware\\HandleCors->handle(Object(Illuminate\\Http\\Request), Object(Closure))
#49 C:\\laragon\\www\\laravel-skill-test\\vendor\\laravel\\framework\\src\\Illuminate\\Http\\Middleware\\TrustProxies.php(58): Illuminate\\Pipeline\\Pipeline->{closure:{closure:Illuminate\\Pipeline\\Pipeline::carry():183}:184}(Object(Illuminate\\Http\\Request))
#50 C:\\laragon\\www\\laravel-skill-test\\vendor\\laravel\\framework\\src\\Illuminate\\Pipeline\\Pipeline.php(208): Illuminate\\Http\\Middleware\\TrustProxies->handle(Object(Illuminate\\Http\\Request), Object(Closure))
#51 C:\\laragon\\www\\laravel-skill-test\\vendor\\laravel\\framework\\src\\Illuminate\\Foundation\\Http\\Middleware\\InvokeDeferredCallbacks.php(22): Illuminate\\Pipeline\\Pipeline->{closure:{closure:Illuminate\\Pipeline\\Pipeline::carry():183}:184}(Object(Illuminate\\Http\\Request))
#52 C:\\laragon\\www\\laravel-skill-test\\vendor\\laravel\\framework\\src\\Illuminate\\Pipeline\\Pipeline.php(208): Illuminate\\Foundation\\Http\\Middleware\\InvokeDeferredCallbacks->handle(Object(Illuminate\\Http\\Request), Object(Closure))
#53 C:\\laragon\\www\\laravel-skill-test\\vendor\\laravel\\framework\\src\\Illuminate\\Http\\Middleware\\ValidatePathEncoding.php(26): Illuminate\\Pipeline\\Pipeline->{closure:{closure:Illuminate\\Pipeline\\Pipeline::carry():183}:184}(Object(Illuminate\\Http\\Request))
#54 C:\\laragon\\www\\laravel-skill-test\\vendor\\laravel\\framework\\src\\Illuminate\\Pipeline\\Pipeline.php(208): Illuminate\\Http\\Middleware\\ValidatePathEncoding->handle(Object(Illuminate\\Http\\Request), Object(Closure))
#55 C:\\laragon\\www\\laravel-skill-test\\vendor\\laravel\\framework\\src\\Illuminate\\Pipeline\\Pipeline.php(126): Illuminate\\Pipeline\\Pipeline->{closure:{closure:Illuminate\\Pipeline\\Pipeline::carry():183}:184}(Object(Illuminate\\Http\\Request))
#56 C:\\laragon\\www\\laravel-skill-test\\vendor\\laravel\\framework\\src\\Illuminate\\Foundation\\Http\\Kernel.php(175): Illuminate\\Pipeline\\Pipeline->then(Object(Closure))
#57 C:\\laragon\\www\\laravel-skill-test\\vendor\\laravel\\framework\\src\\Illuminate\\Foundation\\Http\\Kernel.php(144): Illuminate\\Foundation\\Http\\Kernel->sendRequestThroughRouter(Object(Illuminate\\Http\\Request))
#58 C:\\laragon\\www\\laravel-skill-test\\vendor\\laravel\\framework\\src\\Illuminate\\Foundation\\Application.php(1219): Illuminate\\Foundation\\Http\\Kernel->handle(Object(Illuminate\\Http\\Request))
#59 C:\\laragon\\www\\laravel-skill-test\\public\\index.php(20): Illuminate\\Foundation\\Application->handleRequest(Object(Illuminate\\Http\\Request))
#60 C:\\laragon\\www\\laravel-skill-test\\vendor\\laravel\\framework\\src\\Illuminate\\Foundation\\resources\\server.php(23): require_once('C:\\\\laragon\\\\www\\\\...')
#61 {main}
"} 
